{"v":1,"rivers":{"type":"FeatureCollection","features":[{"type":"Feature","properties":{"r":4,"n":"Jizera"},"geometry":{"type":"LineString","coordinates":[[15.3287,50.6114],[15.3185,50.6138],[15.3089,50.6166],[15.303,50.6248],[15.298,50.6336],[15.2876,50.6356],[15.2782,50.6391],[15.2666,50.6405],[15.2567,50.6423],[15.2472,50.6385],[15.2376,50.6415],[15.2287,50.6462],[15.2204,50.652],[15.2107,50.649],[15.2012,50.6431],[15.1911,50.6381],[15.1894,50.6282],[15.1796,50.6257],[15.1716,50.6176],[15.1814,50.613],[15.1901,50.6182],[15.1882,50.6079],[15.1801,50.6012],[15.17,50.602],[15.16,50.597],[15.1516,50.5899],[15.1472,50.5808],[15.1366,50.578],[15.1255,50.5802],[15.1151,50.5812],[15.1044,50.5806],[15.0954,50.5756],[15.09,50.5667],[15.0793,50.563],[15.0675,50.5654],[15.0589,50.571],[15.0498,50.5663],[15.0395,50.5616],[15.0375,50.5518],[15.0272,50.5521],[15.0182,50.5582],[15.0058,50.5595],[14.9942,50.5626],[14.9849,50.5581],[14.9742,50.5554],[14.9647,50.551],[14.9646,50.5403],[14.9637,50.5292],[14.9561,50.5226],[14.9615,50.5139],[14.9548,50.5049],[14.9452,50.5007],[14.9355,50.4979],[14.9309,50.4889],[14.9273,50.4795],[14.926,50.4693],[14.9176,50.4624],[14.9095,50.4557],[14.8981,50.4566],[14.8914,50.4472],[14.889,50.4374],[14.8966,50.4301],[14.8947,50.4201],[14.8962,50.4101],[14.8876,50.4046],[14.8773,50.4035],[14.8734,50.3934],[14.8732,50.3831],[14.8695,50.3735],[14.8627,50.3658],[14.8592,50.3552],[14.857,50.3452],[14.8569,50.3344],[14.8564,50.3242],[14.8543,50.3143],[14.846,50.3086],[14.8468,50.2985],[14.8346,50.2939],[14.8257,50.2889],[14.8158,50.2846],[14.8084,50.2775],[14.7991,50.2732],[14.789,50.2724],[14.7784,50.2701]]}},{"type":"Feature","properties":{"r":4,"n":"Cidlina"},"geometry":{"type":"LineString","coordinates":[[15.3638,50.4591],[15.3579,50.4509],[15.3497,50.444],[15.3473,50.4342],[15.3552,50.4274],[15.3512,50.4182],[15.36,50.4128],[15.3696,50.4097],[15.3779,50.404],[15.3835,50.3956],[15.3903,50.3867],[15.3998,50.3788],[15.3982,50.3689],[15.4082,50.3674],[15.4097,50.3569],[15.4199,50.3581],[15.4231,50.3486],[15.4317,50.3434],[15.4361,50.3343],[15.4322,50.3249],[15.4325,50.3146],[15.4413,50.3094],[15.4518,50.3082],[15.4618,50.3096],[15.4705,50.3046],[15.4781,50.298],[15.4856,50.2909],[15.4954,50.2864],[15.5022,50.279],[15.5078,50.2701],[15.5094,50.2597],[15.5115,50.2478],[15.5036,50.2416],[15.5051,50.2305],[15.5072,50.2206],[15.5095,50.2063],[15.4987,50.1959],[15.4946,50.1857],[15.4895,50.177],[15.4862,50.1671],[15.4766,50.1633],[15.4666,50.159],[15.4655,50.149],[15.4572,50.1432],[15.451,50.1352],[15.4458,50.1266],[15.4361,50.1235],[15.4258,50.1234],[15.4167,50.1281],[15.4073,50.1322],[15.3977,50.1359],[15.3871,50.1379],[15.3779,50.1423],[15.3667,50.1412],[15.355,50.1445],[15.3432,50.1439],[15.3332,50.1426],[15.3131,50.1474],[15.3031,50.1465],[15.2934,50.1409],[15.2843,50.1358],[15.2745,50.1333],[15.2649,50.1371],[15.2553,50.1335],[15.2461,50.1269],[15.236,50.1285],[15.2256,50.127],[15.2153,50.129],[15.2068,50.1236],[15.1972,50.1272],[15.1868,50.1251],[15.1775,50.1214],[15.1658,50.1219]]}},{"type":"Feature","properties":{"r":4,"n":"IJssel"},"geometry":{"type":"LineString","coordinates":[[6.1915,52.168],[6.1919,52.1781],[6.1817,52.1812],[6.1729,52.187],[6.1622,52.1894],[6.157,52.1981],[6.1674,52.2011],[6.1773,52.203],[6.1872,52.206],[6.1901,52.2162],[6.1816,52.2225],[6.1723,52.2272],[6.1626,52.2332],[6.1641,52.2434],[6.1545,52.2501],[6.146,52.2554],[6.1351,52.2595],[6.1253,52.263],[6.1183,52.2741],[6.1113,52.282],[6.1071,52.2916],[6.1017,52.3006],[6.1029,52.3109],[6.095,52.3172],[6.0941,52.3278],[6.0984,52.3385],[6.1041,52.347],[6.0963,52.3546],[6.0878,52.3613],[6.0777,52.3644],[6.0841,52.3725],[6.0952,52.3738],[6.1052,52.3759],[6.1175,52.3781],[6.1258,52.3841],[6.1261,52.3944],[6.1311,52.4033],[6.1352,52.4128],[6.1303,52.4227],[6.1221,52.4306],[6.1145,52.4376],[6.1052,52.4423],[6.1036,52.4528],[6.1019,52.4654],[6.0955,52.4734],[6.0845,52.4785],[6.0739,52.4809],[6.0642,52.4873],[6.0586,52.4959],[6.0491,52.5024],[6.0381,52.5071],[6.0279,52.5096],[6.0177,52.5145],[6.0175,52.5252],[6.0101,52.5323],[5.9996,52.5306],[5.9908,52.5255],[5.9806,52.5217],[5.9718,52.5167],[5.9614,52.518],[5.9581,52.5287],[5.9502,52.537],[5.9359,52.5402],[5.9284,52.5474],[5.9205,52.5586]]}},{"type":"Feature","properties":{"r":6,"n":"Küstenkanal"},"geometry":{"type":"LineString","coordinates":[[7.3675,52.9832],[7.384,52.9836],[7.3945,52.9842],[7.413,52.9872],[7.4271,52.9895],[7.4417,52.9919],[7.4527,52.9938],[7.4693,52.9985],[7.4824,53.0028],[7.4938,53.0066],[7.505,53.0102],[7.5164,53.0124],[7.5346,53.0132],[7.5482,53.0136],[7.5685,53.0143],[7.579,53.0146],[7.5971,53.0151],[7.6136,53.0157],[7.6277,53.0161],[7.6426,53.0166],[7.6577,53.0171],[7.6727,53.0176],[7.6871,53.0181],[7.6994,53.0192],[7.733,53.0242],[7.7469,53.0264],[7.7605,53.0284],[7.7716,53.0302],[7.7822,53.034],[7.7898,53.0406],[7.7964,53.0482],[7.8046,53.0578],[7.8139,53.0684],[7.8207,53.0762],[7.8299,53.0825],[7.8427,53.0874],[7.8706,53.091],[7.8874,53.0912],[7.9092,53.0912],[7.9302,53.0885],[7.9461,53.0863],[7.9566,53.0853],[7.973,53.0846],[7.9868,53.084],[8.0049,53.0862],[8.0199,53.0882],[8.031,53.0897],[8.0438,53.0897],[8.0539,53.0897],[8.0647,53.0898],[8.075,53.0911],[8.0901,53.0971],[8.1033,53.1023],[8.1143,53.105],[8.1249,53.1073],[8.1356,53.1079],[8.1463,53.1082],[8.1563,53.1085],[8.1694,53.1089],[8.1827,53.1108],[8.194,53.1147],[8.2068,53.1216]]}},{"type":"Feature","properties":{"r":4,"n":"Flöha"},"geometry":{"type":"LineString","coordinates":[[13.4994,50.6939],[13.49,50.6901],[13.4804,50.6864],[13.4717,50.681],[13.4647,50.6738],[13.4547,50.6722],[13.4459,50.6665],[13.4359,50.6668],[13.426,50.6652],[13.4159,50.6625],[13.4067,50.6584],[13.4026,50.6492],[13.3927,50.6464],[13.3824,50.645],[13.3736,50.6506],[13.3631,50.6512],[13.3526,50.6534],[13.3436,50.6578],[13.3349,50.663],[13.3238,50.6657],[13.3132,50.668],[13.3027,50.6678],[13.2942,50.6734],[13.2858,50.679],[13.2751,50.6807],[13.2647,50.6825],[13.2574,50.6901],[13.2473,50.6893],[13.2432,50.6985],[13.2353,50.7047],[13.2255,50.7102],[13.2274,50.7205],[13.217,50.7207],[13.2111,50.7289],[13.2012,50.7329],[13.1933,50.7405],[13.1923,50.7507],[13.187,50.7596],[13.1762,50.7587],[13.1675,50.7638],[13.1642,50.7734],[13.1569,50.7806],[13.1546,50.7906],[13.1449,50.7934],[13.1395,50.8021],[13.1434,50.8114],[13.1393,50.8208],[13.1302,50.8258],[13.138,50.8331],[13.1312,50.8409],[13.1212,50.8433],[13.1218,50.8534],[13.1121,50.8561],[13.1028,50.851],[13.0928,50.8533],[13.0846,50.8594],[13.0747,50.8614],[13.0641,50.8578]]}},{"type":"Feature","properties":{"r":4,"n":"Hase"},"geometry":{"type":"LineString","coordinates":[[7.8759,52.7212],[7.8624,52.7207],[7.8523,52.7213],[7.8382,52.7187],[7.8281,52.7162],[7.8184,52.7189],[7.8076,52.7221],[7.7971,52.7208],[7.7874,52.718],[7.7787,52.7241],[7.7709,52.7309],[7.7609,52.7316],[7.7494,52.7305],[7.7389,52.726],[7.7288,52.7244],[7.7189,52.7214],[7.7097,52.7174],[7.7024,52.7091],[7.6928,52.7062],[7.6823,52.7046],[7.6724,52.7029],[7.6623,52.7031],[7.6532,52.6988],[7.6468,52.6909],[7.6416,52.6821],[7.6307,52.6818],[7.6209,52.6785],[7.6109,52.6778],[7.6018,52.6835],[7.5921,52.6862],[7.579,52.6871],[7.5687,52.6873],[7.5594,52.6831],[7.5488,52.6839],[7.5389,52.6854],[7.5336,52.6766],[7.5253,52.671],[7.5162,52.6652],[7.507,52.6611],[7.4984,52.6556],[7.4931,52.6643],[7.4854,52.6708],[7.4763,52.665],[7.4683,52.6583],[7.4625,52.6495],[7.4528,52.6528],[7.4467,52.6448],[7.4399,52.6522],[7.4311,52.659],[7.426,52.6679],[7.4169,52.6741],[7.4083,52.6796],[7.398,52.682],[7.3924,52.6903],[7.3842,52.6836],[7.3747,52.6804]]}},{"type":"Feature","properties":{"r":4,"n":"Rega"},"geometry":{"type":"LineString","coordinates":[[15.6318,53.6891],[15.6409,53.683],[15.6484,53.6761],[15.6543,53.6677],[15.6466,53.6611],[15.6395,53.654],[15.6319,53.6474],[15.6247,53.6403],[15.6187,53.6323],[15.6097,53.6278],[15.6026,53.6207],[15.5924,53.6208],[15.5829,53.6252],[15.5772,53.6335],[15.5716,53.642],[15.5674,53.6512],[15.5653,53.661],[15.5664,53.6711],[15.5621,53.6802],[15.5626,53.6903],[15.5571,53.6988],[15.55,53.7065],[15.5452,53.7156],[15.5412,53.7249],[15.5376,53.7344],[15.5293,53.7401],[15.5196,53.7431],[15.5106,53.7477],[15.5006,53.75],[15.4922,53.7556],[15.4832,53.7605],[15.4734,53.7629],[15.4647,53.768],[15.4545,53.7692],[15.4444,53.769],[15.4347,53.7656],[15.4245,53.7653],[15.4146,53.7637],[15.4061,53.769],[15.397,53.7734],[15.3862,53.7716],[15.3795,53.764],[15.3689,53.7603],[15.3588,53.7577],[15.3487,53.7563],[15.3386,53.7534],[15.3283,53.753],[15.3172,53.7522],[15.3061,53.7538],[15.295,53.7527],[15.2845,53.7536],[15.2739,53.7529],[15.2675,53.7628],[15.2632,53.775]]}},{"type":"Feature","properties":{"r":4,"n":"Odra/Oder"},"geometry":{"type":"LineString","coordinates":[[14.6086,52.5992],[14.6005,52.6069],[14.5901,52.6125],[14.5787,52.618],[14.5672,52.623],[14.5552,52.6267],[14.5438,52.6305],[14.5333,52.6347],[14.5235,52.6374],[14.5127,52.6406],[14.5002,52.6463],[14.4896,52.6504],[14.4761,52.6568],[14.4655,52.6613],[14.4594,52.67],[14.4518,52.6774],[14.4404,52.6791],[14.4308,52.6841],[14.4257,52.6937],[14.4163,52.6998],[14.4087,52.7065],[14.4013,52.7141],[14.3921,52.72],[14.3832,52.727],[14.3759,52.7345],[14.3666,52.7388],[14.3571,52.7449],[14.3487,52.7523],[14.3367,52.7565],[14.3271,52.7606],[14.3168,52.7634],[14.3068,52.7654],[14.2944,52.7694],[14.2839,52.7727],[14.2701,52.7802],[14.2603,52.7852],[14.2506,52.7911],[14.2424,52.7991],[14.2328,52.8037],[14.2232,52.8127],[14.2143,52.8176],[14.1967,52.8197],[14.1852,52.8208],[14.173,52.8217],[14.1574,52.8234],[14.1456,52.8242],[14.1348,52.8265],[14.1259,52.833],[14.1235,52.8432],[14.1302,52.8519],[14.1391,52.86],[14.1487,52.8669],[14.1565,52.8739]]}},{"type":"Feature","properties":{"r":4,"n":"Rott"},"geometry":{"type":"LineString","coordinates":[[12.4704,48.3416],[12.4795,48.346],[12.4892,48.3493],[12.4977,48.3546],[12.5071,48.3584],[12.5171,48.3618],[12.5257,48.3676],[12.5333,48.3741],[12.5423,48.3785],[12.552,48.3812],[12.5604,48.387],[12.5707,48.3866],[12.5814,48.3892],[12.5915,48.3891],[12.602,48.3897],[12.612,48.3902],[12.6235,48.3916],[12.6342,48.391],[12.6443,48.3886],[12.655,48.3892],[12.6657,48.3899],[12.6757,48.392],[12.6863,48.3925],[12.6965,48.3932],[12.7099,48.3951],[12.7198,48.3967],[12.7303,48.3967],[12.7411,48.3953],[12.7514,48.3968],[12.7616,48.3994],[12.7724,48.4009],[12.7824,48.4048],[12.7923,48.4071],[12.8023,48.411],[12.8136,48.4116],[12.8257,48.4143],[12.8356,48.4115],[12.8458,48.4143],[12.8557,48.4165],[12.8657,48.4196],[12.8759,48.4201],[12.8876,48.4217],[12.8997,48.4216],[12.9109,48.4206],[12.9218,48.4218],[12.9317,48.4247],[12.9422,48.4237],[12.9525,48.4276],[12.963,48.4299],[12.9729,48.4329],[12.9832,48.4324],[12.9932,48.4348]]}},{"type":"Feature","properties":{"r":4,"n":"Vltava"},"geometry":{"type":"LineString","coordinates":[[14.379,49.2401],[14.3689,49.2375],[14.3594,49.2425],[14.3489,49.2459],[14.343,49.2542],[14.3367,49.2632],[14.3371,49.2744],[14.3424,49.283],[14.3364,49.2913],[14.3286,49.2981],[14.3252,49.3076],[14.3159,49.3126],[14.3062,49.3191],[14.3034,49.329],[14.2944,49.3358],[14.2834,49.3379],[14.2777,49.3464],[14.2739,49.3558],[14.2734,49.3661],[14.2637,49.3688],[14.254,49.3765],[14.2494,49.387],[14.2463,49.3971],[14.24,49.4051],[14.232,49.4122],[14.2296,49.4222],[14.2225,49.4293],[14.2124,49.43],[14.2071,49.4385],[14.1963,49.4369],[14.1898,49.4458],[14.1922,49.4556],[14.1911,49.4656],[14.181,49.467],[14.1714,49.47],[14.1745,49.4798],[14.178,49.4893],[14.1842,49.4982],[14.1815,49.5082],[14.1794,49.5184],[14.1704,49.5138],[14.1695,49.5245],[14.16,49.5321],[14.1699,49.5345],[14.1632,49.5426],[14.159,49.5527],[14.1582,49.5635],[14.1601,49.5736],[14.166,49.5833],[14.1732,49.5912],[14.1821,49.5961],[14.1824,49.6062]]}},{"type":"Feature","properties":{"r":4,"n":"Weser"},"geometry":{"type":"LineString","coordinates":[[8.7891,53.0807],[8.7772,53.083],[8.7675,53.0878],[8.7588,53.0969],[8.7499,53.1026],[8.7416,53.1102],[8.7313,53.1156],[8.7203,53.118],[8.7068,53.1186],[8.6897,53.1205],[8.6794,53.1229],[8.6679,53.1255],[8.6523,53.127],[8.64,53.1321],[8.6316,53.1399],[8.6268,53.1535],[8.6245,53.1641],[8.6141,53.1699],[8.6027,53.1713],[8.5924,53.1721],[8.5805,53.1738],[8.5663,53.1786],[8.5486,53.1845],[8.5389,53.1878],[8.5237,53.194],[8.5107,53.2014],[8.5024,53.2094],[8.4947,53.2166],[8.4869,53.2252],[8.4821,53.2343],[8.481,53.2477],[8.4827,53.2587],[8.4853,53.2691],[8.4894,53.2873],[8.4918,53.2978],[8.4916,53.3082],[8.4892,53.3216],[8.4936,53.3325],[8.5,53.3429],[8.5011,53.3531],[8.5005,53.3636],[8.4988,53.3766],[8.4971,53.3892],[8.4954,53.4032],[8.4942,53.4135],[8.4928,53.4265],[8.4914,53.4471],[8.4917,53.4595],[8.4934,53.4709],[8.4957,53.4842],[8.5042,53.4942],[8.5118,53.5007]]}},{"type":"Feature","properties":{"r":4,"n":"Warnow"},"geometry":{"type":"LineString","coordinates":[[11.8383,53.7845],[11.846,53.791],[11.8561,53.7939],[11.8666,53.795],[11.8758,53.7909],[11.8857,53.795],[11.8958,53.7962],[11.9061,53.7987],[11.9161,53.8015],[11.9253,53.8063],[11.9349,53.8094],[11.9448,53.8154],[11.953,53.8212],[11.9633,53.8207],[11.9701,53.8281],[11.9761,53.8361],[11.9848,53.8414],[11.9951,53.8428],[11.9961,53.8529],[12.0053,53.8586],[12.0117,53.8665],[12.0206,53.872],[12.032,53.8787],[12.0412,53.8828],[12.0516,53.8825],[12.0598,53.8893],[12.0716,53.8904],[12.0799,53.8962],[12.0905,53.8954],[12.0985,53.9033],[12.1061,53.91],[12.1058,53.92],[12.1109,53.9292],[12.1102,53.9392],[12.1184,53.9452],[12.1171,53.9552],[12.1242,53.9638],[12.1255,53.9743],[12.1259,53.9845],[12.1196,53.9926],[12.1236,54.002],[12.1268,54.0121],[12.1342,54.0193],[12.1413,54.0271],[12.1497,54.0353],[12.1577,54.0415],[12.1663,54.0467],[12.1756,54.0508],[12.1764,54.0608],[12.1665,54.0646],[12.1565,54.07]]}},{"type":"Feature","properties":{"r":4,"n":"Radbuza"},"geometry":{"type":"LineString","coordinates":[[12.9374,49.526],[12.947,49.53],[12.9567,49.5325],[12.9667,49.5324],[12.9762,49.536],[12.9863,49.5342],[12.9962,49.5327],[13.0063,49.5326],[13.0168,49.5359],[13.0272,49.5368],[13.0372,49.5381],[13.0468,49.5423],[13.0568,49.5442],[13.067,49.547],[13.074,49.5557],[13.0795,49.5641],[13.0815,49.5742],[13.0879,49.5819],[13.0966,49.5872],[13.0952,49.5973],[13.0974,49.6072],[13.1069,49.6118],[13.1078,49.6219],[13.1158,49.6281],[13.1247,49.6336],[13.135,49.6336],[13.1467,49.6345],[13.1573,49.6328],[13.166,49.6383],[13.1756,49.6416],[13.1857,49.6393],[13.1959,49.6409],[13.2059,49.645],[13.215,49.6494],[13.225,49.6497],[13.235,49.6522],[13.245,49.6528],[13.2549,49.6574],[13.2643,49.6525],[13.2744,49.6534],[13.2846,49.6521],[13.2904,49.6607],[13.3002,49.663],[13.308,49.6695],[13.3157,49.6764],[13.3232,49.6832],[13.3282,49.6919],[13.3357,49.6986],[13.3438,49.7048]]}},{"type":"Feature","properties":{"r":4,"n":"Donau"},"geometry":{"type":"LineString","coordinates":[[12.5913,48.8995],[12.601,48.9024],[12.6112,48.8981],[12.6213,48.8996],[12.627,48.9082],[12.6377,48.9073],[12.6489,48.9071],[12.6589,48.9081],[12.6693,48.9049],[12.6795,48.9036],[12.6898,48.901],[12.6983,48.8953],[12.7107,48.8919],[12.72,48.8866],[12.7332,48.885],[12.7446,48.8801],[12.7528,48.8731],[12.7606,48.8651],[12.7645,48.8539],[12.7647,48.8435],[12.775,48.834],[12.785,48.8289],[12.7976,48.8253],[12.8112,48.8242],[12.8229,48.8254],[12.8329,48.8282],[12.8418,48.8366],[12.8505,48.8422],[12.8629,48.8433],[12.8731,48.8411],[12.8847,48.8417],[12.8945,48.8447],[12.9074,48.8453],[12.9182,48.8408],[12.9301,48.8358],[12.9428,48.8308],[12.9548,48.8267],[12.9658,48.8217],[12.9701,48.8105],[12.9783,48.8035],[12.9875,48.7977],[12.9975,48.792],[13.0062,48.7861],[13.0075,48.7747],[13.0164,48.767],[13.0228,48.7588],[13.0325,48.753],[13.0381,48.7441]]}},{"type":"Feature","properties":{"r":4,"n":"Oste"},"geometry":{"type":"LineString","coordinates":[[9.1577,53.486],[9.1644,53.4945],[9.1714,53.5019],[9.177,53.5102],[9.185,53.5163],[9.192,53.5236],[9.1843,53.5302],[9.179,53.5392],[9.1697,53.545],[9.1637,53.5536],[9.1708,53.5619],[9.1699,53.5727],[9.1664,53.5829],[9.1564,53.5853],[9.1619,53.594],[9.1717,53.5918],[9.1667,53.6005],[9.1724,53.6095],[9.181,53.6148],[9.1889,53.6222],[9.1997,53.6234],[9.2085,53.6176],[9.2184,53.6196],[9.228,53.6244],[9.2338,53.6327],[9.2442,53.6289],[9.2555,53.629],[9.252,53.6393],[9.2614,53.6431],[9.2737,53.6417],[9.2725,53.6517],[9.2748,53.6615],[9.2754,53.6723],[9.2643,53.6741],[9.2537,53.6765],[9.2485,53.6674],[9.2376,53.6696],[9.2275,53.6713],[9.2177,53.6749],[9.2087,53.6795],[9.2166,53.6859],[9.2209,53.6953],[9.2109,53.6924],[9.1995,53.6911],[9.1874,53.6932],[9.1771,53.6956],[9.1674,53.6999],[9.1586,53.7053]]}},{"type":"Feature","properties":{"r":4,"n":"Rögnitz"},"geometry":{"type":"LineString","coordinates":[[11.4348,53.3152],[11.4268,53.308],[11.4134,53.3022],[11.3959,53.2967],[11.3837,53.2929],[11.372,53.2908],[11.3577,53.2878],[11.3489,53.2824],[11.3385,53.2776],[11.3264,53.2735],[11.3166,53.2715],[11.3054,53.2686],[11.2937,53.2652],[11.2752,53.2563],[11.2647,53.2493],[11.2548,53.245],[11.2504,53.2355],[11.2316,53.2266],[11.2265,53.216],[11.218,53.2104],[11.2035,53.2072],[11.1927,53.2062],[11.1822,53.2064],[11.1708,53.2051],[11.1592,53.2053],[11.1491,53.2016],[11.1356,53.202],[11.1253,53.2041],[11.1132,53.2053],[11.1025,53.2106],[11.0925,53.2133],[11.0831,53.2191],[11.0746,53.225],[11.0668,53.2317],[11.0582,53.2444],[11.0497,53.2532],[11.0422,53.2607],[11.0356,53.2696],[11.0287,53.2774],[11.018,53.2809],[11.0088,53.2852],[11.0018,53.2925],[10.9917,53.2935],[10.9818,53.2968],[10.9703,53.301],[10.9607,53.3047],[10.9534,53.3127]]}},{"type":"Feature","properties":{"r":4,"n":"Warta"},"geometry":{"type":"LineString","coordinates":[[15.2318,52.7263],[15.2199,52.7251],[15.2087,52.7228],[15.1938,52.7204],[15.1833,52.7135],[15.1895,52.7044],[15.1828,52.6935],[15.1786,52.6716],[15.1747,52.6582],[15.1578,52.6522],[15.1494,52.6455],[15.1387,52.6442],[15.1229,52.6315],[15.1125,52.621],[15.0982,52.6177],[15.0832,52.6173],[15.0717,52.6198],[15.06,52.6239],[15.0536,52.6324],[15.0399,52.6407],[15.0296,52.6438],[15.0227,52.6516],[15.013,52.6477],[15.0009,52.6501],[14.9905,52.6481],[14.9764,52.6444],[14.96,52.6389],[14.937,52.6335],[14.921,52.6321],[14.8995,52.6315],[14.8876,52.6316],[14.8767,52.6298],[14.8602,52.6259],[14.8496,52.6219],[14.8105,52.6086],[14.7914,52.6033],[14.778,52.6024],[14.7664,52.6039],[14.7541,52.602],[14.7404,52.599],[14.7262,52.5966],[14.7089,52.594],[14.6991,52.5901],[14.6877,52.5876],[14.6762,52.5852],[14.6655,52.5828],[14.6544,52.5809]]}},{"type":"Feature","properties":{"r":4,"n":"Ohře"},"geometry":{"type":"LineString","coordinates":[[13.0013,50.2814],[13.0072,50.2897],[13.0153,50.2973],[13.0199,50.3086],[13.0275,50.3153],[13.0277,50.3254],[13.036,50.3313],[13.0457,50.3345],[13.0545,50.3397],[13.0646,50.3411],[13.071,50.3488],[13.0761,50.3577],[13.0864,50.3593],[13.0968,50.3592],[13.1005,50.3686],[13.111,50.3695],[13.1199,50.3648],[13.1301,50.3674],[13.1396,50.3636],[13.1496,50.3672],[13.1598,50.3678],[13.1687,50.3747],[13.1738,50.3834],[13.1842,50.3824],[13.1937,50.3775],[13.205,50.377],[13.2144,50.3827],[13.2243,50.3794],[13.2354,50.3769],[13.2461,50.3789],[13.2563,50.3774],[13.2665,50.3742],[13.2769,50.3717],[13.2865,50.3665],[13.2954,50.3605],[13.2981,50.3706],[13.3114,50.3719],[13.3211,50.3682],[13.3319,50.3673],[13.3413,50.3636],[13.3518,50.3541],[13.3738,50.3568],[13.3841,50.36],[13.3941,50.364],[13.4044,50.3617],[13.4128,50.3521]]}},{"type":"Feature","properties":{"r":4,"n":"Úslava"},"geometry":{"type":"LineString","coordinates":[[13.5762,49.5001],[13.5858,49.503],[13.5957,49.5008],[13.6052,49.5043],[13.6148,49.5078],[13.6062,49.5147],[13.6002,49.5229],[13.5939,49.5307],[13.5901,49.54],[13.5852,49.5497],[13.5755,49.5523],[13.5678,49.5595],[13.5588,49.5641],[13.5497,49.5688],[13.5466,49.5784],[13.5388,49.5856],[13.5455,49.5931],[13.5362,49.5974],[13.5275,49.6029],[13.5189,49.6084],[13.5219,49.6188],[13.529,49.6259],[13.5205,49.6322],[13.5268,49.6406],[13.5362,49.6456],[13.5338,49.6556],[13.5278,49.6636],[13.5226,49.6723],[13.5128,49.675],[13.5084,49.6843],[13.4983,49.6859],[13.4912,49.6933],[13.4821,49.6976],[13.4724,49.7014],[13.4621,49.703],[13.4526,49.7068],[13.4432,49.7106],[13.4334,49.7133],[13.4233,49.7141],[13.43,49.7216],[13.4241,49.73],[13.4164,49.7366],[13.4061,49.7386],[13.4056,49.7496],[13.4122,49.7572]]}},{"type":"Feature","properties":{"r":6,"n":"Mittellandkanal"},"geometry":{"type":"LineString","coordinates":[[10.3933,52.3081],[10.381,52.3075],[10.3607,52.3064],[10.3477,52.3058],[10.3344,52.3066],[10.3152,52.3084],[10.3033,52.309],[10.293,52.3083],[10.2813,52.3077],[10.2696,52.3069],[10.255,52.306],[10.2403,52.3051],[10.2298,52.3046],[10.2188,52.306],[10.2084,52.309],[10.1987,52.3119],[10.1884,52.3149],[10.1769,52.3168],[10.1655,52.3178],[10.155,52.3164],[10.145,52.3132],[10.1312,52.3117],[10.1146,52.3113],[10.0996,52.3108],[10.0869,52.3107],[10.0727,52.3108],[10.0626,52.3108],[10.0511,52.3108],[10.0342,52.31],[10.0227,52.3092],[10.012,52.3085],[9.9975,52.3076],[9.9875,52.3069],[9.9766,52.3061],[9.9626,52.306],[9.9513,52.3071],[9.9398,52.3095],[9.9269,52.3139],[9.9159,52.3197],[9.9063,52.3257],[9.8961,52.3322],[9.8849,52.339],[9.8769,52.3464],[9.8692,52.355]]}},{"type":"Feature","properties":{"r":4,"n":"Mrlina"},"geometry":{"type":"LineString","coordinates":[[15.2718,50.4067],[15.2812,50.4008],[15.2879,50.3931],[15.2969,50.3862],[15.3064,50.3823],[15.3157,50.3772],[15.3187,50.367],[15.3274,50.3618],[15.319,50.3557],[15.3094,50.3523],[15.2993,50.3508],[15.2925,50.3429],[15.2854,50.3357],[15.2741,50.3326],[15.263,50.3282],[15.2522,50.3266],[15.2417,50.3257],[15.2322,50.3215],[15.2213,50.3163],[15.2113,50.3088],[15.202,50.3127],[15.1915,50.316],[15.1841,50.3091],[15.1739,50.3068],[15.1686,50.2979],[15.1692,50.2875],[15.1612,50.2797],[15.1537,50.273],[15.1445,50.2688],[15.1456,50.2583],[15.1505,50.2494],[15.1453,50.2391],[15.1382,50.228],[15.1293,50.2187],[15.1215,50.2118],[15.1134,50.2056],[15.1069,50.1976],[15.0959,50.1971],[15.0857,50.1959],[15.0777,50.1896],[15.0672,50.1876],[15.0571,50.1875],[15.0468,50.185]]}},{"type":"Feature","properties":{"r":6,"n":"Lage Vaart"},"geometry":{"type":"LineString","coordinates":[[5.2331,52.4066],[5.2443,52.3994],[5.2564,52.3888],[5.2646,52.3819],[5.2758,52.3816],[5.2926,52.3872],[5.3067,52.392],[5.336,52.4017],[5.3513,52.4072],[5.366,52.4135],[5.3779,52.4187],[5.3968,52.4268],[5.4119,52.4333],[5.4209,52.4381],[5.429,52.445],[5.4397,52.4503],[5.4547,52.4587],[5.4661,52.4655],[5.478,52.4726],[5.4887,52.479],[5.4973,52.4843],[5.5087,52.4883],[5.5194,52.4939],[5.527,52.5014],[5.537,52.5049],[5.5484,52.5089],[5.5586,52.5117],[5.5692,52.513],[5.5814,52.5135],[5.6015,52.5143],[5.6145,52.5148],[5.625,52.5153],[5.6366,52.516],[5.6574,52.5188],[5.6714,52.5207],[5.683,52.5223],[5.6959,52.5245],[5.7075,52.5274],[5.7137,52.5369],[5.7205,52.5446],[5.7293,52.554],[5.738,52.563],[5.7455,52.5706]]}},{"type":"Feature","properties":{"r":4,"n":"Sázava"},"geometry":{"type":"LineString","coordinates":[[15.4051,49.6661],[15.3946,49.6655],[15.3856,49.6603],[15.3756,49.6585],[15.3655,49.6563],[15.3557,49.6584],[15.3451,49.6602],[15.335,49.6613],[15.3249,49.6638],[15.3175,49.6716],[15.3095,49.6778],[15.3117,49.6878],[15.3015,49.6848],[15.2915,49.6826],[15.2849,49.6915],[15.2748,49.695],[15.2653,49.6994],[15.2552,49.6997],[15.2466,49.7049],[15.2369,49.7018],[15.2255,49.7021],[15.2141,49.7035],[15.2054,49.7088],[15.1945,49.7088],[15.2,49.7177],[15.1891,49.7209],[15.1809,49.7273],[15.1697,49.7283],[15.1595,49.7271],[15.1481,49.729],[15.1379,49.7337],[15.1286,49.7376],[15.1185,49.7397],[15.1112,49.7328],[15.1012,49.7376],[15.0912,49.7406],[15.0876,49.7502],[15.0781,49.7466],[15.072,49.7375],[15.0627,49.7416],[15.0528,49.7433],[15.0418,49.7434]]}},{"type":"Feature","properties":{"r":6,"n":"Datteln-Hamm-Kanal"},"geometry":{"type":"LineString","coordinates":[[7.8202,51.6862],[7.8104,51.6824],[7.7969,51.6811],[7.7853,51.6798],[7.7722,51.679],[7.7622,51.6772],[7.7498,51.6749],[7.7353,51.6721],[7.7206,51.6686],[7.7105,51.6651],[7.7003,51.663],[7.69,51.661],[7.6781,51.6586],[7.6655,51.6554],[7.6564,51.6509],[7.6461,51.6445],[7.6316,51.6393],[7.6196,51.6349],[7.6065,51.6303],[7.5955,51.6265],[7.5814,51.6215],[7.5718,51.6183],[7.5609,51.6145],[7.5525,51.6084],[7.5446,51.6009],[7.5332,51.5971],[7.5206,51.5962],[7.5103,51.5973],[7.4995,51.6001],[7.4891,51.6027],[7.479,51.6053],[7.4693,51.6079],[7.4594,51.6113],[7.4519,51.6184],[7.4386,51.6244],[7.4261,51.6287],[7.4158,51.6318],[7.4025,51.6344],[7.3906,51.6374],[7.3804,51.6399],[7.369,51.6424],[7.3587,51.6456]]}},{"type":"Feature","properties":{"r":4,"n":"Ohře"},"geometry":{"type":"LineString","coordinates":[[12.2343,50.0944],[12.2442,50.0968],[12.2531,50.1015],[12.2639,50.0979],[12.275,50.0923],[12.2848,50.0886],[12.2949,50.0874],[12.3052,50.0889],[12.3154,50.0907],[12.3251,50.0858],[12.3357,50.083],[12.3458,50.0795],[12.3559,50.0797],[12.3663,50.0825],[12.3766,50.0843],[12.387,50.0863],[12.3931,50.0943],[12.3916,50.1042],[12.3991,50.111],[12.4075,50.1174],[12.4175,50.115],[12.4269,50.1113],[12.4363,50.1078],[12.4449,50.1136],[12.4549,50.1147],[12.4645,50.1112],[12.4747,50.1089],[12.4853,50.1106],[12.4922,50.118],[12.5024,50.1162],[12.5126,50.1118],[12.5198,50.1189],[12.5283,50.1242],[12.5352,50.1327],[12.5418,50.1406],[12.5509,50.1463],[12.5617,50.1475],[12.5665,50.1387],[12.5761,50.1336],[12.5842,50.1408],[12.5942,50.1426]]}},{"type":"Feature","properties":{"r":4,"n":"Úhlava"},"geometry":{"type":"LineString","coordinates":[[13.2533,49.4213],[13.2514,49.4312],[13.2535,49.441],[13.2571,49.4504],[13.2652,49.4566],[13.2757,49.4674],[13.2859,49.4686],[13.2907,49.479],[13.2935,49.4889],[13.2976,49.4981],[13.3049,49.5059],[13.3059,49.5161],[13.3072,49.5266],[13.3146,49.5336],[13.322,49.541],[13.3248,49.5506],[13.3329,49.5571],[13.3269,49.5652],[13.3353,49.5722],[13.3452,49.5741],[13.3526,49.5809],[13.3531,49.591],[13.3508,49.601],[13.3569,49.609],[13.3662,49.6135],[13.3762,49.6155],[13.3868,49.6177],[13.3938,49.6263],[13.3979,49.6357],[13.3948,49.6455],[13.3964,49.6555],[13.3916,49.6645],[13.3973,49.6731],[13.3988,49.6832],[13.3962,49.6929],[13.4064,49.6953],[13.4122,49.7036],[13.4063,49.7121],[13.3978,49.7067],[13.4004,49.7165],[13.3904,49.7192]]}},{"type":"Feature","properties":{"r":4,"n":"Lippe"},"geometry":{"type":"LineString","coordinates":[[8.2518,51.6603],[8.2411,51.6612],[8.2309,51.6622],[8.2213,51.6592],[8.2105,51.6589],[8.2005,51.6605],[8.1905,51.663],[8.1805,51.6639],[8.1697,51.6618],[8.1597,51.6598],[8.1493,51.6591],[8.1388,51.6599],[8.1289,51.6616],[8.1184,51.6601],[8.1085,51.6627],[8.0984,51.6623],[8.0879,51.6626],[8.0793,51.6569],[8.0695,51.6548],[8.0591,51.6544],[8.0483,51.6569],[8.0383,51.6592],[8.0285,51.6649],[8.0179,51.6659],[8.0079,51.6699],[7.9984,51.6735],[7.99,51.6791],[7.9804,51.6844],[7.9733,51.6915],[7.9625,51.6932],[7.9526,51.6964],[7.9431,51.7001],[7.9336,51.7045],[7.9236,51.7046],[7.9133,51.7031],[7.9034,51.7046],[7.8926,51.7044],[7.8822,51.7006],[7.8724,51.6967],[7.8617,51.6966],[7.8515,51.6976]]}},{"type":"Feature","properties":{"r":4,"n":"Lenne"},"geometry":{"type":"LineString","coordinates":[[7.7731,51.2616],[7.7692,51.2521],[7.7603,51.2569],[7.7521,51.2498],[7.7444,51.2565],[7.7376,51.2648],[7.7267,51.266],[7.7174,51.2701],[7.7163,51.2805],[7.7059,51.2802],[7.7045,51.2702],[7.6943,51.2696],[7.6913,51.2796],[7.6887,51.2898],[7.6788,51.2879],[7.6719,51.2955],[7.6661,51.3046],[7.6561,51.3063],[7.6504,51.3151],[7.6461,51.3244],[7.6536,51.3311],[7.6445,51.3364],[7.6345,51.3355],[7.6369,51.3458],[7.6406,51.3559],[7.6317,51.3624],[7.6214,51.3642],[7.6099,51.3633],[7.604,51.3539],[7.5968,51.3446],[7.5866,51.3441],[7.5773,51.3486],[7.5655,51.3528],[7.5583,51.3609],[7.5483,51.3667],[7.5394,51.3743],[7.5308,51.3811],[7.5221,51.3864],[7.5142,51.3928],[7.5034,51.3983]]}},{"type":"Feature","properties":{"r":4,"n":"Löcknitz"},"geometry":{"type":"LineString","coordinates":[[11.6597,53.0845],[11.6501,53.0814],[11.6385,53.0804],[11.6283,53.077],[11.6182,53.0766],[11.6193,53.0666],[11.6121,53.0595],[11.6005,53.0565],[11.5895,53.0563],[11.5777,53.0574],[11.5665,53.0583],[11.5565,53.0603],[11.5465,53.059],[11.5361,53.0592],[11.5284,53.0661],[11.5199,53.0717],[11.5105,53.0771],[11.5004,53.0805],[11.4912,53.0848],[11.4816,53.0896],[11.4716,53.0894],[11.4633,53.0959],[11.4531,53.0992],[11.4431,53.1006],[11.4332,53.1055],[11.4234,53.1089],[11.4128,53.1124],[11.4027,53.1128],[11.3926,53.1087],[11.382,53.1095],[11.3717,53.1112],[11.3619,53.1156],[11.3499,53.1186],[11.3392,53.1176],[11.3286,53.118],[11.3186,53.1196],[11.3087,53.1162],[11.2983,53.1173],[11.2872,53.1211]]}},{"type":"Feature","properties":{"r":6,"n":"Mittellandkanal"},"geometry":{"type":"LineString","coordinates":[[11.3789,52.2964],[11.3705,52.3019],[11.3618,52.3074],[11.3537,52.3158],[11.345,52.3256],[11.3363,52.3368],[11.3289,52.3466],[11.3245,52.3587],[11.3172,52.3726],[11.3097,52.3802],[11.2987,52.3859],[11.289,52.3917],[11.2817,52.4003],[11.2748,52.408],[11.2662,52.4135],[11.2558,52.4171],[11.2458,52.4191],[11.2322,52.4216],[11.2211,52.4236],[11.2015,52.4246],[11.1887,52.4252],[11.1724,52.4259],[11.1579,52.4265],[11.1467,52.4274],[11.1371,52.4304],[11.1241,52.4358],[11.1066,52.4432],[11.0943,52.4483],[11.0827,52.4532],[11.0731,52.4572],[11.0628,52.4614],[11.046,52.4683],[11.0326,52.4725],[11.0214,52.4755],[11.006,52.4795],[10.9947,52.4825],[10.9837,52.4843],[10.9674,52.485],[10.9507,52.4857]]}},{"type":"Feature","properties":{"r":4,"n":"Odra"},"geometry":{"type":"LineString","coordinates":[[15.306,52.0635],[15.2939,52.0625],[15.284,52.0566],[15.275,52.0646],[15.2603,52.067],[15.2489,52.0742],[15.2382,52.073],[15.226,52.0763],[15.2138,52.0773],[15.2069,52.0682],[15.1944,52.0658],[15.1843,52.0628],[15.1788,52.0534],[15.1644,52.0528],[15.1492,52.0486],[15.1372,52.0473],[15.1243,52.0487],[15.109,52.049],[15.0833,52.0513],[15.0716,52.0518],[15.0563,52.0578],[15.0479,52.0648],[15.031,52.0688],[15.012,52.0679],[15.0009,52.0615],[14.9865,52.0543],[14.9751,52.0517],[14.9628,52.0554],[14.9514,52.0502],[14.9372,52.0457],[14.92,52.0452],[14.9049,52.0471],[14.887,52.0533],[14.8776,52.0574],[14.8615,52.0671],[14.851,52.0742],[14.8414,52.077],[14.8231,52.077],[14.8123,52.0756]]}},{"type":"Feature","properties":{"r":4,"n":"Vltava"},"geometry":{"type":"LineString","coordinates":[[14.2472,49.6326],[14.2556,49.6382],[14.25,49.6471],[14.2553,49.6558],[14.2499,49.6644],[14.2594,49.6691],[14.2661,49.6778],[14.2782,49.6797],[14.2884,49.6783],[14.2901,49.6891],[14.3005,49.6901],[14.2915,49.6963],[14.299,49.7032],[14.31,49.7036],[14.3196,49.707],[14.3114,49.7156],[14.319,49.7228],[14.3277,49.7171],[14.3387,49.7199],[14.3463,49.7268],[14.3562,49.7224],[14.3572,49.7356],[14.3627,49.7443],[14.3757,49.7422],[14.387,49.738],[14.3978,49.7375],[14.4013,49.7469],[14.4092,49.7552],[14.4219,49.7556],[14.4187,49.7651],[14.409,49.7683],[14.4132,49.7778],[14.4124,49.7882],[14.4187,49.796],[14.429,49.7935],[14.4279,49.8037],[14.4217,49.8116],[14.4266,49.8211]]}},{"type":"Feature","properties":{"r":4,"n":"Diemel"},"geometry":{"type":"LineString","coordinates":[[9.1643,51.4882],[9.1743,51.4884],[9.1832,51.4834],[9.1934,51.4841],[9.2032,51.4819],[9.2134,51.4805],[9.2228,51.4847],[9.2344,51.4909],[9.2453,51.4908],[9.2552,51.4889],[9.2657,51.4887],[9.2735,51.495],[9.2832,51.4987],[9.2923,51.5036],[9.3013,51.5087],[9.3108,51.5126],[9.3179,51.5207],[9.3273,51.5259],[9.333,51.5352],[9.3432,51.5389],[9.3537,51.537],[9.3638,51.5388],[9.3725,51.5438],[9.3796,51.5513],[9.3896,51.5535],[9.3962,51.5614],[9.4077,51.5626],[9.4149,51.5697],[9.425,51.572],[9.417,51.578],[9.4235,51.5856],[9.4182,51.5941],[9.4278,51.5972],[9.4239,51.6067],[9.433,51.6112],[9.4419,51.6159],[9.4519,51.6141],[9.4511,51.6241]]}},{"type":"Feature","properties":{"r":6,"n":"Hoge Vaart"},"geometry":{"type":"LineString","coordinates":[[5.223,52.4171],[5.2276,52.4058],[5.2345,52.395],[5.2425,52.3868],[5.2512,52.3779],[5.2592,52.3697],[5.2674,52.3616],[5.2752,52.3539],[5.2828,52.3464],[5.2967,52.3329],[5.3049,52.3262],[5.3152,52.3217],[5.3279,52.3167],[5.3404,52.3119],[5.3503,52.3095],[5.3653,52.3117],[5.3764,52.3137],[5.3863,52.3155],[5.4008,52.3201],[5.4131,52.3249],[5.4237,52.329],[5.4378,52.3345],[5.45,52.3393],[5.4606,52.3438],[5.4738,52.3495],[5.4861,52.3548],[5.4962,52.3591],[5.5061,52.3639],[5.5192,52.3724],[5.5292,52.3792],[5.5376,52.3848],[5.5515,52.3941],[5.5654,52.4024],[5.5767,52.409],[5.5876,52.4111],[5.6003,52.41],[5.6116,52.409],[5.6231,52.4083]]}},{"type":"Feature","properties":{"r":4,"n":"Peene"},"geometry":{"type":"LineString","coordinates":[[13.074,53.9259],[13.0814,53.934],[13.0876,53.9427],[13.087,53.9531],[13.0976,53.9561],[13.1079,53.9544],[13.1178,53.9604],[13.1269,53.9652],[13.1359,53.9699],[13.1474,53.9702],[13.1568,53.9647],[13.1668,53.9676],[13.1707,53.958],[13.1807,53.9587],[13.1916,53.962],[13.2036,53.961],[13.2138,53.9574],[13.2236,53.9606],[13.2354,53.9629],[13.2476,53.9641],[13.2585,53.9664],[13.267,53.9717],[13.2777,53.9739],[13.2899,53.9718],[13.2993,53.9671],[13.3072,53.9608],[13.3151,53.9536],[13.3214,53.9457],[13.3317,53.9389],[13.342,53.9328],[13.3492,53.925],[13.3592,53.9241],[13.3694,53.9204],[13.3772,53.9136],[13.3898,53.9096],[13.4006,53.9091],[13.4114,53.9117],[13.4222,53.9148]]}},{"type":"Feature","properties":{"r":4,"n":"Schwarze Elster"},"geometry":{"type":"LineString","coordinates":[[13.2339,51.7072],[13.219,51.7133],[13.2091,51.717],[13.1921,51.7285],[13.1831,51.7333],[13.1728,51.7366],[13.1635,51.7404],[13.1536,51.7435],[13.1424,51.7482],[13.132,51.75],[13.1208,51.7509],[13.1123,51.7565],[13.102,51.7605],[13.0872,51.7659],[13.0754,51.7722],[13.0674,51.7785],[13.0576,51.7811],[13.0483,51.785],[13.0382,51.7898],[13.0276,51.7908],[13.017,51.7916],[13.0061,51.7888],[12.9956,51.7896],[12.9855,51.7872],[12.9751,51.7897],[12.9648,51.787],[12.9549,51.7828],[12.9442,51.7857],[12.9347,51.789],[12.9244,51.7876],[12.9146,51.7934],[12.9014,51.7964],[12.89,51.7972],[12.879,51.8006],[12.869,51.8026],[12.8599,51.807],[12.8508,51.8113],[12.8405,51.8111]]}},{"type":"Feature","properties":{"r":6,"n":"Alte Oder / Hohensaaten-Friedrichsthaler Wasserstraße"},"geometry":{"type":"LineString","coordinates":[[14.1512,52.8764],[14.1565,52.8849],[14.15,52.8978],[14.1414,52.9048],[14.1325,52.9099],[14.1277,52.9192],[14.1274,52.9296],[14.122,52.9387],[14.113,52.9435],[14.1076,52.9538],[14.1098,52.9647],[14.1119,52.9752],[14.1208,52.9799],[14.1303,52.9833],[14.1404,52.9867],[14.1564,52.9887],[14.1672,52.9894],[14.178,52.9929],[14.1882,52.994],[14.1983,52.9956],[14.2083,53.0007],[14.2171,53.0072],[14.2269,53.0109],[14.2435,53.0232],[14.2517,53.0307],[14.2605,53.038],[14.2688,53.0442],[14.2788,53.0482],[14.2902,53.0531],[14.302,53.0563],[14.3126,53.06],[14.3197,53.0682],[14.322,53.0783],[14.3278,53.0882],[14.333,53.097],[14.3387,53.1069],[14.3412,53.1166],[14.3438,53.1265]]}},{"type":"Feature","properties":{"r":4,"n":"Vltava"},"geometry":{"type":"LineString","coordinates":[[14.3061,48.6251],[14.3145,48.6194],[14.3258,48.6207],[14.3359,48.6197],[14.3467,48.6184],[14.3535,48.6258],[14.3634,48.6276],[14.3678,48.6367],[14.3663,48.6473],[14.3648,48.658],[14.3621,48.6679],[14.3587,48.6777],[14.3561,48.6874],[14.3556,48.6979],[14.3478,48.7054],[14.3428,48.7141],[14.3359,48.7214],[14.3346,48.7324],[14.3277,48.7399],[14.325,48.7498],[14.3148,48.7522],[14.3146,48.7629],[14.3067,48.7696],[14.3011,48.7783],[14.3029,48.7882],[14.3077,48.7978],[14.313,48.8063],[14.3214,48.8127],[14.3297,48.8189],[14.3402,48.8196],[14.3496,48.8155],[14.3591,48.8196],[14.3577,48.8297],[14.3667,48.8341],[14.3755,48.8389],[14.3659,48.8426],[14.3697,48.8524]]}},{"type":"Feature","properties":{"r":4,"n":"Oder"},"geometry":{"type":"LineString","coordinates":[[10.466,51.6259],[10.457,51.6198],[10.447,51.6186],[10.4369,51.6201],[10.4274,51.6239],[10.4172,51.6242],[10.4069,51.6236],[10.3971,51.6216],[10.3871,51.6249],[10.3767,51.6274],[10.3666,51.6283],[10.3563,51.6288],[10.3441,51.6275],[10.3347,51.6226],[10.3247,51.6205],[10.3143,51.6193],[10.304,51.6192],[10.2939,51.6203],[10.284,51.6228],[10.274,51.6247],[10.2656,51.6303],[10.2555,51.6322],[10.2452,51.6342],[10.237,51.6401],[10.2285,51.6457],[10.2188,51.6485],[10.2085,51.65],[10.199,51.6539],[10.1901,51.6596],[10.1798,51.6594],[10.1702,51.6561],[10.158,51.6565],[10.1472,51.6575],[10.1372,51.6591],[10.1271,51.6605],[10.1192,51.6668],[10.1105,51.6722]]}},{"type":"Feature","properties":{"r":4,"n":"Elbe"},"geometry":{"type":"LineString","coordinates":[[11.767,52.311],[11.7785,52.3169],[11.7881,52.3234],[11.7965,52.3317],[11.8062,52.3348],[11.8166,52.3345],[11.83,52.3307],[11.8413,52.3296],[11.8541,52.3321],[11.8674,52.3385],[11.8783,52.3455],[11.89,52.3492],[11.9001,52.3532],[11.9075,52.3616],[11.9127,52.3716],[11.9231,52.373],[11.9354,52.3727],[11.9396,52.382],[11.9289,52.3866],[11.9352,52.3954],[11.9457,52.3979],[11.9568,52.3987],[11.9678,52.4046],[11.9743,52.4166],[11.9823,52.4233],[11.9916,52.4291],[11.9941,52.4393],[11.9938,52.4505],[12.0012,52.4575],[11.994,52.4691],[11.9865,52.4765],[11.9858,52.4869],[11.9814,52.4989],[11.9736,52.5065],[11.9639,52.5115],[11.9613,52.5228],[11.972,52.5298]]}},{"type":"Feature","properties":{"r":4,"n":"Zschopau"},"geometry":{"type":"LineString","coordinates":[[13.0128,50.9015],[13.0214,50.9075],[13.0276,50.9161],[13.0322,50.9264],[13.0237,50.9321],[13.0126,50.9377],[13.0053,50.9451],[13.0032,50.9574],[12.9931,50.9573],[13.0015,50.9639],[13.0018,50.9744],[12.996,50.9826],[13.0054,50.9898],[13.0062,50.9998],[12.9968,51.0044],[12.9862,51.0007],[12.9829,51.0106],[12.9808,51.0213],[12.9854,51.0307],[12.9965,51.03],[13.0055,51.0345],[13.0156,51.0364],[13.0157,51.0467],[13.0216,51.057],[13.0213,51.0677],[13.027,51.0761],[13.0176,51.0798],[13.0245,51.0873],[13.0252,51.0974],[13.0325,51.1049],[13.0427,51.1059],[13.0429,51.1159],[13.0318,51.1183],[13.0214,51.1179],[13.0311,51.123],[13.0423,51.1263]]}},{"type":"Feature","properties":{"r":4,"n":"Rolava"},"geometry":{"type":"LineString","coordinates":[[12.6121,50.4057],[12.6069,50.397],[12.5992,50.3901],[12.6075,50.3818],[12.6172,50.3785],[12.6275,50.3783],[12.6366,50.3735],[12.6466,50.374],[12.6566,50.3734],[12.6668,50.3743],[12.6773,50.373],[12.6868,50.3768],[12.6968,50.375],[12.7033,50.3674],[12.7125,50.363],[12.7173,50.354],[12.7103,50.3466],[12.7146,50.3372],[12.7233,50.3304],[12.7326,50.3266],[12.7384,50.3182],[12.7471,50.313],[12.7552,50.3058],[12.7545,50.2958],[12.7608,50.2878],[12.7703,50.2835],[12.7783,50.2773],[12.788,50.2744],[12.7962,50.2678],[12.804,50.2609],[12.8129,50.2541],[12.8213,50.248],[12.8317,50.2467],[12.8412,50.2429],[12.8512,50.2417],[12.8459,50.2324]]}},{"type":"Feature","properties":{"r":4,"n":"Liesing"},"geometry":{"type":"LineString","coordinates":[[14.6909,47.4375],[14.7009,47.4349],[14.7096,47.4291],[14.7194,47.4259],[14.7294,47.4249],[14.7397,47.4231],[14.7497,47.4244],[14.7589,47.4198],[14.7689,47.4165],[14.7779,47.4121],[14.7875,47.4077],[14.7959,47.4021],[14.8059,47.4011],[14.8158,47.3977],[14.8259,47.3958],[14.8366,47.3949],[14.8468,47.3967],[14.8569,47.3958],[14.8671,47.3942],[14.8775,47.3922],[14.8868,47.3873],[14.897,47.387],[14.907,47.3889],[14.9167,47.3919],[14.9268,47.3904],[14.9368,47.3896],[14.9448,47.383],[14.9539,47.3784],[14.9641,47.3762],[14.9737,47.3731],[14.9838,47.372],[14.9928,47.3669],[15.0024,47.3636],[15.0083,47.3552],[15.0123,47.3457],[15.0178,47.3371]]}},{"type":"Feature","properties":{"r":4,"n":"Elbe"},"geometry":{"type":"LineString","coordinates":[[11.9396,51.9393],[11.9313,51.9474],[11.922,51.9527],[11.9118,51.9566],[11.904,51.9642],[11.8946,51.971],[11.8857,51.9769],[11.8839,51.9881],[11.8896,51.9983],[11.8904,52.0097],[11.8832,52.0171],[11.8753,52.0256],[11.8633,52.0266],[11.8535,52.0214],[11.8476,52.0115],[11.8356,52.0084],[11.8246,52.0093],[11.8145,52.0118],[11.8049,52.0171],[11.7989,52.0266],[11.7901,52.0324],[11.7792,52.0326],[11.7685,52.0278],[11.7591,52.0233],[11.7471,52.0224],[11.7355,52.0254],[11.7255,52.032],[11.7141,52.0376],[11.7058,52.0437],[11.6949,52.0493],[11.6865,52.0583],[11.6806,52.0666],[11.6759,52.0785],[11.6778,52.0896],[11.6726,52.0993],[11.6621,52.1047]]}},{"type":"Feature","properties":{"r":6,"n":"Nord-Ostsee-Kanal"},"geometry":{"type":"LineString","coordinates":[[9.4437,54.173],[9.4291,54.1683],[9.4172,54.1647],[9.4069,54.162],[9.3931,54.1588],[9.3793,54.1551],[9.3684,54.1516],[9.3526,54.1456],[9.3422,54.1403],[9.3335,54.1324],[9.3278,54.1172],[9.3296,54.1056],[9.3236,54.0884],[9.3143,54.071],[9.3094,54.059],[9.3056,54.0477],[9.3029,54.0368],[9.3002,54.0269],[9.2974,54.0166],[9.2928,54.0003],[9.2851,53.9884],[9.2713,53.9767],[9.2619,53.9698],[9.2536,53.9636],[9.243,53.9559],[9.2335,53.9488],[9.224,53.9418],[9.2144,53.9348],[9.2044,53.9279],[9.1962,53.9218],[9.1837,53.9145],[9.173,53.9085],[9.1616,53.9027],[9.152,53.897]]}},{"type":"Feature","properties":{"r":4,"n":"Plane"},"geometry":{"type":"LineString","coordinates":[[12.7228,52.1513],[12.7303,52.1581],[12.7362,52.1665],[12.7299,52.1745],[12.72,52.1762],[12.7118,52.182],[12.7072,52.191],[12.7074,52.2015],[12.709,52.2116],[12.7001,52.2173],[12.6894,52.2209],[12.6805,52.2263],[12.6697,52.2286],[12.6573,52.2311],[12.6492,52.2371],[12.6411,52.2457],[12.6324,52.252],[12.6251,52.2589],[12.6187,52.2668],[12.6093,52.2712],[12.6005,52.2761],[12.59,52.2793],[12.5832,52.2873],[12.573,52.2915],[12.564,52.2976],[12.5578,52.3056],[12.5534,52.3148],[12.544,52.3219],[12.5417,52.3321],[12.5415,52.347],[12.5395,52.3569],[12.5466,52.3659],[12.5443,52.376],[12.535,52.3872]]}},{"type":"Feature","properties":{"r":4,"n":"Boven-Slinge"},"geometry":{"type":"LineString","coordinates":[[6.771,51.9464],[6.7609,51.9479],[6.7539,51.9552],[6.7437,51.9557],[6.7335,51.9549],[6.7232,51.9557],[6.7128,51.9545],[6.7063,51.9469],[6.6979,51.9414],[6.6876,51.943],[6.6776,51.942],[6.668,51.9479],[6.6569,51.952],[6.6442,51.9518],[6.6354,51.9455],[6.6242,51.9424],[6.6147,51.9392],[6.6069,51.9325],[6.5977,51.928],[6.5879,51.9254],[6.5774,51.9245],[6.5692,51.9304],[6.5584,51.9309],[6.5399,51.9357],[6.5301,51.9408],[6.5075,51.9435],[6.4853,51.9465],[6.4762,51.9507],[6.4666,51.9547],[6.4568,51.9568],[6.4473,51.96],[6.4373,51.9625],[6.4242,51.965]]}},{"type":"Feature","properties":{"r":4,"n":"Oder/Odra"},"geometry":{"type":"LineString","coordinates":[[14.1548,52.8972],[14.1513,52.908],[14.1479,52.9188],[14.1446,52.9291],[14.1431,52.939],[14.1404,52.9487],[14.1423,52.959],[14.1522,52.9638],[14.1626,52.9661],[14.1695,52.9735],[14.1867,52.9794],[14.1974,52.9837],[14.2076,52.9871],[14.2189,52.9891],[14.2292,52.9921],[14.2416,52.9962],[14.2541,53.0013],[14.263,53.0063],[14.2737,53.0121],[14.2986,53.0249],[14.3075,53.0313],[14.3165,53.0373],[14.3316,53.0442],[14.346,53.0533],[14.3541,53.0625],[14.3596,53.0723],[14.3654,53.0806],[14.3695,53.0899],[14.3698,53.1005],[14.3765,53.1096],[14.3803,53.1221],[14.3828,53.1325],[14.3874,53.142]]}},{"type":"Feature","properties":{"r":4,"n":"Recknitz"},"geometry":{"type":"LineString","coordinates":[[12.3399,53.9296],[12.346,53.9377],[12.353,53.9452],[12.3613,53.9521],[12.3678,53.9604],[12.3749,53.968],[12.3856,53.9722],[12.3947,53.9775],[12.4033,53.9827],[12.4131,53.9851],[12.4213,53.9911],[12.4294,53.9977],[12.4404,54.0012],[12.4503,54.0048],[12.453,54.0146],[12.4631,54.0185],[12.4719,54.0248],[12.4828,54.0274],[12.4933,54.0345],[12.5036,54.0386],[12.5142,54.0419],[12.5235,54.0458],[12.5291,54.0549],[12.5387,54.0602],[12.5484,54.0639],[12.5602,54.0677],[12.5716,54.0681],[12.5811,54.0717],[12.5916,54.0705],[12.5999,54.0762],[12.6099,54.0772],[12.6175,54.0838],[12.6274,54.0816]]}},{"type":"Feature","properties":{"r":4,"n":"Ina"},"geometry":{"type":"LineString","coordinates":[[15.4513,53.2364],[15.4409,53.2387],[15.4308,53.2416],[15.4213,53.2455],[15.4081,53.2469],[15.3978,53.2469],[15.3881,53.2508],[15.3771,53.2501],[15.3671,53.2504],[15.3558,53.2492],[15.3458,53.2499],[15.3358,53.2532],[15.3258,53.2533],[15.3157,53.2544],[15.3058,53.2515],[15.2957,53.2513],[15.2856,53.2527],[15.2761,53.2563],[15.2667,53.2614],[15.2564,53.2636],[15.2462,53.2658],[15.2361,53.267],[15.2259,53.2656],[15.2153,53.2655],[15.2046,53.2665],[15.1954,53.2716],[15.1851,53.273],[15.1749,53.2766],[15.1648,53.2777],[15.1545,53.2789],[15.144,53.2794],[15.1342,53.2831],[15.124,53.2861]]}},{"type":"Feature","properties":{"r":4,"n":"Ohře"},"geometry":{"type":"LineString","coordinates":[[13.7429,50.3589],[13.7438,50.3689],[13.754,50.367],[13.7643,50.3655],[13.773,50.3707],[13.783,50.3683],[13.7908,50.362],[13.8002,50.3579],[13.8119,50.3623],[13.8201,50.3682],[13.831,50.3664],[13.841,50.3671],[13.8509,50.3699],[13.8598,50.3754],[13.869,50.3798],[13.8796,50.3814],[13.8848,50.3728],[13.8955,50.3697],[13.8979,50.3797],[13.9053,50.3865],[13.9147,50.392],[13.9191,50.3826],[13.9292,50.3794],[13.9375,50.385],[13.9358,50.395],[13.9442,50.4007],[13.952,50.394],[13.9616,50.3901],[13.9715,50.3928],[13.9807,50.3881],[13.991,50.3904],[14.0026,50.3926]]}},{"type":"Feature","properties":{"r":4,"n":"Milz"},"geometry":{"type":"LineString","coordinates":[[10.6412,50.3818],[10.6487,50.3744],[10.6403,50.3687],[10.631,50.3645],[10.6208,50.3612],[10.6108,50.3607],[10.5995,50.3596],[10.5896,50.3581],[10.5791,50.3596],[10.5701,50.3642],[10.5607,50.3678],[10.5539,50.3754],[10.5437,50.3763],[10.5331,50.3759],[10.5228,50.3741],[10.5131,50.3706],[10.5031,50.3681],[10.4933,50.3644],[10.4824,50.363],[10.4723,50.3623],[10.4624,50.3608],[10.4522,50.3618],[10.4422,50.3617],[10.4325,50.3589],[10.4222,50.3559],[10.4131,50.3517],[10.406,50.3443],[10.397,50.3399],[10.3865,50.3374],[10.3814,50.3287],[10.3777,50.3194],[10.368,50.3169]]}},{"type":"Feature","properties":{"r":6,"n":"Mittellandkanal"},"geometry":{"type":"LineString","coordinates":[[8.3186,52.3342],[8.3072,52.3354],[8.2961,52.3365],[8.2792,52.3399],[8.2672,52.3439],[8.2569,52.3492],[8.2474,52.3524],[8.236,52.3565],[8.2273,52.3628],[8.2215,52.3722],[8.2144,52.3799],[8.2026,52.3849],[8.1905,52.3906],[8.1767,52.3948],[8.1654,52.398],[8.1547,52.4016],[8.145,52.4081],[8.1354,52.4118],[8.1213,52.4127],[8.1066,52.4129],[8.0947,52.413],[8.0841,52.4129],[8.0733,52.4106],[8.0601,52.4087],[8.0491,52.4079],[8.0389,52.4061],[8.027,52.4023],[8.0111,52.4008],[7.998,52.3989],[7.9861,52.3973],[7.9752,52.3954],[7.9653,52.3933]]}},{"type":"Feature","properties":{"r":4,"n":"Dosse"},"geometry":{"type":"LineString","coordinates":[[12.5678,53.1032],[12.5656,53.093],[12.5603,53.0844],[12.5571,53.0748],[12.5539,53.0647],[12.5443,53.0616],[12.5413,53.052],[12.5506,53.0476],[12.5429,53.0407],[12.5351,53.0337],[12.5273,53.0264],[12.5169,53.0214],[12.5091,53.0144],[12.4991,53.0084],[12.5035,52.9974],[12.4994,52.9882],[12.5058,52.9801],[12.513,52.9721],[12.5181,52.9634],[12.5136,52.9544],[12.5054,52.9469],[12.5013,52.9375],[12.4929,52.931],[12.4876,52.9215],[12.4814,52.9132],[12.4746,52.9049],[12.4682,52.8966],[12.458,52.8929],[12.4527,52.8841],[12.4468,52.8755],[12.4401,52.8669],[12.4322,52.8607]]}},{"type":"Feature","properties":{"r":4,"n":"Vltava"},"geometry":{"type":"LineString","coordinates":[[13.9512,48.793],[13.9611,48.7898],[13.9716,48.7851],[13.9792,48.7761],[13.9916,48.7752],[14.0048,48.7747],[14.0144,48.768],[14.0194,48.7586],[14.0245,48.7492],[14.0354,48.7453],[14.0459,48.7441],[14.0565,48.7425],[14.0665,48.7359],[14.0703,48.7234],[14.069,48.7126],[14.0683,48.7009],[14.0911,48.6811],[14.1014,48.6769],[14.111,48.6716],[14.1227,48.6681],[14.1333,48.6634],[14.1453,48.6588],[14.1557,48.6599],[14.1661,48.6544],[14.1697,48.6445],[14.1766,48.637],[14.1869,48.6308],[14.1972,48.6282],[14.209,48.6295],[14.2202,48.6345],[14.2321,48.6346]]}},{"type":"Feature","properties":{"r":4,"n":"Ohře"},"geometry":{"type":"LineString","coordinates":[[12.6017,50.1438],[12.6074,50.1523],[12.6144,50.1601],[12.6213,50.1683],[12.6267,50.1779],[12.6366,50.1802],[12.6472,50.1851],[12.6568,50.1887],[12.6671,50.1886],[12.6762,50.1841],[12.6856,50.1888],[12.6956,50.1875],[12.7059,50.186],[12.7169,50.1841],[12.7261,50.1887],[12.7347,50.1944],[12.7447,50.1927],[12.7544,50.1889],[12.7655,50.1915],[12.7771,50.1955],[12.7871,50.1936],[12.7973,50.1952],[12.8081,50.1947],[12.8186,50.1931],[12.8135,50.2021],[12.8158,50.2124],[12.8269,50.2142],[12.8347,50.2205],[12.8439,50.2258],[12.858,50.2307],[12.8683,50.2325]]}},{"type":"Feature","properties":{"r":4,"n":"Leine"},"geometry":{"type":"LineString","coordinates":[[9.4653,52.5252],[9.4707,52.5347],[9.4806,52.5331],[9.4841,52.5431],[9.4947,52.5432],[9.5038,52.5491],[9.5091,52.5576],[9.5183,52.5616],[9.5281,52.565],[9.5381,52.5646],[9.5466,52.57],[9.5546,52.5765],[9.5649,52.5779],[9.5732,52.584],[9.5814,52.5903],[9.5868,52.5991],[9.5938,52.6064],[9.5931,52.6167],[9.5846,52.6227],[9.5799,52.6318],[9.5803,52.6419],[9.5877,52.649],[9.5977,52.6468],[9.6006,52.6564],[9.5902,52.6577],[9.5868,52.6674],[9.5914,52.6764],[9.6013,52.6779],[9.5976,52.6872],[9.5957,52.6972],[9.5961,52.708]]}},{"type":"Feature","properties":{"r":4,"n":"Lippe"},"geometry":{"type":"LineString","coordinates":[[6.908,51.6706],[6.8969,51.6676],[6.8852,51.6696],[6.8772,51.6773],[6.8672,51.6742],[6.8554,51.674],[6.8439,51.6722],[6.8339,51.6711],[6.8237,51.6686],[6.8133,51.6675],[6.8031,51.6669],[6.7929,51.6658],[6.7839,51.6593],[6.7731,51.6549],[6.7631,51.6549],[6.7555,51.648],[6.7438,51.6467],[6.7329,51.6451],[6.7211,51.6447],[6.7101,51.6476],[6.6999,51.6433],[6.6897,51.643],[6.6797,51.6444],[6.6708,51.6394],[6.6607,51.6425],[6.6517,51.6381],[6.645,51.6466],[6.6338,51.6443],[6.6238,51.6432],[6.6135,51.6456],[6.6041,51.6508]]}},{"type":"Feature","properties":{"r":4,"n":"Lenne"},"geometry":{"type":"LineString","coordinates":[[8.0046,51.1456],[7.9957,51.151],[7.9877,51.1581],[7.9799,51.1654],[7.9692,51.1664],[7.9631,51.1747],[7.9708,51.1819],[7.9695,51.1921],[7.96,51.1967],[7.9667,51.2051],[7.9595,51.2129],[7.9517,51.2194],[7.9431,51.2255],[7.9339,51.2206],[7.9236,51.2209],[7.914,51.2241],[7.905,51.2193],[7.8972,51.2259],[7.8896,51.2333],[7.8799,51.2364],[7.8734,51.2287],[7.8627,51.2312],[7.8527,51.2335],[7.8423,51.2319],[7.8323,51.2329],[7.824,51.2399],[7.8164,51.2465],[7.8063,51.25],[7.7976,51.2555],[7.7884,51.26],[7.778,51.2623]]}},{"type":"Feature","properties":{"r":4,"n":"Schipbeek"},"geometry":{"type":"LineString","coordinates":[[6.5047,52.1958],[6.4965,52.2029],[6.4905,52.2114],[6.4808,52.2175],[6.4714,52.2217],[6.4626,52.2272],[6.4532,52.2321],[6.4441,52.237],[6.4318,52.2392],[6.4208,52.2414],[6.4098,52.2431],[6.3988,52.2431],[6.3861,52.2431],[6.3756,52.245],[6.3637,52.2454],[6.3505,52.2451],[6.3389,52.2438],[6.3228,52.245],[6.313,52.247],[6.3013,52.2477],[6.2913,52.2463],[6.281,52.2445],[6.2709,52.2441],[6.2608,52.2447],[6.2506,52.2417],[6.2348,52.2389],[6.2201,52.2382],[6.2095,52.2375],[6.1957,52.2361],[6.1856,52.2367],[6.1728,52.234]]}},{"type":"Feature","properties":{"r":4,"n":"Waal"},"geometry":{"type":"LineString","coordinates":[[5.8269,51.8658],[5.8156,51.8704],[5.8032,51.8745],[5.7928,51.8765],[5.7822,51.8775],[5.7699,51.8792],[5.7559,51.8825],[5.7424,51.8849],[5.73,51.8864],[5.7203,51.8889],[5.7071,51.8932],[5.6932,51.8953],[5.6806,51.8956],[5.666,51.8958],[5.6541,51.8969],[5.6415,51.8986],[5.631,51.8993],[5.6159,51.8993],[5.6055,51.8991],[5.5924,51.8995],[5.5782,51.9014],[5.5681,51.9019],[5.553,51.9005],[5.5418,51.8982],[5.5307,51.8944],[5.5195,51.8915],[5.5093,51.8898],[5.4988,51.889],[5.4887,51.8892],[5.4787,51.8895],[5.4675,51.8892]]}},{"type":"Feature","properties":{"r":4,"n":"Berounka"},"geometry":{"type":"LineString","coordinates":[[13.5201,49.8897],[13.5282,49.8959],[13.5383,49.8946],[13.5459,49.9014],[13.5389,49.9091],[13.5292,49.9119],[13.5376,49.9184],[13.5481,49.9188],[13.5552,49.9269],[13.5657,49.929],[13.575,49.9247],[13.5843,49.9198],[13.5959,49.9218],[13.6054,49.9264],[13.5946,49.9315],[13.5878,49.9405],[13.5947,49.9482],[13.6052,49.9481],[13.6152,49.9449],[13.6231,49.9376],[13.6322,49.9331],[13.6443,49.9324],[13.6525,49.9383],[13.6583,49.9475],[13.6638,49.9571],[13.6769,49.9617],[13.6874,49.9603],[13.6982,49.9601],[13.7073,49.9646],[13.7184,49.9674]]}},{"type":"Feature","properties":{"r":4,"n":"Ammer"},"geometry":{"type":"LineString","coordinates":[[11.0503,47.7748],[11.0599,47.7786],[11.0706,47.7801],[11.0804,47.7829],[11.0899,47.787],[11.1,47.7859],[11.11,47.7857],[11.1203,47.7865],[11.1167,47.7959],[11.1115,47.8046],[11.1151,47.814],[11.1157,47.824],[11.1241,47.8297],[11.1276,47.8395],[11.1369,47.8438],[11.1408,47.8531],[11.1427,47.8632],[11.1416,47.8741],[11.1471,47.8856],[11.1481,47.8957],[11.1486,47.9068],[11.151,47.9166],[11.1453,47.927],[11.1423,47.9372],[11.1358,47.9542],[11.124,47.9963],[11.1193,48.0133],[11.1179,48.0253],[11.1174,48.0487],[11.1298,48.0752]]}},{"type":"Feature","properties":{"r":6,"n":"Mittellandkanal"},"geometry":{"type":"LineString","coordinates":[[9.3219,52.3878],[9.3101,52.3873],[9.2914,52.3855],[9.2771,52.3841],[9.2669,52.383],[9.2566,52.382],[9.2415,52.3805],[9.23,52.3793],[9.2193,52.3783],[9.2082,52.3772],[9.1975,52.376],[9.1874,52.375],[9.1756,52.3739],[9.1622,52.3706],[9.1488,52.367],[9.1388,52.3642],[9.126,52.3591],[9.1159,52.3542],[9.1022,52.3477],[9.0934,52.3421],[9.0866,52.3331],[9.0794,52.3233],[9.0686,52.3173],[9.0566,52.3125],[9.0446,52.3072],[9.0347,52.3028],[9.0209,52.2966],[9.0104,52.2927],[8.9979,52.2928],[8.9844,52.2977]]}},{"type":"Feature","properties":{"r":4,"n":"Lune"},"geometry":{"type":"LineString","coordinates":[[8.7942,53.4247],[8.784,53.4268],[8.7729,53.4264],[8.7631,53.4238],[8.7536,53.4188],[8.7436,53.42],[8.7364,53.4273],[8.727,53.4316],[8.7162,53.4337],[8.7045,53.4362],[8.6947,53.4385],[8.685,53.4421],[8.6748,53.4452],[8.6645,53.4463],[8.6545,53.4497],[8.6431,53.4497],[8.6331,53.4489],[8.6222,53.4503],[8.6117,53.4506],[8.6036,53.4565],[8.598,53.4656],[8.5878,53.4658],[8.5819,53.457],[8.5744,53.448],[8.5683,53.4394],[8.5596,53.431],[8.5486,53.4248],[8.5393,53.4209],[8.5293,53.4219],[8.5144,53.4205]]}},{"type":"Feature","properties":{"r":4,"n":"Weser"},"geometry":{"type":"LineString","coordinates":[[9.4576,51.9],[9.468,51.9024],[9.4657,51.9129],[9.4583,51.9218],[9.4632,51.9309],[9.4743,51.9276],[9.4842,51.9233],[9.4959,51.9238],[9.506,51.9272],[9.5104,51.937],[9.5037,51.9478],[9.5018,51.9596],[9.5097,51.9684],[9.5173,51.9758],[9.5164,51.9876],[9.505,51.9954],[9.4932,51.9966],[9.4804,51.9937],[9.47,51.9874],[9.4577,51.9845],[9.4428,51.9889],[9.4329,51.9971],[9.4294,52.0067],[9.4252,52.0158],[9.43,52.0271],[9.4225,52.035],[9.4119,52.0407],[9.3973,52.0494],[9.3856,52.054],[9.3736,52.0591]]}},{"type":"Feature","properties":{"r":4,"n":"Nederrijn"},"geometry":{"type":"LineString","coordinates":[[5.7894,51.9607],[5.778,51.9591],[5.7624,51.9634],[5.7523,51.9683],[5.7405,51.9702],[5.7291,51.9672],[5.7135,51.9632],[5.6983,51.9616],[5.6879,51.9602],[5.6781,51.9582],[5.6669,51.953],[5.6524,51.9535],[5.6406,51.9496],[5.6304,51.943],[5.6163,51.9415],[5.6031,51.9442],[5.5912,51.9497],[5.5814,51.9517],[5.5705,51.9534],[5.5536,51.9571],[5.5425,51.9657],[5.5305,51.9696],[5.5165,51.972],[5.5041,51.9769],[5.4922,51.9817],[5.4822,51.9838],[5.4668,51.9832],[5.4549,51.9837],[5.4432,51.9859],[5.43,51.9833]]}},{"type":"Feature","properties":{"r":4,"n":"Elbe"},"geometry":{"type":"LineString","coordinates":[[11.9792,52.5359],[11.9821,52.5462],[11.9856,52.5567],[11.9848,52.5671],[11.9888,52.578],[11.9974,52.5865],[12.003,52.5962],[12.0031,52.6074],[12.0061,52.6183],[12.0068,52.6288],[12.014,52.6377],[12.0146,52.65],[12.0106,52.6607],[12.0136,52.6712],[12.0145,52.6816],[12.0224,52.6912],[12.0261,52.7018],[12.0263,52.7139],[12.035,52.7227],[12.0416,52.7308],[12.041,52.7417],[12.0416,52.7523],[12.0361,52.7641],[12.0314,52.7751],[12.0328,52.7861],[12.0303,52.7964],[12.0247,52.8079],[12.023,52.8185],[12.0318,52.827],[12.0398,52.8346]]}},{"type":"Feature","properties":{"r":4,"n":"Ohre"},"geometry":{"type":"LineString","coordinates":[[10.9445,52.6034],[10.9548,52.6018],[10.9577,52.592],[10.9677,52.5903],[10.9784,52.585],[10.9869,52.5781],[10.9867,52.5679],[10.9822,52.5587],[10.981,52.5482],[10.9797,52.5372],[10.9828,52.5249],[10.9935,52.5165],[11.0032,52.5096],[11.0165,52.5],[11.0265,52.4962],[11.0422,52.4905],[11.0538,52.4845],[11.0631,52.4789],[11.0739,52.4723],[11.0841,52.4659],[11.0949,52.4581],[11.1039,52.4506],[11.1223,52.4434],[11.1359,52.4384],[11.1476,52.434],[11.1607,52.4343],[11.1819,52.436],[11.2092,52.4382],[11.2231,52.4363],[11.2393,52.4333]]}},{"type":"Feature","properties":{"r":4,"n":"Altmühl"},"geometry":{"type":"LineString","coordinates":[[11.304,48.9098],[11.3017,48.9196],[11.306,48.9294],[11.3145,48.9358],[11.3255,48.9349],[11.3356,48.9336],[11.3407,48.9242],[11.3514,48.9223],[11.3614,48.9204],[11.3712,48.9224],[11.3758,48.9313],[11.3667,48.9365],[11.3564,48.937],[11.3563,48.947],[11.3666,48.9491],[11.3769,48.9469],[11.3874,48.949],[11.3954,48.9553],[11.3973,48.9655],[11.3905,48.9731],[11.3858,48.982],[11.3833,48.992],[11.39,49],[11.4,49.0014],[11.4095,48.9977],[11.4197,48.9952],[11.4295,48.9924],[11.44,48.9935],[11.4491,48.9983]]}},{"type":"Feature","properties":{"r":4,"n":"Main"},"geometry":{"type":"LineString","coordinates":[[11.3977,50.087],[11.3875,50.0873],[11.3778,50.0898],[11.3729,50.0986],[11.363,50.102],[11.3524,50.1022],[11.342,50.1052],[11.3325,50.109],[11.3226,50.1123],[11.3125,50.1139],[11.3027,50.1167],[11.2937,50.1213],[11.2845,50.1255],[11.2735,50.1254],[11.2633,50.1259],[11.2537,50.1293],[11.2445,50.1346],[11.2344,50.1361],[11.2244,50.1389],[11.2149,50.1422],[11.2061,50.1474],[11.1966,50.1517],[11.1857,50.1533],[11.1753,50.1561],[11.1651,50.1558],[11.1551,50.1568],[11.1477,50.1637],[11.1376,50.1596],[11.1268,50.1581]]}},{"type":"Feature","properties":{"r":4,"n":"Chomutovka"},"geometry":{"type":"LineString","coordinates":[[13.4241,50.4575],[13.434,50.4537],[13.4432,50.4493],[13.4515,50.4429],[13.4604,50.437],[13.469,50.4311],[13.4781,50.4257],[13.4884,50.4255],[13.4985,50.4233],[13.5092,50.4227],[13.5187,50.4184],[13.5292,50.4161],[13.5384,50.4119],[13.5477,50.4078],[13.5573,50.4033],[13.5669,50.4001],[13.5768,50.3953],[13.5843,50.3882],[13.5947,50.3852],[13.6049,50.3841],[13.6145,50.381],[13.6242,50.3779],[13.6337,50.3746],[13.6438,50.3734],[13.6535,50.3704],[13.6635,50.3691],[13.6735,50.371],[13.6835,50.3708],[13.6938,50.3686]]}},{"type":"Feature","properties":{"r":4,"n":"Wesenitz"},"geometry":{"type":"LineString","coordinates":[[14.1957,51.1293],[14.1857,51.1284],[14.1762,51.1238],[14.1668,51.1202],[14.1573,51.1162],[14.1472,51.1147],[14.1396,51.1076],[14.1296,51.1072],[14.1197,51.1053],[14.1096,51.106],[14.1012,51.1003],[14.0949,51.0923],[14.088,51.0844],[14.0839,51.0747],[14.08,51.0648],[14.0719,51.0587],[14.0623,51.0554],[14.0622,51.0451],[14.0529,51.0403],[14.0426,51.0393],[14.0326,51.0385],[14.022,51.042],[14.0117,51.043],[14.0016,51.042],[13.9923,51.0377],[13.9907,51.0273],[13.9971,51.0196],[13.9979,51.0093],[14.0064,51.0037]]}},{"type":"Feature","properties":{"r":4,"n":"Große Aue"},"geometry":{"type":"LineString","coordinates":[[8.8895,52.6093],[8.8987,52.6027],[8.9087,52.5993],[8.9194,52.5972],[8.9306,52.5972],[8.9406,52.5974],[8.9506,52.5963],[8.9548,52.5868],[8.9652,52.5865],[8.9743,52.5821],[8.9855,52.5796],[9.0004,52.5749],[9.0093,52.5692],[9.0196,52.5663],[9.0273,52.5732],[9.0374,52.5769],[9.0488,52.5792],[9.0601,52.582],[9.0688,52.5872],[9.0781,52.5927],[9.0906,52.5935],[9.0944,52.6028],[9.1045,52.6069],[9.1155,52.6067],[9.124,52.612],[9.1347,52.613],[9.1445,52.6165],[9.1548,52.6186],[9.1649,52.6237]]}},{"type":"Feature","properties":{"r":6,"n":"Nord-Ostsee-Kanal"},"geometry":{"type":"LineString","coordinates":[[9.75,54.3419],[9.7382,54.3357],[9.7279,54.3307],[9.7169,54.3237],[9.7126,54.3144],[9.7097,54.3046],[9.6999,54.2976],[9.688,54.2944],[9.6733,54.2919],[9.6582,54.2896],[9.645,54.2854],[9.6353,54.2788],[9.6288,54.2702],[9.6218,54.259],[9.6157,54.2487],[9.6082,54.2364],[9.6024,54.2281],[9.5947,54.2203],[9.5841,54.2139],[9.5722,54.2081],[9.5629,54.2035],[9.5478,54.1972],[9.5344,54.1932],[9.5199,54.1899],[9.5055,54.1868],[9.4912,54.1838],[9.4765,54.1809],[9.4622,54.1777],[9.448,54.1743]]}},{"type":"Feature","properties":{"r":4,"n":"Lubsza"},"geometry":{"type":"LineString","coordinates":[[14.9423,51.794],[14.9328,51.798],[14.9234,51.8015],[14.9132,51.801],[14.9033,51.8036],[14.8933,51.8047],[14.883,51.807],[14.8728,51.8101],[14.8627,51.8136],[14.8542,51.8195],[14.8526,51.8294],[14.8512,51.8399],[14.8425,51.8483],[14.8328,51.8511],[14.8265,51.8602],[14.8221,51.8694],[14.8133,51.8743],[14.806,51.8812],[14.7971,51.8871],[14.7882,51.8924],[14.778,51.8925],[14.7692,51.8989],[14.7624,51.9065],[14.7555,51.9141],[14.751,51.9232],[14.7486,51.9331],[14.7401,51.9388],[14.7326,51.946],[14.7273,51.9546]]}},{"type":"Feature","properties":{"r":4,"n":"Großer Graben"},"geometry":{"type":"LineString","coordinates":[[10.7633,52.0474],[10.7745,52.0497],[10.7868,52.0499],[10.7981,52.0481],[10.8082,52.0477],[10.8225,52.0481],[10.8398,52.0496],[10.8523,52.05],[10.8621,52.0528],[10.8716,52.0571],[10.8816,52.0588],[10.8917,52.0585],[10.9068,52.058],[10.9171,52.0581],[10.9322,52.0586],[10.9446,52.0586],[10.9576,52.0577],[10.9669,52.0536],[10.9769,52.0519],[10.9869,52.0516],[10.9972,52.0495],[11.0087,52.0474],[11.0192,52.0429],[11.032,52.0394],[11.0422,52.0383],[11.0527,52.0372],[11.0678,52.0368],[11.0786,52.0367],[11.0912,52.0344]]}},{"type":"Feature","properties":{"r":4,"n":"Elbe"},"geometry":{"type":"LineString","coordinates":[[11.1733,53.1556],[11.1636,53.1617],[11.1536,53.1671],[11.1437,53.1691],[11.1337,53.1675],[11.1249,53.1621],[11.1172,53.1547],[11.1108,53.1466],[11.1022,53.1405],[11.0923,53.1385],[11.0819,53.1395],[11.0719,53.1434],[11.0634,53.1487],[11.0544,53.1533],[11.0453,53.1578],[11.0365,53.163],[11.0273,53.1677],[11.019,53.1751],[11.0114,53.1816],[11.0018,53.1854],[10.9915,53.1882],[10.9818,53.1928],[10.9717,53.1981],[10.9619,53.2022],[10.9531,53.207],[10.9432,53.2113],[10.9341,53.2157],[10.9252,53.2225],[10.9158,53.2281]]}},{"type":"Feature","properties":{"r":4,"n":"Holtemme"},"geometry":{"type":"LineString","coordinates":[[10.9087,51.8711],[10.9131,51.8802],[10.9229,51.8828],[10.9334,51.8834],[10.9436,51.8827],[10.9543,51.8837],[10.9655,51.8849],[10.9745,51.8898],[10.9846,51.8913],[10.9946,51.8931],[11.0053,51.8934],[11.0152,51.8955],[11.0252,51.8943],[11.0351,51.8974],[11.0459,51.9008],[11.056,51.9027],[11.0659,51.9049],[11.0797,51.9135],[11.0899,51.9183],[11.0999,51.9212],[11.1101,51.9234],[11.1207,51.9263],[11.129,51.932],[11.1396,51.934],[11.1497,51.9357],[11.1595,51.9421],[11.1682,51.9481],[11.1772,51.953],[11.1821,51.9618]]}},{"type":"Feature","properties":{"r":4,"n":"Selke"},"geometry":{"type":"LineString","coordinates":[[11.0195,51.6346],[11.0272,51.6281],[11.0366,51.6246],[11.0459,51.6189],[11.0561,51.6188],[11.0661,51.6202],[11.0741,51.6263],[11.0841,51.6256],[11.0937,51.6294],[11.1002,51.6372],[11.1078,51.644],[11.1172,51.6488],[11.1245,51.6557],[11.1301,51.664],[11.1397,51.6671],[11.1495,51.6646],[11.1595,51.6653],[11.1686,51.6701],[11.1775,51.6751],[11.1878,51.6737],[11.198,51.6724],[11.2079,51.6708],[11.2171,51.6753],[11.2272,51.6781],[11.2371,51.68],[11.2467,51.683],[11.2567,51.6841],[11.2667,51.6835],[11.2753,51.6888]]}},{"type":"Feature","properties":{"r":4,"n":"Śląska Ochla"},"geometry":{"type":"LineString","coordinates":[[15.3793,51.8585],[15.3896,51.8567],[15.3997,51.8555],[15.4097,51.8559],[15.42,51.8554],[15.43,51.8573],[15.44,51.8567],[15.4501,51.8557],[15.4605,51.8577],[15.4711,51.8568],[15.4824,51.8581],[15.4942,51.8584],[15.5051,51.8574],[15.516,51.8562],[15.5265,51.8551],[15.5372,51.8537],[15.548,51.8521],[15.559,51.8503],[15.569,51.8479],[15.5787,51.8452],[15.5924,51.8447],[15.6024,51.8435],[15.6124,51.8394],[15.6226,51.837],[15.6337,51.8381],[15.6442,51.8377],[15.6542,51.8386],[15.6645,51.8386],[15.6746,51.8381]]}},{"type":"Feature","properties":{"r":4,"n":"Isar"},"geometry":{"type":"LineString","coordinates":[[12.182,48.5596],[12.1892,48.5675],[12.2,48.5713],[12.2088,48.5769],[12.218,48.5814],[12.2278,48.5846],[12.2427,48.5917],[12.2538,48.5942],[12.2712,48.595],[12.2834,48.5962],[12.2935,48.5995],[12.3045,48.6033],[12.3191,48.6046],[12.3294,48.6066],[12.3403,48.6118],[12.3543,48.6184],[12.3641,48.6204],[12.381,48.62],[12.3955,48.6214],[12.4056,48.6226],[12.4171,48.6241],[12.4304,48.6236],[12.445,48.6268],[12.4557,48.6292],[12.4655,48.6312],[12.4787,48.6331],[12.4899,48.6337],[12.506,48.6349]]}},{"type":"Feature","properties":{"r":4,"n":"Lossa"},"geometry":{"type":"LineString","coordinates":[[11.3994,51.1388],[11.3905,51.1335],[11.3797,51.1328],[11.3691,51.134],[11.3592,51.137],[11.3487,51.1375],[11.3395,51.1416],[11.3293,51.1472],[11.3192,51.1465],[11.3095,51.1491],[11.3008,51.1541],[11.2896,51.1551],[11.2788,51.1566],[11.2684,51.1545],[11.2589,51.1513],[11.2478,51.1477],[11.237,51.1478],[11.2272,51.1505],[11.2176,51.1557],[11.2096,51.1618],[11.1998,51.1669],[11.19,51.1714],[11.1812,51.1772],[11.1726,51.1832],[11.1625,51.1842],[11.1515,51.182],[11.1508,51.1922],[11.1444,51.2027]]}},{"type":"Feature","properties":{"r":4,"n":"Nežárka"},"geometry":{"type":"LineString","coordinates":[[15.0649,49.1874],[15.056,49.1822],[15.0586,49.1725],[15.0494,49.1685],[15.0404,49.1639],[15.0297,49.1628],[15.0199,49.1662],[15.0098,49.1614],[15.001,49.1558],[14.997,49.1466],[14.9977,49.1361],[14.9976,49.1258],[15.0005,49.1162],[14.9913,49.1114],[14.9898,49.1012],[14.984,49.0929],[14.9764,49.0864],[14.972,49.0772],[14.9618,49.0747],[14.9516,49.0705],[14.9427,49.0653],[14.9326,49.0675],[14.9224,49.0692],[14.9117,49.069],[14.9014,49.0714],[14.8904,49.0713],[14.8832,49.0797],[14.8731,49.082]]}},{"type":"Feature","properties":{"r":4,"n":"Eider"},"geometry":{"type":"LineString","coordinates":[[9.0947,54.3684],[9.0845,54.3647],[9.0735,54.3626],[9.063,54.3638],[9.0527,54.3667],[9.0406,54.3672],[9.0312,54.3707],[9.0212,54.3784],[9.0091,54.3788],[8.998,54.3744],[8.9891,54.3684],[8.9824,54.3608],[8.9812,54.3508],[8.9883,54.3437],[8.9943,54.3343],[8.9849,54.3291],[8.9747,54.321],[8.9644,54.3154],[8.9539,54.3149],[8.9399,54.3085],[8.9298,54.2997],[8.9251,54.2901],[8.9253,54.2787],[8.912,54.2749],[8.9012,54.2723],[8.8914,54.2646],[8.876,54.2601],[8.8615,54.2602]]}},{"type":"Feature","properties":{"r":6,"n":"Mittellandkanal"},"geometry":{"type":"LineString","coordinates":[[7.8827,52.3782],[7.8727,52.3764],[7.8616,52.3718],[7.8516,52.3675],[7.8399,52.3653],[7.8285,52.3647],[7.8163,52.3642],[7.8043,52.3637],[7.7933,52.3633],[7.7809,52.3623],[7.7699,52.3612],[7.7582,52.3601],[7.7463,52.3591],[7.7358,52.3579],[7.7227,52.3567],[7.7123,52.3552],[7.6977,52.3532],[7.6877,52.3519],[7.6778,52.3498],[7.6632,52.3462],[7.6521,52.3426],[7.6398,52.3359],[7.6298,52.3298],[7.6251,52.3209],[7.6256,52.31],[7.6204,52.301],[7.611,52.2928],[7.6054,52.2831]]}},{"type":"Feature","properties":{"r":4,"n":"Lehrde"},"geometry":{"type":"LineString","coordinates":[[9.5619,52.9557],[9.5559,52.9463],[9.5446,52.9405],[9.5338,52.9404],[9.5236,52.9406],[9.5129,52.9382],[9.5032,52.9356],[9.4918,52.9342],[9.4811,52.9323],[9.4703,52.9319],[9.464,52.9234],[9.4549,52.9176],[9.4471,52.9113],[9.4374,52.908],[9.4275,52.9058],[9.4181,52.9014],[9.4164,52.8914],[9.4139,52.8813],[9.4046,52.8774],[9.3899,52.876],[9.3772,52.8731],[9.3697,52.8651],[9.3589,52.8615],[9.3473,52.8616],[9.3371,52.8626],[9.3268,52.8633],[9.3176,52.8584],[9.3082,52.8619]]}},{"type":"Feature","properties":{"r":6,"n":"Damsterdiep"},"geometry":{"type":"LineString","coordinates":[[6.6456,53.2371],[6.655,53.2435],[6.6638,53.2492],[6.677,53.2582],[6.6869,53.265],[6.6968,53.2717],[6.707,53.2786],[6.7152,53.2859],[6.7239,53.2922],[6.7307,53.2998],[6.7387,53.3061],[6.7477,53.311],[6.7577,53.3105],[6.7686,53.3119],[6.7787,53.3129],[6.789,53.3143],[6.8002,53.316],[6.8109,53.3175],[6.821,53.3188],[6.8313,53.3194],[6.8413,53.3205],[6.8522,53.3215],[6.8628,53.3223],[6.8733,53.3232],[6.8839,53.3234],[6.8956,53.3229],[6.9056,53.3197],[6.9148,53.3251]]}},{"type":"Feature","properties":{"r":4,"n":"Randow"},"geometry":{"type":"LineString","coordinates":[[14.2112,53.4451],[14.2034,53.4528],[14.1998,53.4626],[14.1888,53.4674],[14.1798,53.4718],[14.171,53.4769],[14.1657,53.486],[14.1648,53.496],[14.1634,53.5068],[14.1671,53.5166],[14.1737,53.5254],[14.1814,53.5318],[14.1767,53.5415],[14.1704,53.5521],[14.1632,53.5597],[14.1534,53.5654],[14.1474,53.582],[14.1351,53.5901],[14.1254,53.5959],[14.1165,53.6028],[14.1135,53.614],[14.1032,53.6155],[14.094,53.6199],[14.0845,53.624],[14.0762,53.6301],[14.0694,53.6375],[14.0608,53.643],[14.0688,53.6491]]}},{"type":"Feature","properties":{"r":4,"n":"Lausitzer Neiße / Nysa Łużycka"},"geometry":{"type":"LineString","coordinates":[[14.6499,51.7865],[14.6455,51.7955],[14.6356,51.798],[14.6248,51.8005],[14.6143,51.8037],[14.6041,51.8058],[14.5989,51.8151],[14.5903,51.8205],[14.5932,51.8303],[14.5936,51.8403],[14.6041,51.8396],[14.6124,51.8455],[14.6104,51.8556],[14.6212,51.8576],[14.6307,51.8618],[14.6406,51.8661],[14.6483,51.8728],[14.6541,51.8817],[14.6622,51.8879],[14.6734,51.8895],[14.682,51.8959],[14.6924,51.9008],[14.6942,51.911],[14.7017,51.9198],[14.7036,51.93],[14.7118,51.9365],[14.7196,51.9429],[14.7208,51.9531]]}},{"type":"Feature","properties":{"r":4,"n":"Ilanka"},"geometry":{"type":"LineString","coordinates":[[15.074,52.3172],[15.0715,52.3271],[15.0657,52.3353],[15.0561,52.3382],[15.0451,52.3405],[15.0391,52.3485],[15.0291,52.3496],[15.0208,52.3553],[15.0105,52.3568],[15.0008,52.3539],[14.9909,52.3562],[14.981,52.3546],[14.9707,52.3555],[14.9606,52.3571],[14.9507,52.3587],[14.9407,52.36],[14.931,52.3635],[14.9215,52.3603],[14.9109,52.3606],[14.9002,52.362],[14.8907,52.3663],[14.881,52.3635],[14.871,52.3639],[14.861,52.3646],[14.8522,52.3697],[14.8431,52.365],[14.8437,52.355],[14.8405,52.3454]]}},{"type":"Feature","properties":{"r":4,"n":"Myśla"},"geometry":{"type":"LineString","coordinates":[[14.7653,52.7845],[14.7564,52.7791],[14.7487,52.7727],[14.7429,52.7642],[14.7493,52.7558],[14.7592,52.7529],[14.7688,52.7492],[14.7642,52.7401],[14.7552,52.7354],[14.7503,52.7266],[14.7412,52.7221],[14.7314,52.7243],[14.7221,52.7202],[14.7136,52.7142],[14.7028,52.7136],[14.6945,52.7079],[14.6847,52.7059],[14.6742,52.7061],[14.6631,52.7055],[14.6531,52.7061],[14.643,52.7048],[14.6341,52.7002],[14.6248,52.695],[14.6347,52.6919],[14.6275,52.6849],[14.619,52.6795],[14.6081,52.6808],[14.5981,52.6803]]}},{"type":"Feature","properties":{"r":4,"n":"Unstrut"},"geometry":{"type":"LineString","coordinates":[[10.9307,51.127],[10.939,51.133],[10.9491,51.1354],[10.9579,51.1419],[10.9683,51.1446],[10.9786,51.1506],[10.989,51.1527],[10.9999,51.1557],[11.0106,51.1559],[11.021,51.154],[11.0311,51.1531],[11.0397,51.1464],[11.0505,51.1443],[11.0607,51.143],[11.0708,51.1412],[11.081,51.1431],[11.0923,51.1439],[11.1026,51.1461],[11.112,51.1519],[11.1114,51.1626],[11.1149,51.1721],[11.124,51.1779],[11.1257,51.1881],[11.1323,51.1961],[11.1403,51.2023],[11.1378,51.2142],[11.1317,51.2224]]}},{"type":"Feature","properties":{"r":4,"n":"Saalach"},"geometry":{"type":"LineString","coordinates":[[12.6354,47.3895],[12.6455,47.3884],[12.6551,47.3855],[12.6652,47.3833],[12.6746,47.3793],[12.6842,47.376],[12.6939,47.3717],[12.7036,47.3689],[12.7135,47.3657],[12.7235,47.3665],[12.7336,47.3654],[12.7441,47.3652],[12.754,47.3637],[12.7644,47.365],[12.7746,47.3653],[12.7846,47.3644],[12.7953,47.3627],[12.8061,47.3648],[12.8162,47.3675],[12.8249,47.3728],[12.828,47.3827],[12.8351,47.3899],[12.829,47.398],[12.827,47.408],[12.8263,47.4183],[12.8221,47.4281],[12.8207,47.4381]]}},{"type":"Feature","properties":{"r":4,"n":"Bílina"},"geometry":{"type":"LineString","coordinates":[[13.8353,50.5895],[13.8454,50.5881],[13.8541,50.5936],[13.8647,50.595],[13.8575,50.602],[13.8662,50.607],[13.8762,50.6067],[13.8847,50.612],[13.8887,50.6028],[13.8972,50.6081],[13.906,50.6023],[13.916,50.6045],[13.9255,50.6085],[13.9357,50.609],[13.9459,50.6102],[13.955,50.615],[13.9644,50.6186],[13.9743,50.6201],[13.9843,50.6216],[13.9941,50.6243],[13.9896,50.6334],[13.9917,50.6435],[14.0018,50.6433],[14.0068,50.6524],[14.0181,50.6523],[14.0289,50.6555],[14.0398,50.6573]]}},{"type":"Feature","properties":{"r":6,"n":"Kanaal van Bocholt naar Herentals"},"geometry":{"type":"LineString","coordinates":[[5.567,51.187],[5.5546,51.1913],[5.5405,51.2023],[5.5327,51.2086],[5.5234,51.2159],[5.5154,51.2221],[5.5055,51.2274],[5.4834,51.2293],[5.4653,51.2309],[5.4524,51.232],[5.4395,51.2332],[5.4289,51.2342],[5.4098,51.2359],[5.3958,51.2371],[5.3809,51.239],[5.3673,51.2418],[5.3546,51.2444],[5.3422,51.2469],[5.3307,51.2493],[5.3191,51.2517],[5.3063,51.2544],[5.2886,51.2549],[5.2783,51.2529],[5.2655,51.2495],[5.2479,51.2447],[5.2347,51.2413],[5.2245,51.2389]]}},{"type":"Feature","properties":{"r":4,"n":"Ina"},"geometry":{"type":"LineString","coordinates":[[14.8592,53.4962],[14.8508,53.5017],[14.8448,53.5099],[14.8418,53.5195],[14.8437,53.5298],[14.8426,53.5398],[14.8413,53.5498],[14.8356,53.5582],[14.8266,53.563],[14.8175,53.5675],[14.8075,53.567],[14.7967,53.5651],[14.7853,53.566],[14.7727,53.5664],[14.7627,53.5669],[14.7531,53.563],[14.7436,53.5582],[14.7338,53.5561],[14.7235,53.5548],[14.7135,53.553],[14.7035,53.5539],[14.6914,53.5532],[14.6812,53.5516],[14.6721,53.5468],[14.6629,53.5423],[14.6526,53.5391],[14.6392,53.5352]]}},{"type":"Feature","properties":{"r":4,"n":"Oder/Odra"},"geometry":{"type":"LineString","coordinates":[[14.6499,52.2626],[14.6393,52.2642],[14.6272,52.2684],[14.6148,52.2715],[14.6025,52.2719],[14.5923,52.2755],[14.5859,52.2843],[14.5766,52.2882],[14.5823,52.3012],[14.5795,52.3122],[14.5758,52.3216],[14.5658,52.3257],[14.563,52.3357],[14.5586,52.345],[14.5525,52.3532],[14.5526,52.364],[14.552,52.3745],[14.5435,52.3845],[14.5363,52.3918],[14.5368,52.4024],[14.5446,52.41],[14.5443,52.4217],[14.5475,52.4312],[14.5555,52.4373],[14.5662,52.4402],[14.5773,52.4407],[14.5854,52.448]]}},{"type":"Feature","properties":{"r":4,"n":"Ilanka"},"geometry":{"type":"LineString","coordinates":[[14.8302,52.33],[14.8278,52.3202],[14.8207,52.3131],[14.8125,52.3073],[14.8088,52.2977],[14.8019,52.29],[14.7912,52.2845],[14.7827,52.2761],[14.7744,52.2701],[14.7642,52.2705],[14.7539,52.2712],[14.7441,52.2748],[14.7331,52.274],[14.722,52.2758],[14.7127,52.2805],[14.702,52.2814],[14.6921,52.2796],[14.6816,52.2778],[14.6716,52.2773],[14.6607,52.2752],[14.6504,52.2792],[14.6407,52.2817],[14.6303,52.2827],[14.6191,52.2823],[14.6094,52.2864],[14.6026,52.2944],[14.5915,52.3011]]}},{"type":"Feature","properties":{"r":4,"n":"Tywa"},"geometry":{"type":"LineString","coordinates":[[14.659,53.1008],[14.6522,53.1083],[14.6488,53.1178],[14.6394,53.1213],[14.6362,53.1309],[14.625,53.136],[14.6139,53.1382],[14.6186,53.1472],[14.6191,53.1575],[14.6154,53.1677],[14.6081,53.1766],[14.5984,53.1799],[14.5973,53.1899],[14.6028,53.1983],[14.6003,53.208],[14.5919,53.2136],[14.582,53.216],[14.5721,53.2181],[14.5621,53.2186],[14.5525,53.2215],[14.5422,53.2211],[14.5319,53.2248],[14.5216,53.2254],[14.5117,53.2285],[14.5016,53.2282],[14.4913,53.2261],[14.4814,53.2277]]}},{"type":"Feature","properties":{"r":4,"n":"Chemnitz"},"geometry":{"type":"LineString","coordinates":[[12.9163,50.8299],[12.9191,50.8397],[12.9237,50.8488],[12.9236,50.8593],[12.916,50.8665],[12.9054,50.8675],[12.9029,50.8774],[12.8941,50.8828],[12.8938,50.8931],[12.8902,50.9026],[12.8983,50.9096],[12.89,50.9153],[12.8797,50.9167],[12.8697,50.9155],[12.8596,50.9155],[12.8547,50.9247],[12.8515,50.9351],[12.8409,50.938],[12.8303,50.9414],[12.8203,50.9438],[12.8104,50.9453],[12.8048,50.955],[12.8019,50.9653],[12.7937,50.9728],[12.7837,50.9768],[12.7784,50.9859]]}},{"type":"Feature","properties":{"r":4,"n":"Ohře"},"geometry":{"type":"LineString","coordinates":[[14.0026,50.3926],[14.0148,50.396],[14.0255,50.3968],[14.037,50.4001],[14.0469,50.4036],[14.0583,50.4037],[14.0689,50.4059],[14.0794,50.409],[14.0894,50.4063],[14.099,50.4106],[14.1114,50.4103],[14.1217,50.4134],[14.131,50.4177],[14.1386,50.4247],[14.1471,50.4316],[14.1582,50.4318],[14.1598,50.4419],[14.1598,50.452],[14.1548,50.4627],[14.1538,50.4729],[14.1507,50.4827],[14.1585,50.4963],[14.1596,50.5067],[14.1537,50.5154],[14.1474,50.5241],[14.1354,50.5291]]}},{"type":"Feature","properties":{"r":4,"n":"Bina"},"geometry":{"type":"LineString","coordinates":[[12.4017,48.4085],[12.4008,48.4185],[12.4103,48.4238],[12.4201,48.4285],[12.4289,48.4355],[12.4363,48.4439],[12.4467,48.4437],[12.4568,48.4445],[12.4671,48.4458],[12.4777,48.4455],[12.4878,48.4488],[12.5019,48.4465],[12.5119,48.4477],[12.5219,48.4469],[12.5328,48.4449],[12.5421,48.4412],[12.5523,48.4397],[12.5617,48.4362],[12.5712,48.4324],[12.5807,48.4281],[12.5883,48.4215],[12.5981,48.4175],[12.6074,48.4131],[12.6143,48.4058],[12.6233,48.401],[12.6314,48.3945]]}},{"type":"Feature","properties":{"r":4,"n":"Ybbs"},"geometry":{"type":"LineString","coordinates":[[14.8528,48.1174],[14.8634,48.118],[14.8749,48.1134],[14.8859,48.1117],[14.8972,48.1107],[14.907,48.1087],[14.9173,48.1089],[14.9276,48.1096],[14.937,48.1051],[14.9457,48.0993],[14.9554,48.1022],[14.966,48.1054],[14.9763,48.109],[14.9858,48.1126],[14.9958,48.115],[15.0067,48.1153],[15.0179,48.1185],[15.0296,48.1215],[15.0387,48.1259],[15.0492,48.1287],[15.0593,48.1326],[15.0684,48.1377],[15.0775,48.1423],[15.0795,48.153],[15.0884,48.1585],[15.0973,48.1668]]}},{"type":"Feature","properties":{"r":4,"n":"Katschbach"},"geometry":{"type":"LineString","coordinates":[[14.0751,47.2549],[14.0815,47.2472],[14.0867,47.2381],[14.0933,47.2303],[14.0994,47.2223],[14.1058,47.2142],[14.1138,47.2067],[14.1206,47.1992],[14.1288,47.1928],[14.1388,47.1894],[14.1489,47.1872],[14.1586,47.1843],[14.1687,47.1863],[14.1781,47.1826],[14.188,47.1843],[14.1991,47.1814],[14.21,47.1787],[14.2213,47.1771],[14.2312,47.1741],[14.2389,47.1667],[14.2483,47.1615],[14.2575,47.1575],[14.2662,47.1515],[14.2744,47.1447],[14.2842,47.1409],[14.2934,47.1367]]}},{"type":"Feature","properties":{"r":4,"n":"Donau"},"geometry":{"type":"LineString","coordinates":[[13.0381,48.7427],[13.0317,48.7337],[13.0222,48.73],[13.0137,48.7241],[13.0216,48.7166],[13.0319,48.7169],[13.0424,48.7215],[13.0506,48.7273],[13.0599,48.7228],[13.069,48.7157],[13.0791,48.7173],[13.0898,48.7127],[13.098,48.7049],[13.0926,48.6949],[13.085,48.6881],[13.0943,48.6836],[13.1044,48.6856],[13.114,48.6818],[13.1137,48.6716],[13.1202,48.6625],[13.1321,48.6619],[13.1443,48.6613],[13.1543,48.6567],[13.1672,48.6488],[13.1758,48.643],[13.1868,48.6365]]}},{"type":"Feature","properties":{"r":4,"n":"Große Rodl"},"geometry":{"type":"LineString","coordinates":[[14.2999,48.537],[14.309,48.5328],[14.3142,48.5239],[14.3082,48.5157],[14.302,48.5078],[14.3059,48.4985],[14.2972,48.4933],[14.2964,48.4832],[14.2888,48.4765],[14.2807,48.4706],[14.2717,48.4653],[14.2652,48.4576],[14.2587,48.45],[14.2518,48.4427],[14.2447,48.4356],[14.2369,48.4293],[14.2275,48.425],[14.2178,48.4212],[14.2092,48.416],[14.2033,48.4072],[14.1996,48.3979],[14.1998,48.3876],[14.1903,48.3837],[14.1805,48.3805],[14.1701,48.3793],[14.1658,48.3702]]}},{"type":"Feature","properties":{"r":4,"n":"Berounka"},"geometry":{"type":"LineString","coordinates":[[13.7657,49.9728],[13.7756,49.9695],[13.7859,49.9715],[13.7921,49.9796],[13.787,49.9903],[13.7946,49.9969],[13.8042,50],[13.8144,50.0016],[13.825,50.0047],[13.833,50.0118],[13.8355,50.0219],[13.8459,50.0212],[13.8547,50.0158],[13.8604,50.0255],[13.869,50.0307],[13.8757,50.0232],[13.8832,50.0159],[13.8931,50.0204],[13.8899,50.0318],[13.8906,50.0423],[13.8996,50.0503],[13.9091,50.0461],[13.9188,50.0414],[13.9136,50.0327],[13.9229,50.0273],[13.9338,50.023]]}},{"type":"Feature","properties":{"r":4,"n":"Lippe"},"geometry":{"type":"LineString","coordinates":[[8.6535,51.7569],[8.6442,51.7528],[8.6341,51.749],[8.6236,51.7473],[8.6134,51.7473],[8.6039,51.7429],[8.5938,51.7405],[8.5839,51.7379],[8.5749,51.7333],[8.5636,51.7277],[8.5555,51.7212],[8.5454,51.7208],[8.5356,51.7183],[8.5274,51.7124],[8.5171,51.7081],[8.5075,51.7052],[8.498,51.7011],[8.4883,51.6976],[8.4783,51.698],[8.4683,51.6978],[8.4596,51.7029],[8.449,51.7026],[8.4385,51.7026],[8.4283,51.701],[8.4188,51.6973],[8.4083,51.691]]}},{"type":"Feature","properties":{"r":4,"n":"Hunte"},"geometry":{"type":"LineString","coordinates":[[8.2271,53.14],[8.2398,53.1411],[8.2511,53.1431],[8.2604,53.1478],[8.2711,53.1524],[8.2816,53.1537],[8.2916,53.1532],[8.3017,53.1502],[8.3131,53.1535],[8.3222,53.1609],[8.3334,53.1614],[8.3499,53.165],[8.3671,53.1651],[8.3776,53.1678],[8.3884,53.1711],[8.3991,53.1745],[8.4115,53.1797],[8.4195,53.1879],[8.431,53.1924],[8.441,53.1947],[8.4499,53.201],[8.4472,53.2122],[8.4553,53.2199],[8.4647,53.2253],[8.4658,53.2353],[8.4705,53.2452]]}},{"type":"Feature","properties":{"r":6,"n":"Wilhelminakanaal"},"geometry":{"type":"LineString","coordinates":[[5.5648,51.5119],[5.5535,51.5108],[5.5385,51.5094],[5.5192,51.5076],[5.5049,51.5062],[5.4923,51.5053],[5.4764,51.5048],[5.4662,51.5045],[5.4476,51.5039],[5.4333,51.5034],[5.4226,51.5026],[5.4068,51.4971],[5.3966,51.4936],[5.3856,51.4931],[5.3658,51.4957],[5.3517,51.4975],[5.3382,51.4992],[5.3237,51.501],[5.3121,51.5009],[5.3003,51.5001],[5.2805,51.4992],[5.2661,51.4989],[5.2517,51.4988],[5.2372,51.4987],[5.2229,51.4985],[5.21,51.4984]]}},{"type":"Feature","properties":{"r":6,"n":"Veengoot"},"geometry":{"type":"LineString","coordinates":[[6.5098,51.9859],[6.4985,51.9919],[6.4888,51.998],[6.4785,51.9974],[6.4669,52.0012],[6.4586,52.0089],[6.4511,52.0156],[6.445,52.0236],[6.4354,52.0269],[6.4271,52.0356],[6.4203,52.0446],[6.4139,52.0537],[6.4099,52.0662],[6.4034,52.0776],[6.3922,52.0823],[6.3811,52.0832],[6.3681,52.0865],[6.3546,52.0897],[6.3422,52.0929],[6.3321,52.0945],[6.3216,52.0962],[6.3113,52.0959],[6.3008,52.0953],[6.2901,52.0937],[6.2791,52.0939],[6.2689,52.0952]]}},{"type":"Feature","properties":{"r":4,"n":"Helbe"},"geometry":{"type":"LineString","coordinates":[[10.8642,51.2725],[10.8736,51.2679],[10.8807,51.2604],[10.8902,51.257],[10.8978,51.2503],[10.9084,51.2489],[10.9166,51.2424],[10.9256,51.2373],[10.9353,51.2339],[10.9468,51.2311],[10.9556,51.2257],[10.9654,51.2284],[10.9756,51.2275],[10.9855,51.2252],[10.9957,51.2225],[11.0061,51.221],[11.0169,51.2182],[11.0325,51.2181],[11.0448,51.2163],[11.0612,51.2164],[11.0731,51.2156],[11.0853,51.2159],[11.0957,51.2174],[11.1057,51.2207],[11.1159,51.2238],[11.1252,51.2277]]}},{"type":"Feature","properties":{"r":4,"n":"Sude"},"geometry":{"type":"LineString","coordinates":[[11.1688,53.3395],[11.157,53.3356],[11.1467,53.3351],[11.136,53.3366],[11.1234,53.3345],[11.1119,53.3349],[11.101,53.333],[11.0903,53.3311],[11.0803,53.3267],[11.0693,53.3228],[11.059,53.3238],[11.0439,53.3231],[11.0258,53.3198],[11.0122,53.3209],[10.999,53.321],[10.9862,53.323],[10.9762,53.3213],[10.9662,53.32],[10.9553,53.3211],[10.9451,53.3177],[10.935,53.316],[10.9253,53.3186],[10.9149,53.3241],[10.9053,53.3281],[10.8971,53.334],[10.8868,53.3341]]}},{"type":"Feature","properties":{"r":4,"n":"Płonia"},"geometry":{"type":"LineString","coordinates":[[14.8662,53.2766],[14.8568,53.281],[14.8456,53.2844],[14.8369,53.2895],[14.8267,53.2928],[14.8202,53.3004],[14.8119,53.3064],[14.808,53.3159],[14.8015,53.3251],[14.7948,53.3327],[14.7853,53.3362],[14.7791,53.3442],[14.769,53.3451],[14.7622,53.3525],[14.7546,53.359],[14.7457,53.3639],[14.737,53.3692],[14.728,53.3739],[14.7178,53.375],[14.713,53.3841],[14.7088,53.3935],[14.6987,53.3937],[14.6881,53.3939],[14.678,53.3936],[14.6677,53.3935],[14.6585,53.3986]]}},{"type":"Feature","properties":{"r":4,"n":"Donau"},"geometry":{"type":"LineString","coordinates":[[10.3371,48.4855],[10.3571,48.4899],[10.3679,48.492],[10.3786,48.497],[10.3855,48.5048],[10.3875,48.5149],[10.3885,48.5264],[10.3941,48.5393],[10.3985,48.5486],[10.409,48.5567],[10.4207,48.5605],[10.4307,48.5634],[10.4379,48.5704],[10.448,48.5694],[10.457,48.5648],[10.4726,48.5657],[10.4881,48.567],[10.5027,48.5682],[10.5144,48.5712],[10.5259,48.5762],[10.5359,48.5809],[10.5477,48.5912],[10.5586,48.5963],[10.5694,48.5991],[10.5808,48.6026]]}},{"type":"Feature","properties":{"r":4,"n":"Main"},"geometry":{"type":"LineString","coordinates":[[11.1226,50.1584],[11.1122,50.1595],[11.1031,50.1543],[11.0923,50.1525],[11.0849,50.1596],[11.0742,50.1585],[11.0653,50.1535],[11.0555,50.1503],[11.0445,50.1477],[11.0365,50.1414],[11.0285,50.1351],[11.0231,50.1438],[11.0158,50.1369],[11.01,50.1273],[11.0008,50.1233],[10.9901,50.1205],[10.9808,50.1166],[10.9704,50.114],[10.962,50.1082],[10.9652,50.0986],[10.9565,50.0936],[10.9527,50.0843],[10.943,50.0817],[10.9503,50.0748],[10.9474,50.0652]]}},{"type":"Feature","properties":{"r":4,"n":"Pielach"},"geometry":{"type":"LineString","coordinates":[[15.5541,48.1531],[15.5541,48.1634],[15.5496,48.1728],[15.5427,48.1802],[15.5346,48.1863],[15.525,48.1897],[15.5172,48.196],[15.5072,48.2025],[15.4993,48.2089],[15.4892,48.2082],[15.4791,48.2093],[15.469,48.209],[15.4623,48.2015],[15.4523,48.2037],[15.4422,48.2043],[15.432,48.2032],[15.4232,48.2104],[15.4127,48.2121],[15.4028,48.2138],[15.3937,48.2094],[15.3832,48.2107],[15.3739,48.2146],[15.3655,48.2203],[15.3598,48.2287],[15.3537,48.2368]]}},{"type":"Feature","properties":{"r":4,"n":"Ploučnice"},"geometry":{"type":"LineString","coordinates":[[14.5785,50.68],[14.5683,50.6792],[14.5583,50.6821],[14.5481,50.6836],[14.5381,50.6829],[14.5284,50.6803],[14.5183,50.678],[14.5083,50.6776],[14.4985,50.6749],[14.489,50.6784],[14.4792,50.6813],[14.4705,50.6865],[14.4646,50.6949],[14.4528,50.6955],[14.4424,50.6988],[14.4324,50.6995],[14.4224,50.7027],[14.4124,50.705],[14.4023,50.7052],[14.3917,50.7075],[14.3837,50.7139],[14.3763,50.7208],[14.3667,50.7169],[14.3575,50.7122],[14.3501,50.7193]]}},{"type":"Feature","properties":{"r":4,"n":"Altmühl"},"geometry":{"type":"LineString","coordinates":[[10.7536,49.1092],[10.7538,49.0991],[10.7622,49.0928],[10.7706,49.0871],[10.7807,49.0862],[10.7916,49.0868],[10.8016,49.0854],[10.8038,49.0754],[10.8103,49.0672],[10.8182,49.0609],[10.8246,49.053],[10.8319,49.0461],[10.8416,49.0436],[10.849,49.0366],[10.8537,49.0277],[10.8589,49.0191],[10.86,49.0091],[10.8693,49.005],[10.8784,49.0007],[10.8851,48.9932],[10.8939,48.9873],[10.9031,48.9828],[10.9128,48.9798],[10.9168,48.9706],[10.9144,48.9607]]}},{"type":"Feature","properties":{"r":6,"n":"Mittellandkanal"},"geometry":{"type":"LineString","coordinates":[[8.9251,52.3029],[8.9117,52.3016],[8.9011,52.3017],[8.8907,52.3013],[8.8793,52.2991],[8.8689,52.2972],[8.8585,52.2977],[8.8434,52.301],[8.8316,52.3042],[8.8214,52.3079],[8.8105,52.3122],[8.7998,52.316],[8.7879,52.3173],[8.775,52.3183],[8.7589,52.3213],[8.7455,52.3239],[8.7309,52.3268],[8.718,52.3294],[8.703,52.3322],[8.6886,52.3345],[8.6744,52.3354],[8.6633,52.3353],[8.6532,52.3353],[8.6353,52.3345],[8.624,52.3342]]}},{"type":"Feature","properties":{"r":4,"n":"Diemel"},"geometry":{"type":"LineString","coordinates":[[8.7301,51.3814],[8.74,51.3836],[8.75,51.3822],[8.76,51.3853],[8.7517,51.3913],[8.7614,51.3939],[8.7713,51.3957],[8.7809,51.3987],[8.7874,51.4066],[8.7956,51.4127],[8.8057,51.4135],[8.811,51.4222],[8.82,51.4268],[8.8148,51.4356],[8.8248,51.4386],[8.8356,51.4383],[8.8451,51.4416],[8.845,51.4521],[8.8517,51.4602],[8.859,51.4692],[8.8697,51.4715],[8.8785,51.4769],[8.8852,51.4853],[8.8967,51.4872],[8.9058,51.4915]]}},{"type":"Feature","properties":{"r":4,"n":"Wörpe"},"geometry":{"type":"LineString","coordinates":[[9.1359,53.2197],[9.1265,53.2153],[9.1177,53.2104],[9.1079,53.2047],[9.0979,53.2064],[9.0841,53.2054],[9.0742,53.2075],[9.0618,53.2057],[9.0518,53.2035],[9.0419,53.1984],[9.0309,53.1938],[9.0209,53.1932],[9.0121,53.1883],[9.0024,53.1852],[8.9934,53.1789],[8.9834,53.1811],[8.9757,53.1736],[8.966,53.169],[8.9583,53.1612],[8.9493,53.1567],[8.9393,53.1542],[8.9293,53.1506],[8.9198,53.1472],[8.9122,53.14],[8.9016,53.1376]]}},{"type":"Feature","properties":{"r":4,"n":"Vechte"},"geometry":{"type":"LineString","coordinates":[[7.2481,52.2982],[7.2387,52.3027],[7.2341,52.3117],[7.2292,52.3207],[7.221,52.3274],[7.2128,52.3335],[7.2036,52.3375],[7.1938,52.3397],[7.1845,52.3443],[7.1858,52.3544],[7.1923,52.3621],[7.1915,52.3722],[7.1832,52.3783],[7.174,52.3825],[7.1644,52.3871],[7.1548,52.3915],[7.145,52.394],[7.1331,52.3959],[7.1243,52.4007],[7.1137,52.4021],[7.1076,52.4106],[7.0983,52.4148],[7.0948,52.4242],[7.0845,52.427],[7.0771,52.4341]]}},{"type":"Feature","properties":{"r":4,"n":"Volme"},"geometry":{"type":"LineString","coordinates":[[7.5818,51.206],[7.5717,51.2084],[7.5628,51.2132],[7.566,51.2228],[7.5593,51.2303],[7.5543,51.2391],[7.5443,51.2412],[7.5343,51.2411],[7.5245,51.2445],[7.5161,51.251],[7.5162,51.261],[7.521,51.2702],[7.5267,51.2786],[7.5201,51.2865],[7.5264,51.2947],[7.528,51.3046],[7.5262,51.3147],[7.5171,51.3189],[7.5177,51.3297],[7.5121,51.3387],[7.5035,51.3441],[7.4943,51.3481],[7.4845,51.3517],[7.4772,51.3587],[7.4681,51.3632]]}},{"type":"Feature","properties":{"r":4,"n":"Linge"},"geometry":{"type":"LineString","coordinates":[[5.6882,51.935],[5.6782,51.9324],[5.6674,51.9303],[5.657,51.9289],[5.647,51.9267],[5.6356,51.9265],[5.6256,51.9248],[5.6155,51.9239],[5.6052,51.9212],[5.5943,51.9193],[5.5844,51.9175],[5.5733,51.9173],[5.5632,51.9167],[5.5523,51.9171],[5.5409,51.9216],[5.5306,51.9219],[5.52,51.922],[5.51,51.9223],[5.4994,51.9232],[5.4906,51.9182],[5.4803,51.9194],[5.4698,51.9226],[5.4599,51.9241],[5.4498,51.9219],[5.4398,51.9208]]}},{"type":"Feature","properties":{"r":4,"n":"Orke"},"geometry":{"type":"LineString","coordinates":[[8.5779,51.2043],[8.5691,51.199],[8.5724,51.1894],[8.5822,51.1867],[8.5923,51.1855],[8.6024,51.187],[8.6126,51.1849],[8.6228,51.1835],[8.6309,51.1775],[8.6398,51.1727],[8.6484,51.167],[8.6583,51.1689],[8.6684,51.1696],[8.6784,51.169],[8.6884,51.1711],[8.6979,51.1749],[8.7078,51.1769],[8.7174,51.1738],[8.7275,51.172],[8.7346,51.1647],[8.7415,51.1572],[8.75,51.1513],[8.7601,51.1499],[8.7704,51.1527],[8.7849,51.148]]}},{"type":"Feature","properties":{"r":6,"n":"Verlengde Hoogeveensche Vaart"},"geometry":{"type":"LineString","coordinates":[[6.9144,52.7107],[6.8825,52.7134],[6.866,52.7149],[6.8559,52.7157],[6.8344,52.719],[6.8202,52.7216],[6.8094,52.7248],[6.7981,52.7308],[6.7877,52.7365],[6.7738,52.7387],[6.7643,52.7421],[6.7329,52.7378],[6.7205,52.7353],[6.7077,52.7322],[6.6969,52.7295],[6.6823,52.7304],[6.6701,52.7279],[6.6601,52.7281],[6.6454,52.7285],[6.6337,52.7288],[6.6162,52.7271],[6.5972,52.7236],[6.5727,52.7244],[6.558,52.725],[6.5455,52.7254]]}},{"type":"Feature","properties":{"r":4,"n":"Landgraben"},"geometry":{"type":"LineString","coordinates":[[13.5707,53.6966],[13.5832,53.6988],[13.5944,53.7002],[13.6048,53.7011],[13.6152,53.702],[13.6262,53.703],[13.6421,53.7042],[13.6522,53.6985],[13.6697,53.6968],[13.68,53.6963],[13.6934,53.6943],[13.7048,53.6953],[13.7147,53.6981],[13.7256,53.6961],[13.7407,53.6908],[13.7461,53.6823],[13.7615,53.6785],[13.7723,53.6793],[13.7922,53.6789],[13.8009,53.6852],[13.8149,53.6844],[13.8266,53.6824],[13.8388,53.6782],[13.8523,53.6736],[13.8623,53.6704]]}},{"type":"Feature","properties":{"r":4,"n":"Warnow"},"geometry":{"type":"LineString","coordinates":[[11.6249,53.7007],[11.6316,53.71],[11.6428,53.7089],[11.653,53.7071],[11.6613,53.7014],[11.6729,53.7016],[11.682,53.6968],[11.692,53.6961],[11.702,53.6949],[11.7075,53.7049],[11.7171,53.7086],[11.7271,53.7072],[11.736,53.7128],[11.7454,53.7163],[11.7545,53.7208],[11.7651,53.7218],[11.7751,53.7178],[11.7845,53.7225],[11.7944,53.7265],[11.8042,53.7295],[11.8139,53.736],[11.8239,53.7394],[11.8325,53.745],[11.8393,53.7534],[11.8425,53.7629]]}},{"type":"Feature","properties":{"r":4,"n":"Schilde"},"geometry":{"type":"LineString","coordinates":[[11.081,53.5867],[11.0738,53.5788],[11.065,53.5739],[11.0643,53.5634],[11.0728,53.5581],[11.0643,53.5521],[11.057,53.545],[11.0472,53.5418],[11.0376,53.5382],[11.0283,53.5337],[11.0187,53.53],[11.0109,53.5232],[11.0081,53.5135],[10.9989,53.5087],[11.0001,53.4982],[10.9927,53.4907],[10.9848,53.4838],[10.9796,53.4747],[10.9719,53.4682],[10.9628,53.4632],[10.9533,53.4599],[10.9432,53.4597],[10.9349,53.454],[10.9254,53.4503],[10.9153,53.4498]]}},{"type":"Feature","properties":{"r":6,"n":"Peene-Süd-Kanal"},"geometry":{"type":"LineString","coordinates":[[13.503,53.8765],[13.5123,53.872],[13.5193,53.8622],[13.5217,53.8518],[13.517,53.8416],[13.5181,53.8316],[13.5228,53.8226],[13.5318,53.8159],[13.5412,53.8102],[13.551,53.803],[13.5625,53.7937],[13.5689,53.7858],[13.5777,53.7795],[13.5888,53.7736],[13.5996,53.7716],[13.6094,53.7694],[13.6179,53.7603],[13.6222,53.7507],[13.6195,53.7407],[13.6278,53.7344],[13.6185,53.7218],[13.6109,53.7146],[13.6001,53.709],[13.586,53.7025],[13.5756,53.7008]]}},{"type":"Feature","properties":{"r":6,"n":"Neue Jäglitz"},"geometry":{"type":"LineString","coordinates":[[12.389,52.87],[12.3789,52.8725],[12.3678,52.8743],[12.3578,52.8767],[12.3473,52.8804],[12.3365,52.8793],[12.326,52.8784],[12.3162,52.8811],[12.3062,52.8819],[12.2961,52.882],[12.2861,52.8831],[12.2741,52.8764],[12.2661,52.8689],[12.2583,52.8617],[12.2473,52.8513],[12.2397,52.8438],[12.2368,52.834],[12.2277,52.8287],[12.21,52.8261],[12.1997,52.8223],[12.1898,52.8206],[12.1795,52.8182],[12.1686,52.8151],[12.1585,52.8145],[12.1474,52.8139]]}},{"type":"Feature","properties":{"r":4,"n":"Wołcza"},"geometry":{"type":"LineString","coordinates":[[15.0902,53.8814],[15.0803,53.8841],[15.0708,53.8877],[15.0621,53.8927],[15.0527,53.8884],[15.0426,53.8907],[15.0331,53.8939],[15.0226,53.8947],[15.0143,53.9007],[15.0057,53.9064],[14.9949,53.9084],[14.9842,53.9089],[14.9738,53.9079],[14.9636,53.9067],[14.9509,53.9089],[14.9388,53.9147],[14.9278,53.9154],[14.9243,53.9249],[14.9153,53.9297],[14.9062,53.934],[14.909,53.9437],[14.91,53.9538],[14.9142,53.963],[14.9069,53.97],[14.9032,53.9793]]}},{"type":"Feature","properties":{"r":4,"n":"Dziwna"},"geometry":{"type":"LineString","coordinates":[[14.6048,53.8261],[14.6155,53.8298],[14.618,53.8406],[14.6249,53.8518],[14.6247,53.868],[14.6341,53.8805],[14.6436,53.8961],[14.657,53.9041],[14.6677,53.9079],[14.6753,53.9172],[14.6866,53.9251],[14.6953,53.9319],[14.7044,53.9388],[14.6963,53.9495],[14.7003,53.9641],[14.7042,53.9754],[14.7113,53.9866],[14.7379,53.9933],[14.7545,54],[14.778,54.0131],[14.7713,54.0221],[14.7612,54.026],[14.7521,54.0215],[14.7401,54.0199],[14.73,54.0206]]}},{"type":"Feature","properties":{"r":4,"n":"Ilse"},"geometry":{"type":"LineString","coordinates":[[10.7272,51.9043],[10.7373,51.9077],[10.7451,51.914],[10.7523,51.9213],[10.7602,51.9298],[10.7612,51.94],[10.7622,51.95],[10.7524,51.9527],[10.7452,51.9597],[10.7351,51.9603],[10.7253,51.9637],[10.7144,51.9664],[10.7041,51.9691],[10.694,51.9724],[10.6846,51.9761],[10.6793,51.9846],[10.6685,51.987],[10.6598,51.9923],[10.6501,51.9965],[10.6408,52.0006],[10.6307,52.0036],[10.6212,52.0079],[10.6142,52.0151],[10.603,52.0251],[10.6001,52.0347]]}},{"type":"Feature","properties":{"r":4,"n":"Donau"},"geometry":{"type":"LineString","coordinates":[[11.2748,48.7498],[11.2929,48.7449],[11.3048,48.742],[11.3174,48.7405],[11.3295,48.738],[11.3413,48.737],[11.3518,48.7374],[11.3786,48.7413],[11.4075,48.7476],[11.4168,48.7522],[11.4255,48.7577],[11.4342,48.7638],[11.4468,48.7641],[11.4577,48.7634],[11.4864,48.7595],[11.5023,48.7579],[11.5176,48.7579],[11.5341,48.7592],[11.5447,48.7606],[11.5566,48.7637],[11.5695,48.7681],[11.5791,48.7709],[11.5892,48.7755],[11.6008,48.7771]]}},{"type":"Feature","properties":{"r":4,"n":"Isar"},"geometry":{"type":"LineString","coordinates":[[12.747,48.688],[12.7595,48.6891],[12.7717,48.69],[12.7809,48.6945],[12.7928,48.6949],[12.8036,48.698],[12.8123,48.7046],[12.825,48.7072],[12.8363,48.711],[12.8464,48.7207],[12.8476,48.7315],[12.8509,48.7412],[12.861,48.7497],[12.8703,48.7621],[12.8856,48.7727],[12.8962,48.7778],[12.9075,48.7801],[12.9188,48.7839],[12.929,48.7832],[12.939,48.7794],[12.9495,48.7826],[12.9579,48.7906],[12.9647,48.7988],[12.9742,48.8035]]}},{"type":"Feature","properties":{"r":4,"n":"Lech"},"geometry":{"type":"LineString","coordinates":[[10.8896,48.4187],[10.8907,48.4301],[10.8872,48.4484],[10.8844,48.4581],[10.8808,48.4727],[10.8777,48.484],[10.8712,48.4945],[10.8648,48.5053],[10.8676,48.5183],[10.8709,48.528],[10.8738,48.5415],[10.8726,48.5522],[10.8712,48.5647],[10.8704,48.5759],[10.8742,48.5854],[10.8796,48.5968],[10.8834,48.6063],[10.8796,48.6169],[10.8816,48.63],[10.8795,48.6425],[10.8833,48.6536],[10.8883,48.665],[10.8904,48.677],[10.8961,48.6883]]}},{"type":"Feature","properties":{"r":4,"n":"Lužnice"},"geometry":{"type":"LineString","coordinates":[[14.6989,49.323],[14.6972,49.333],[14.708,49.3365],[14.705,49.347],[14.6989,49.3555],[14.6972,49.3662],[14.6875,49.3714],[14.6771,49.3764],[14.6774,49.3878],[14.6798,49.3976],[14.6736,49.4056],[14.6646,49.4113],[14.6553,49.4071],[14.6464,49.4127],[14.6361,49.4124],[14.6266,49.408],[14.6173,49.4129],[14.607,49.4135],[14.5958,49.4076],[14.5857,49.402],[14.5762,49.3972],[14.5662,49.3938],[14.5586,49.3868],[14.5485,49.3868]]}},{"type":"Feature","properties":{"r":4,"n":"Eger"},"geometry":{"type":"LineString","coordinates":[[11.8911,50.0989],[11.9004,50.0952],[11.9102,50.0926],[11.9198,50.0892],[11.9303,50.0906],[11.9398,50.0938],[11.9498,50.0933],[11.9592,50.0894],[11.9675,50.0837],[11.9775,50.0829],[11.9858,50.0887],[11.9914,50.097],[11.9891,50.1078],[11.9796,50.1111],[11.9725,50.1184],[11.9806,50.1253],[11.9904,50.1281],[12.0005,50.1281],[12.0105,50.1266],[12.0206,50.1255],[12.0306,50.1258],[12.0404,50.1234],[12.0505,50.1223],[12.0601,50.1256]]}},{"type":"Feature","properties":{"r":4,"n":"Naarn"},"geometry":{"type":"LineString","coordinates":[[14.7178,48.3454],[14.7114,48.3376],[14.7025,48.3319],[14.6947,48.3256],[14.6866,48.3192],[14.6786,48.3128],[14.6699,48.3071],[14.6624,48.299],[14.6584,48.2897],[14.652,48.282],[14.6414,48.2797],[14.6381,48.2697],[14.6373,48.2596],[14.6379,48.2496],[14.6455,48.2431],[14.6463,48.2329],[14.6552,48.2271],[14.6637,48.2218],[14.6736,48.2156],[14.6822,48.2092],[14.6899,48.2025],[14.698,48.1966],[14.7076,48.193],[14.7171,48.1892]]}},{"type":"Feature","properties":{"r":4,"n":"Svatava"},"geometry":{"type":"LineString","coordinates":[[12.4839,50.347],[12.4956,50.3415],[12.5013,50.3327],[12.5101,50.3279],[12.5166,50.3197],[12.5205,50.3101],[12.5199,50.2999],[12.528,50.2937],[12.5365,50.2878],[12.5461,50.2839],[12.5539,50.2766],[12.5503,50.2667],[12.5541,50.2571],[12.5623,50.2512],[12.5663,50.2419],[12.5733,50.2345],[12.5766,50.2249],[12.5847,50.218],[12.5941,50.2144],[12.5965,50.2045],[12.6044,50.1964],[12.6148,50.1964],[12.6253,50.1923],[12.6336,50.1857]]}},{"type":"Feature","properties":{"r":4,"n":"Erlauf"},"geometry":{"type":"LineString","coordinates":[[15.2841,47.8562],[15.2745,47.8594],[15.2685,47.8675],[15.2696,47.878],[15.2583,47.8804],[15.2493,47.885],[15.2396,47.8879],[15.2429,47.8976],[15.2356,47.9047],[15.2258,47.9088],[15.2155,47.9093],[15.206,47.9129],[15.1954,47.9157],[15.1843,47.9169],[15.1744,47.9192],[15.1648,47.9222],[15.1547,47.9228],[15.1447,47.9214],[15.1356,47.9275],[15.1263,47.9332],[15.132,47.943],[15.14,47.9497],[15.1504,47.9511],[15.1601,47.9538]]}},{"type":"Feature","properties":{"r":6,"n":"Winschoterdiep"},"geometry":{"type":"LineString","coordinates":[[6.5964,53.2218],[6.6017,53.2088],[6.6129,53.2011],[6.622,53.1967],[6.6408,53.1885],[6.651,53.1848],[6.6632,53.1822],[6.6767,53.1794],[6.6903,53.1765],[6.7013,53.1742],[6.7115,53.1743],[6.7221,53.1725],[6.7372,53.1697],[6.7474,53.1681],[6.7691,53.1682],[6.7827,53.1683],[6.7954,53.1677],[6.8073,53.167],[6.8177,53.1668],[6.8283,53.1648],[6.8425,53.1619],[6.8531,53.1614],[6.8719,53.1627],[6.8868,53.1636]]}},{"type":"Feature","properties":{"r":4,"n":"Stör"},"geometry":{"type":"LineString","coordinates":[[9.4998,53.925],[9.4897,53.922],[9.4804,53.9263],[9.4712,53.9305],[9.4604,53.9263],[9.4506,53.9228],[9.4436,53.915],[9.4312,53.9162],[9.4234,53.9096],[9.4121,53.9114],[9.4212,53.9064],[9.4321,53.8953],[9.4268,53.8863],[9.4161,53.8831],[9.4251,53.8754],[9.4216,53.8658],[9.426,53.8565],[9.4392,53.8538],[9.4418,53.84],[9.4324,53.836],[9.4241,53.8422],[9.4141,53.8432],[9.4036,53.8402],[9.4078,53.831]]}},{"type":"Feature","properties":{"r":4,"n":"Innerste"},"geometry":{"type":"LineString","coordinates":[[10.1874,52.1007],[10.1762,52.1047],[10.1661,52.1041],[10.1523,52.1007],[10.1423,52.0991],[10.1323,52.1015],[10.1223,52.1021],[10.112,52.1017],[10.1018,52.101],[10.0917,52.1],[10.0818,52.0981],[10.0714,52.0959],[10.0608,52.0966],[10.0506,52.097],[10.0404,52.098],[10.0304,52.0993],[10.0191,52.1017],[10.0091,52.1044],[9.999,52.1035],[9.9888,52.1057],[9.9833,52.1148],[9.9743,52.1214],[9.9657,52.1271],[9.9574,52.134]]}},{"type":"Feature","properties":{"r":4,"n":"Boize"},"geometry":{"type":"LineString","coordinates":[[10.8268,53.5693],[10.8341,53.562],[10.8402,53.5534],[10.8374,53.5436],[10.8339,53.5342],[10.8329,53.5242],[10.8285,53.5147],[10.823,53.5058],[10.8183,53.4955],[10.8104,53.4886],[10.8016,53.4834],[10.7913,53.4805],[10.7834,53.4713],[10.7763,53.4607],[10.7685,53.4541],[10.7597,53.4477],[10.75,53.4441],[10.742,53.4371],[10.7431,53.4266],[10.7404,53.4155],[10.7373,53.4041],[10.737,53.3938],[10.7445,53.3849],[10.7333,53.3796]]}},{"type":"Feature","properties":{"r":4,"n":"Trebel"},"geometry":{"type":"LineString","coordinates":[[13.0341,54.1167],[13.0236,54.1178],[13.0133,54.118],[13.0033,54.117],[12.9938,54.1138],[12.9838,54.1139],[12.9738,54.1125],[12.9638,54.1102],[12.9536,54.1082],[12.9439,54.1057],[12.9349,54.101],[12.9252,54.0982],[12.915,54.0966],[12.905,54.0951],[12.8953,54.0924],[12.8857,54.0888],[12.8756,54.0897],[12.8661,54.0929],[12.8557,54.0941],[12.8462,54.0974],[12.8361,54.0992],[12.8267,54.1039],[12.8163,54.1058],[12.8058,54.1053]]}},{"type":"Feature","properties":{"r":4,"n":"Jeetzel"},"geometry":{"type":"LineString","coordinates":[[11.1546,52.9017],[11.1447,52.9128],[11.1347,52.9164],[11.124,52.9192],[11.1259,52.9295],[11.1361,52.9354],[11.1438,52.9424],[11.1513,52.9496],[11.1573,52.9579],[11.1577,52.9691],[11.1526,52.9806],[11.1663,52.9942],[11.1687,53.0092],[11.159,53.0151],[11.1517,53.0223],[11.1495,53.0334],[11.143,53.0412],[11.1296,53.0517],[11.1189,53.0552],[11.1118,53.0623],[11.1024,53.0703],[11.0948,53.0786],[11.0838,53.0871],[11.0788,53.0971]]}},{"type":"Feature","properties":{"r":4,"n":"Lužická Nisa"},"geometry":{"type":"LineString","coordinates":[[15.0525,50.7658],[15.0425,50.7691],[15.0501,50.7768],[15.0395,50.7789],[15.0303,50.783],[15.0219,50.7888],[15.0114,50.79],[15.0012,50.7906],[14.9912,50.7901],[14.9812,50.7907],[14.9721,50.7864],[14.9623,50.7899],[14.9612,50.8001],[14.957,50.8101],[14.9476,50.8142],[14.9374,50.8144],[14.9261,50.818],[14.9166,50.8227],[14.9063,50.8212],[14.8963,50.8201],[14.8862,50.8211],[14.8765,50.824],[14.8675,50.8286]]}},{"type":"Feature","properties":{"r":4,"n":"Kwisa"},"geometry":{"type":"LineString","coordinates":[[15.3206,51.1591],[15.3293,51.165],[15.338,51.1702],[15.3451,51.1775],[15.3549,51.1801],[15.3644,51.1844],[15.3759,51.187],[15.3855,51.1899],[15.3889,51.1994],[15.3942,51.2084],[15.398,51.218],[15.3955,51.2283],[15.4022,51.2366],[15.4045,51.2465],[15.4119,51.2534],[15.4167,51.2622],[15.4184,51.2722],[15.4258,51.279],[15.4321,51.2869],[15.4319,51.297],[15.4245,51.3039],[15.4216,51.3135],[15.4224,51.3236]]}},{"type":"Feature","properties":{"r":4,"n":"Střela"},"geometry":{"type":"LineString","coordinates":[[13.1261,50.0859],[13.1358,50.0834],[13.1458,50.083],[13.1556,50.0852],[13.1654,50.0873],[13.1767,50.088],[13.1848,50.0818],[13.1942,50.0853],[13.2046,50.087],[13.2144,50.0893],[13.2244,50.0895],[13.2308,50.0974],[13.241,50.0992],[13.251,50.1001],[13.2612,50.1014],[13.2699,50.0963],[13.2799,50.096],[13.2745,50.087],[13.2762,50.0771],[13.2711,50.0678],[13.2777,50.0602],[13.2848,50.0531],[13.2862,50.043]]}},{"type":"Feature","properties":{"r":4,"n":"Wisenta"},"geometry":{"type":"LineString","coordinates":[[11.9208,50.5489],[11.9161,50.5578],[11.9062,50.5594],[11.8987,50.5665],[11.8955,50.5762],[11.8868,50.5814],[11.8768,50.5825],[11.8667,50.5807],[11.8569,50.5781],[11.8488,50.5843],[11.839,50.5868],[11.8289,50.5855],[11.8194,50.5821],[11.8093,50.5813],[11.8004,50.5767],[11.7897,50.5763],[11.7795,50.5769],[11.7732,50.569],[11.7638,50.5727],[11.7597,50.5635],[11.7502,50.568],[11.7404,50.5657],[11.7334,50.573]]}},{"type":"Feature","properties":{"r":4,"n":"Volyňka"},"geometry":{"type":"LineString","coordinates":[[13.7955,49.0933],[13.8051,49.097],[13.8126,49.1043],[13.8213,49.1102],[13.8314,49.1126],[13.8414,49.1128],[13.851,49.109],[13.861,49.1093],[13.8697,49.1143],[13.8777,49.121],[13.8825,49.1302],[13.892,49.1336],[13.8899,49.1434],[13.8999,49.1445],[13.9012,49.1545],[13.8968,49.1635],[13.8884,49.1692],[13.8888,49.1792],[13.8875,49.1892],[13.8828,49.2002],[13.8821,49.2103],[13.8883,49.219],[13.8967,49.2246]]}},{"type":"Feature","properties":{"r":4,"n":"Sázava"},"geometry":{"type":"LineString","coordinates":[[14.7466,49.8838],[14.7359,49.8835],[14.7278,49.8776],[14.7223,49.8679],[14.7118,49.8646],[14.7029,49.8592],[14.697,49.851],[14.6898,49.8432],[14.6793,49.8405],[14.6699,49.8444],[14.6624,49.8521],[14.6553,49.8592],[14.644,49.8582],[14.6343,49.8549],[14.6239,49.8525],[14.6138,49.8522],[14.6016,49.8535],[14.5916,49.853],[14.5954,49.8431],[14.5966,49.8327],[14.5864,49.8318],[14.5775,49.8378],[14.5661,49.8397]]}},{"type":"Feature","properties":{"r":4,"n":"Müglitz"},"geometry":{"type":"LineString","coordinates":[[13.7656,50.8384],[13.7728,50.8454],[13.7826,50.8475],[13.7916,50.8523],[13.8004,50.8573],[13.8067,50.8652],[13.8157,50.8696],[13.8114,50.8787],[13.8133,50.8888],[13.8084,50.8976],[13.8118,50.9074],[13.8181,50.9154],[13.8279,50.9177],[13.8367,50.9231],[13.8437,50.9303],[13.8541,50.9311],[13.8641,50.9328],[13.8673,50.9423],[13.8594,50.9486],[13.8549,50.9579],[13.8569,50.9677],[13.8642,50.9747],[13.8745,50.9761]]}},{"type":"Feature","properties":{"r":4,"n":"Teplá"},"geometry":{"type":"LineString","coordinates":[[12.8345,50.0559],[12.8276,50.0635],[12.8285,50.0737],[12.8329,50.0828],[12.8408,50.0897],[12.8452,50.0994],[12.849,50.1088],[12.848,50.1189],[12.8496,50.1289],[12.8494,50.139],[12.8536,50.1484],[12.8463,50.1553],[12.8424,50.1648],[12.8473,50.1742],[12.8416,50.1825],[12.844,50.1931],[12.8517,50.1997],[12.8605,50.1948],[12.8707,50.1976],[12.8708,50.2077],[12.8788,50.2141],[12.8894,50.213],[12.8811,50.2186]]}},{"type":"Feature","properties":{"r":4,"n":"Schwarzwasser"},"geometry":{"type":"LineString","coordinates":[[12.7276,50.4759],[12.7378,50.4755],[12.7444,50.4832],[12.7401,50.493],[12.7497,50.4958],[12.7581,50.5014],[12.7673,50.5055],[12.7741,50.5129],[12.7826,50.5186],[12.7861,50.528],[12.7907,50.5372],[12.7928,50.5472],[12.7828,50.548],[12.7728,50.5486],[12.7662,50.5564],[12.7602,50.5645],[12.7499,50.5665],[12.7495,50.5766],[12.74,50.5803],[12.7319,50.5865],[12.7221,50.5835],[12.713,50.5881],[12.7027,50.5886]]}},{"type":"Feature","properties":{"r":4,"n":"Lomnice"},"geometry":{"type":"LineString","coordinates":[[13.796,49.4387],[13.8082,49.4368],[13.8195,49.4355],[13.8288,49.4318],[13.8391,49.4329],[13.8495,49.4318],[13.8599,49.433],[13.8695,49.4291],[13.8786,49.4248],[13.8864,49.4178],[13.8994,49.4156],[13.9107,49.4157],[13.9202,49.419],[13.9302,49.4216],[13.9408,49.4228],[13.9506,49.425],[13.9596,49.4294],[13.9674,49.4357],[13.9777,49.4349],[13.9878,49.4326],[13.998,49.4319],[14.0073,49.4358],[14.0173,49.4344]]}},{"type":"Feature","properties":{"r":4,"n":"Liboc"},"geometry":{"type":"LineString","coordinates":[[13.2884,50.2948],[13.2984,50.296],[13.3078,50.3],[13.3177,50.305],[13.3272,50.3089],[13.3372,50.3116],[13.3471,50.3177],[13.3585,50.3177],[13.3702,50.3186],[13.38,50.3162],[13.3901,50.3126],[13.4008,50.3105],[13.4104,50.3072],[13.4202,50.3051],[13.4304,50.3041],[13.439,50.3094],[13.4499,50.3145],[13.4599,50.3195],[13.4697,50.3215],[13.4809,50.3235],[13.4909,50.3279],[13.5012,50.3289],[13.5108,50.333]]}},{"type":"Feature","properties":{"r":4,"n":"Innerste"},"geometry":{"type":"LineString","coordinates":[[10.3476,51.9419],[10.3487,51.9524],[10.3552,51.96],[10.3645,51.9653],[10.3712,51.9731],[10.3734,51.9835],[10.3742,51.9935],[10.3743,52.0038],[10.3688,52.0126],[10.3584,52.0147],[10.3498,52.0199],[10.3408,52.0245],[10.3312,52.0276],[10.3212,52.0289],[10.3114,52.0317],[10.3014,52.0324],[10.2915,52.0309],[10.2829,52.0363],[10.2737,52.0408],[10.2686,52.0498],[10.2646,52.0591],[10.2591,52.0676],[10.2522,52.0752]]}},{"type":"Feature","properties":{"r":4,"n":"Dokkumer Ie"},"geometry":{"type":"LineString","coordinates":[[5.808,53.2176],[5.8142,53.2257],[5.8216,53.2325],[5.8295,53.2388],[5.8329,53.2488],[5.8315,53.2592],[5.8343,53.2697],[5.841,53.2774],[5.8475,53.285],[5.8581,53.2876],[5.868,53.2911],[5.8787,53.2943],[5.8885,53.2983],[5.8982,53.3022],[5.9074,53.3062],[5.9171,53.3099],[5.9267,53.3135],[5.9366,53.3155],[5.9464,53.3176],[5.956,53.3212],[5.9662,53.3227],[5.9765,53.3212],[5.9852,53.3263]]}},{"type":"Feature","properties":{"r":6,"n":"Dortmund-Ems-Kanal"},"geometry":{"type":"LineString","coordinates":[[7.6795,52.0415],[7.6868,52.0489],[7.6899,52.0593],[7.6931,52.0739],[7.6958,52.0861],[7.701,52.0957],[7.7094,52.1076],[7.7096,52.1176],[7.7083,52.1292],[7.7127,52.1448],[7.7114,52.1557],[7.7049,52.1681],[7.7002,52.1771],[7.6933,52.1899],[7.6842,52.2071],[7.6792,52.2164],[7.675,52.2304],[7.672,52.2411],[7.6609,52.2482],[7.6472,52.2512],[7.6357,52.2553],[7.6284,52.2633],[7.6186,52.2707]]}},{"type":"Feature","properties":{"r":4,"n":"Trebel"},"geometry":{"type":"LineString","coordinates":[[12.7722,54.0196],[12.7823,54.0157],[12.7912,54.0111],[12.8008,54.0068],[12.8106,54.0032],[12.8207,54],[12.8295,53.9951],[12.8401,53.9893],[12.847,53.9814],[12.8566,53.9754],[12.8712,53.9733],[12.8822,53.972],[12.8924,53.9712],[12.9043,53.9672],[12.914,53.9642],[12.9235,53.9582],[12.9336,53.955],[12.9409,53.948],[12.9498,53.9428],[12.9598,53.9421],[12.9685,53.9368],[12.9784,53.9352],[12.9874,53.9298]]}},{"type":"Feature","properties":{"r":4,"n":"Ohre"},"geometry":{"type":"LineString","coordinates":[[11.5879,52.2484],[11.5988,52.2467],[11.609,52.2464],[11.6191,52.2455],[11.6292,52.2451],[11.6394,52.2435],[11.6487,52.2394],[11.6585,52.2421],[11.6663,52.2484],[11.6731,52.2559],[11.6821,52.2606],[11.6902,52.2668],[11.7004,52.2674],[11.6926,52.2746],[11.6916,52.2847],[11.7002,52.2901],[11.7103,52.2914],[11.7179,52.2979],[11.7284,52.296],[11.7385,52.2963],[11.7473,52.3021],[11.7578,52.3017],[11.7641,52.3101]]}},{"type":"Feature","properties":{"r":4,"n":"Tollense"},"geometry":{"type":"LineString","coordinates":[[13.3137,53.7869],[13.3065,53.7947],[13.2964,53.797],[13.2875,53.8032],[13.2808,53.8108],[13.2724,53.8169],[13.2666,53.8253],[13.2563,53.8294],[13.2498,53.8377],[13.2393,53.8376],[13.2298,53.8436],[13.2209,53.8489],[13.2106,53.8481],[13.2003,53.8499],[13.1926,53.8563],[13.183,53.8605],[13.1736,53.8652],[13.1643,53.87],[13.1617,53.8799],[13.1542,53.8867],[13.1459,53.893],[13.1356,53.8949],[13.1258,53.892]]}},{"type":"Feature","properties":{"r":4,"n":"Helme"},"geometry":{"type":"LineString","coordinates":[[11.0578,51.4574],[11.0677,51.4591],[11.0777,51.4572],[11.0878,51.4557],[11.0978,51.4562],[11.1079,51.456],[11.1184,51.4556],[11.1284,51.4561],[11.1412,51.4562],[11.1511,51.4577],[11.1612,51.4553],[11.1711,51.4533],[11.1812,51.4507],[11.1912,51.4509],[11.2015,51.4487],[11.212,51.4483],[11.2225,51.4471],[11.2339,51.4444],[11.2436,51.4418],[11.2539,51.4427],[11.2639,51.441],[11.2739,51.4414],[11.2843,51.4378]]}},{"type":"Feature","properties":{"r":4,"n":"Dosse"},"geometry":{"type":"LineString","coordinates":[[12.4322,53.2653],[12.4387,53.2562],[12.4457,53.249],[12.4552,53.2457],[12.4652,53.2443],[12.4718,53.2357],[12.4778,53.2271],[12.4797,53.2172],[12.4872,53.2105],[12.4915,53.2014],[12.4953,53.192],[12.495,53.1813],[12.4916,53.1714],[12.4897,53.1611],[12.4918,53.1509],[12.4952,53.1414],[12.5039,53.1362],[12.5132,53.1325],[12.5216,53.1267],[12.5321,53.1231],[12.5399,53.1166],[12.5496,53.1107],[12.5598,53.1088]]}},{"type":"Feature","properties":{"r":4,"n":"Uecker"},"geometry":{"type":"LineString","coordinates":[[14.0308,53.5797],[14.0381,53.5878],[14.0334,53.5973],[14.0216,53.5954],[14.0112,53.5976],[14.0007,53.599],[13.9925,53.6052],[13.9957,53.6157],[14.0047,53.6202],[14.0113,53.6283],[14.0208,53.6323],[14.0292,53.6402],[14.0327,53.6496],[14.04,53.6565],[14.0443,53.6657],[14.0471,53.6754],[14.053,53.684],[14.0629,53.6878],[14.0628,53.6982],[14.0575,53.707],[14.0503,53.7142],[14.0404,53.7176],[14.0451,53.7267]]}},{"type":"Feature","properties":{"r":4,"n":"Regen"},"geometry":{"type":"LineString","coordinates":[[12.6621,49.2181],[12.6527,49.2219],[12.6426,49.2209],[12.6405,49.2307],[12.6303,49.2288],[12.6215,49.2238],[12.6114,49.2223],[12.6023,49.2163],[12.5924,49.2142],[12.5824,49.2171],[12.5722,49.2168],[12.5627,49.2205],[12.5525,49.2216],[12.5443,49.2282],[12.5347,49.2252],[12.5253,49.2211],[12.5283,49.2113],[12.5216,49.2036],[12.5115,49.202],[12.504,49.1945],[12.4951,49.1887],[12.4872,49.1821]]}},{"type":"Feature","properties":{"r":4,"n":"Wörnitz"},"geometry":{"type":"LineString","coordinates":[[10.4478,49.0408],[10.4568,49.0455],[10.4653,49.0508],[10.4753,49.0533],[10.4839,49.0591],[10.493,49.0545],[10.5032,49.0524],[10.5131,49.0503],[10.5212,49.0444],[10.5303,49.04],[10.5394,49.0355],[10.5492,49.0381],[10.5591,49.0399],[10.5696,49.0404],[10.58,49.0386],[10.59,49.0375],[10.6002,49.0346],[10.6011,49.0245],[10.609,49.018],[10.6169,49.0117],[10.6132,49.0022],[10.6097,48.9926]]}},{"type":"Feature","properties":{"r":4,"n":"Alm"},"geometry":{"type":"LineString","coordinates":[[13.9644,47.781],[13.9577,47.7888],[13.9483,47.7934],[13.9464,47.8035],[13.9491,47.8137],[13.9486,47.8237],[13.9505,47.8336],[13.9497,47.8436],[13.9543,47.8533],[13.9456,47.8593],[13.9417,47.8693],[13.9432,47.8794],[13.9451,47.8898],[13.9536,47.8965],[13.9624,47.9014],[13.9699,47.9089],[13.9775,47.9166],[13.9828,47.9252],[13.9922,47.9287],[13.9931,47.9394],[13.9863,47.9469],[13.9805,47.9558]]}},{"type":"Feature","properties":{"r":4,"n":"Traun"},"geometry":{"type":"LineString","coordinates":[[12.6424,47.8623],[12.6521,47.8663],[12.645,47.8737],[12.642,47.8834],[12.6364,47.8919],[12.6271,47.8975],[12.6349,47.9038],[12.6249,47.9055],[12.6241,47.9157],[12.6189,47.9246],[12.6114,47.9319],[12.6024,47.9367],[12.5956,47.9441],[12.5865,47.9486],[12.5812,47.9573],[12.5721,47.9615],[12.5628,47.9659],[12.5587,47.9754],[12.5483,47.9784],[12.5442,47.988],[12.5402,47.9972],[12.538,48.007]]}},{"type":"Feature","properties":{"r":4,"n":"Große Laber"},"geometry":{"type":"LineString","coordinates":[[12.3541,48.877],[12.3614,48.8842],[12.3702,48.8892],[12.3801,48.8915],[12.3866,48.8991],[12.3956,48.9039],[12.4056,48.9054],[12.4139,48.9111],[12.4234,48.915],[12.4335,48.9201],[12.4435,48.9225],[12.4541,48.9199],[12.4643,48.9202],[12.4798,48.9166],[12.4879,48.9106],[12.4983,48.9102],[12.5082,48.9118],[12.5187,48.9077],[12.5278,48.9028],[12.5376,48.8985],[12.5484,48.897],[12.5605,48.8971]]}},{"type":"Feature","properties":{"r":4,"n":"Friedberger Ach"},"geometry":{"type":"LineString","coordinates":[[10.9153,48.5143],[10.9029,48.5165],[10.9023,48.5266],[10.8996,48.5363],[10.907,48.5433],[10.9075,48.5534],[10.9078,48.5634],[10.9002,48.5701],[10.9021,48.5802],[10.9025,48.5902],[10.9008,48.6003],[10.8986,48.6102],[10.9019,48.62],[10.9036,48.6299],[10.8992,48.6392],[10.8952,48.6484],[10.8893,48.6566],[10.8931,48.666],[10.8984,48.6746],[10.9035,48.6833],[10.9112,48.6901],[10.921,48.6943]]}},{"type":"Feature","properties":{"r":4,"n":"Ybbs"},"geometry":{"type":"LineString","coordinates":[[14.842,47.8198],[14.8319,47.8186],[14.8221,47.8154],[14.8132,47.8105],[14.8035,47.8066],[14.7935,47.8037],[14.7834,47.803],[14.7733,47.8049],[14.7659,47.8118],[14.7565,47.8186],[14.7525,47.8279],[14.7492,47.8375],[14.757,47.844],[14.764,47.8513],[14.7754,47.8522],[14.7812,47.861],[14.7911,47.8589],[14.792,47.8689],[14.8014,47.8729],[14.8103,47.8778],[14.82,47.8808],[14.8266,47.8885]]}},{"type":"Feature","properties":{"r":4,"n":"Alz"},"geometry":{"type":"LineString","coordinates":[[12.6665,48.1541],[12.6768,48.1556],[12.687,48.1575],[12.697,48.1612],[12.7068,48.1652],[12.7177,48.1656],[12.7281,48.1696],[12.7362,48.1758],[12.7467,48.178],[12.7557,48.1827],[12.7647,48.1875],[12.773,48.1936],[12.7795,48.2015],[12.7846,48.2106],[12.7934,48.2154],[12.8028,48.219],[12.8053,48.2287],[12.806,48.2389],[12.8155,48.2433],[12.8139,48.2536],[12.8078,48.2638],[12.8176,48.2701]]}},{"type":"Feature","properties":{"r":4,"n":"Lužnice"},"geometry":{"type":"LineString","coordinates":[[14.5457,49.3862],[14.5366,49.3816],[14.5287,49.3754],[14.5196,49.3709],[14.5121,49.3642],[14.5136,49.3543],[14.5089,49.3454],[14.5023,49.3373],[14.4928,49.3327],[14.4898,49.3229],[14.4979,49.3165],[14.5038,49.3081],[14.494,49.3059],[14.4884,49.2976],[14.4785,49.2959],[14.4692,49.2911],[14.4639,49.282],[14.4545,49.2784],[14.443,49.2785],[14.434,49.2741],[14.4278,49.2654],[14.4208,49.2537]]}},{"type":"Feature","properties":{"r":4,"n":"Isar"},"geometry":{"type":"LineString","coordinates":[[11.55,47.5883],[11.5552,47.5971],[11.5643,47.6016],[11.5755,47.6033],[11.5835,47.6099],[11.5895,47.6183],[11.589,47.6285],[11.592,47.6382],[11.5841,47.6444],[11.5882,47.6536],[11.5816,47.6621],[11.5747,47.6699],[11.5712,47.6796],[11.5657,47.6887],[11.5612,47.6978],[11.5618,47.7083],[11.5638,47.7183],[11.5656,47.7285],[11.5607,47.7373],[11.5627,47.7471],[11.5563,47.755],[11.5504,47.7635]]}},{"type":"Feature","properties":{"r":4,"n":"Stropnice"},"geometry":{"type":"LineString","coordinates":[[14.7134,48.865],[14.7059,48.8723],[14.6963,48.8759],[14.6862,48.8774],[14.6768,48.8819],[14.6673,48.8851],[14.6571,48.8869],[14.6464,48.8863],[14.6363,48.8847],[14.6266,48.8816],[14.6163,48.8816],[14.6066,48.8783],[14.5964,48.8807],[14.5865,48.8759],[14.5766,48.8774],[14.567,48.8744],[14.5584,48.8805],[14.5497,48.8746],[14.5397,48.8721],[14.5307,48.8765],[14.521,48.8791],[14.5103,48.8807]]}},{"type":"Feature","properties":{"r":4,"n":"Itz"},"geometry":{"type":"LineString","coordinates":[[10.9056,50.1509],[10.8977,50.1447],[10.8914,50.1365],[10.882,50.1324],[10.8721,50.1307],[10.8647,50.1239],[10.8589,50.1155],[10.8565,50.1055],[10.8593,50.0957],[10.8605,50.0857],[10.8535,50.0785],[10.8591,50.0702],[10.8682,50.0648],[10.8765,50.059],[10.873,50.0495],[10.8775,50.0405],[10.881,50.031],[10.8852,50.0217],[10.8791,50.0132],[10.8749,50.0041],[10.8719,49.9944],[10.8699,49.9845]]}},{"type":"Feature","properties":{"r":4,"n":"Mže"},"geometry":{"type":"LineString","coordinates":[[13.1753,49.7912],[13.1842,49.7836],[13.1934,49.7791],[13.2038,49.7776],[13.2128,49.7715],[13.2228,49.7708],[13.233,49.7725],[13.2433,49.7713],[13.2534,49.7705],[13.2633,49.7665],[13.2735,49.7646],[13.2841,49.768],[13.294,49.7697],[13.3025,49.7642],[13.3126,49.7608],[13.3226,49.7616],[13.333,49.7598],[13.3415,49.754],[13.3517,49.7508],[13.3616,49.7488],[13.3716,49.7507],[13.3835,49.7516]]}},{"type":"Feature","properties":{"r":4,"n":"Smědá"},"geometry":{"type":"LineString","coordinates":[[15.2737,50.8449],[15.2654,50.8508],[15.2604,50.8597],[15.2511,50.8634],[15.2416,50.8686],[15.2315,50.871],[15.2215,50.8735],[15.2112,50.8762],[15.2011,50.8737],[15.191,50.8756],[15.1809,50.876],[15.1732,50.8824],[15.1635,50.8857],[15.1534,50.8889],[15.1433,50.8914],[15.1368,50.8992],[15.1268,50.9016],[15.1173,50.906],[15.1075,50.9087],[15.0977,50.9065],[15.0888,50.9111],[15.0818,50.9184]]}},{"type":"Feature","properties":{"r":4,"n":"Lippe"},"geometry":{"type":"LineString","coordinates":[[7.1343,51.715],[7.1248,51.7115],[7.1153,51.7068],[7.1055,51.7038],[7.096,51.7001],[7.0861,51.6978],[7.0759,51.6963],[7.0663,51.6913],[7.0557,51.6869],[7.0439,51.6847],[7.0373,51.6766],[7.0285,51.6715],[7.0183,51.6698],[7.0087,51.6657],[6.9905,51.6654],[6.9775,51.6657],[6.967,51.6676],[6.9552,51.6667],[6.9445,51.6684],[6.935,51.6645],[6.9246,51.663],[6.9146,51.6655]]}},{"type":"Feature","properties":{"r":4,"n":"Unstrut"},"geometry":{"type":"LineString","coordinates":[[10.3688,51.2894],[10.3777,51.2842],[10.3874,51.2817],[10.3982,51.2794],[10.4079,51.2769],[10.4176,51.2738],[10.4288,51.2723],[10.4386,51.2695],[10.4466,51.2634],[10.4566,51.2628],[10.4654,51.2578],[10.4675,51.248],[10.4611,51.2403],[10.4517,51.2366],[10.4459,51.2284],[10.4502,51.2191],[10.4599,51.2157],[10.4696,51.2127],[10.4796,51.2121],[10.4896,51.2127],[10.5006,51.2088],[10.5107,51.2041]]}},{"type":"Feature","properties":{"r":4,"n":"Elbe"},"geometry":{"type":"LineString","coordinates":[[10.3023,53.4331],[10.2914,53.4262],[10.2785,53.4225],[10.2662,53.4212],[10.2556,53.4166],[10.2483,53.4086],[10.2447,53.399],[10.2326,53.3944],[10.2209,53.3946],[10.2069,53.3983],[10.1939,53.3991],[10.1803,53.397],[10.17,53.3968],[10.1602,53.4009],[10.151,53.4076],[10.1456,53.4166],[10.1369,53.4231],[10.1232,53.4244],[10.112,53.4251],[10.1029,53.4295],[10.0959,53.4395],[10.0903,53.4478]]}},{"type":"Feature","properties":{"r":4,"n":"Ilmenau"},"geometry":{"type":"LineString","coordinates":[[10.569,53.0921],[10.5778,53.0976],[10.5696,53.1036],[10.5596,53.1052],[10.5492,53.1039],[10.5437,53.1127],[10.5351,53.1181],[10.5258,53.1224],[10.5222,53.132],[10.5119,53.1323],[10.5069,53.141],[10.4964,53.144],[10.4864,53.1462],[10.4764,53.1475],[10.4662,53.1491],[10.4593,53.1565],[10.4502,53.1607],[10.4418,53.1666],[10.4334,53.1726],[10.4239,53.1773],[10.4204,53.1867],[10.4159,53.1963]]}},{"type":"Feature","properties":{"r":4,"n":"Rhume"},"geometry":{"type":"LineString","coordinates":[[10.1761,51.6307],[10.1662,51.6336],[10.1555,51.6339],[10.1474,51.64],[10.1377,51.6448],[10.1285,51.6494],[10.1183,51.6508],[10.1091,51.6548],[10.1008,51.6608],[10.099,51.6721],[10.1041,51.6813],[10.106,51.6914],[10.1022,51.7007],[10.0919,51.7035],[10.0809,51.7054],[10.0707,51.7059],[10.0598,51.7052],[10.0503,51.7088],[10.0397,51.7082],[10.0291,51.7109],[10.0188,51.7104],[10.0082,51.7109]]}},{"type":"Feature","properties":{"r":4,"n":"IJssel"},"geometry":{"type":"LineString","coordinates":[[6.1273,52.0127],[6.1319,52.0227],[6.1279,52.0319],[6.1178,52.0355],[6.1113,52.044],[6.12,52.0513],[6.1319,52.0555],[6.1403,52.0618],[6.1497,52.0663],[6.1602,52.0731],[6.1708,52.0792],[6.1745,52.0893],[6.1856,52.0911],[6.1961,52.0931],[6.2071,52.0924],[6.217,52.0965],[6.2149,52.1097],[6.2043,52.1138],[6.1942,52.1139],[6.1856,52.1198],[6.1896,52.1291],[6.1906,52.1397]]}},{"type":"Feature","properties":{"r":4,"n":"Fuhse"},"geometry":{"type":"LineString","coordinates":[[10.2984,52.159],[10.3056,52.1668],[10.3132,52.1733],[10.3209,52.1816],[10.3169,52.1909],[10.3087,52.1987],[10.2998,52.2043],[10.2911,52.2093],[10.2819,52.2156],[10.2719,52.2161],[10.2608,52.2147],[10.2509,52.2125],[10.2311,52.2152],[10.221,52.2157],[10.2116,52.2216],[10.2025,52.2284],[10.1922,52.2327],[10.1834,52.2385],[10.1909,52.2452],[10.1995,52.2524],[10.2076,52.2587],[10.2152,52.2654]]}},{"type":"Feature","properties":{"r":4,"n":"Gowienica"},"geometry":{"type":"LineString","coordinates":[[14.8336,53.6795],[14.8233,53.6807],[14.8119,53.6801],[14.8019,53.6814],[14.7914,53.681],[14.7814,53.6788],[14.7717,53.6747],[14.7622,53.6706],[14.7525,53.667],[14.7421,53.6675],[14.7318,53.6685],[14.7209,53.6695],[14.7118,53.6739],[14.7021,53.6764],[14.6919,53.6772],[14.6818,53.6768],[14.6721,53.6742],[14.6606,53.6718],[14.6501,53.6679],[14.639,53.6631],[14.6285,53.6605],[14.619,53.656]]}},{"type":"Feature","properties":{"r":4,"n":"Warta"},"geometry":{"type":"LineString","coordinates":[[15.5009,52.6024],[15.4908,52.5983],[15.4803,52.6021],[15.4704,52.6083],[15.4572,52.6126],[15.4471,52.6159],[15.4395,52.6252],[15.4392,52.6356],[15.4341,52.6448],[15.4211,52.6455],[15.4115,52.6503],[15.4081,52.6609],[15.3985,52.6649],[15.3908,52.6715],[15.3904,52.6829],[15.3891,52.693],[15.3967,52.702],[15.403,52.7101],[15.4144,52.7131],[15.422,52.7206],[15.4205,52.7316],[15.4088,52.7355]]}},{"type":"Feature","properties":{"r":4,"n":"Elbe"},"geometry":{"type":"LineString","coordinates":[[14.1432,50.9191],[14.1322,50.923],[14.1198,50.9249],[14.1101,50.9294],[14.0998,50.93],[14.0908,50.9249],[14.0802,50.9203],[14.0683,50.9209],[14.0583,50.9255],[14.0622,50.9349],[14.0736,50.9381],[14.0838,50.9442],[14.0839,50.9545],[14.0743,50.9594],[14.0625,50.959],[14.0487,50.9579],[14.0378,50.9571],[14.0277,50.9546],[14.0178,50.9505],[14.0088,50.9446],[13.9982,50.947]]}},{"type":"Feature","properties":{"r":4,"n":"Donau"},"geometry":{"type":"LineString","coordinates":[[11.0205,48.7351],[11.0364,48.7345],[11.048,48.7346],[11.0618,48.7381],[11.0726,48.7389],[11.0803,48.7313],[11.0964,48.7302],[11.106,48.7337],[11.1159,48.7375],[11.135,48.7355],[11.1464,48.734],[11.1617,48.7388],[11.1741,48.738],[11.1843,48.7395],[11.1969,48.7434],[11.2078,48.7415],[11.2186,48.7416],[11.2333,48.7463],[11.2482,48.7503],[11.2623,48.7514],[11.2723,48.7502]]}},{"type":"Feature","properties":{"r":4,"n":"Jachen"},"geometry":{"type":"LineString","coordinates":[[11.4002,47.5879],[11.4053,47.5967],[11.4152,47.5987],[11.4253,47.5979],[11.4356,47.5964],[11.4459,47.5973],[11.4547,47.6024],[11.4647,47.601],[11.4744,47.6042],[11.4846,47.603],[11.4947,47.603],[11.5016,47.6104],[11.5096,47.6166],[11.5149,47.6253],[11.5247,47.6277],[11.5349,47.6284],[11.5447,47.6264],[11.5545,47.6284],[11.5635,47.6328],[11.5729,47.6365],[11.5807,47.643]]}},{"type":"Feature","properties":{"r":4,"n":"Ach"},"geometry":{"type":"LineString","coordinates":[[11.1725,48.6273],[11.1701,48.6375],[11.1691,48.6478],[11.176,48.6556],[11.1879,48.6598],[11.1992,48.6637],[11.2142,48.669],[11.2238,48.6723],[11.2364,48.6767],[11.2473,48.6805],[11.2608,48.6852],[11.2706,48.6886],[11.2834,48.6931],[11.2967,48.6977],[11.3065,48.7009],[11.3129,48.7087],[11.3227,48.7121],[11.3304,48.72],[11.341,48.7218],[11.3553,48.726],[11.3649,48.7288]]}},{"type":"Feature","properties":{"r":4,"n":"Wondreb"},"geometry":{"type":"LineString","coordinates":[[12.3291,49.9225],[12.3197,49.9262],[12.3093,49.9276],[12.2992,49.9288],[12.2904,49.9341],[12.2806,49.9362],[12.2721,49.9415],[12.2788,49.9491],[12.2727,49.9571],[12.2746,49.967],[12.284,49.9719],[12.2943,49.9736],[12.3032,49.9798],[12.3087,49.9885],[12.3083,49.9985],[12.3171,50.0041],[12.3206,50.0136],[12.3255,50.0227],[12.3357,50.0224],[12.3453,50.0254],[12.3554,50.0247]]}},{"type":"Feature","properties":{"r":4,"n":"Úhlavka"},"geometry":{"type":"LineString","coordinates":[[12.8414,49.6657],[12.8571,49.6644],[12.8671,49.663],[12.8772,49.6622],[12.8861,49.6576],[12.8928,49.6501],[12.902,49.6544],[12.9114,49.6582],[12.9215,49.6592],[12.9291,49.667],[12.9288,49.6771],[12.9343,49.6857],[12.9421,49.692],[12.9524,49.6948],[12.9628,49.6943],[12.9709,49.7007],[12.9796,49.7063],[12.9883,49.7114],[12.9951,49.719],[12.9874,49.7254],[12.9938,49.7332]]}},{"type":"Feature","properties":{"r":4,"n":"Liboc"},"geometry":{"type":"LineString","coordinates":[[13.1706,50.2464],[13.1618,50.2524],[13.1513,50.2558],[13.1422,50.2601],[13.1333,50.2651],[13.1358,50.275],[13.1447,50.2796],[13.1551,50.2795],[13.1653,50.2785],[13.1754,50.278],[13.1854,50.2777],[13.1954,50.2789],[13.205,50.2817],[13.2153,50.2819],[13.2254,50.2813],[13.2356,50.281],[13.2456,50.2813],[13.2556,50.2815],[13.2652,50.2845],[13.273,50.2912],[13.2828,50.2954]]}},{"type":"Feature","properties":{"r":4,"n":"Otava"},"geometry":{"type":"LineString","coordinates":[[13.7931,49.2833],[13.8035,49.2807],[13.8136,49.2772],[13.8232,49.2728],[13.8336,49.2689],[13.844,49.2651],[13.8542,49.2629],[13.8642,49.2625],[13.8743,49.2608],[13.8834,49.2562],[13.8934,49.2582],[13.9034,49.2587],[13.9125,49.2647],[13.9225,49.2643],[13.9313,49.2593],[13.941,49.2622],[13.9502,49.2668],[13.9611,49.267],[13.9708,49.2705],[13.9801,49.2663],[13.9905,49.2679]]}},{"type":"Feature","properties":{"r":4,"n":"Nežárka"},"geometry":{"type":"LineString","coordinates":[[14.8664,49.0852],[14.8552,49.089],[14.8473,49.0965],[14.8369,49.094],[14.829,49.1003],[14.819,49.1039],[14.8222,49.1135],[14.8166,49.1218],[14.8067,49.1244],[14.7984,49.1302],[14.7904,49.1363],[14.7819,49.1423],[14.7751,49.1498],[14.7678,49.1569],[14.758,49.159],[14.7488,49.1635],[14.7384,49.1668],[14.7291,49.1715],[14.7186,49.1754],[14.7092,49.1813],[14.7027,49.1892]]}},{"type":"Feature","properties":{"r":4,"n":"Saale"},"geometry":{"type":"LineString","coordinates":[[11.6918,50.4119],[11.6862,50.421],[11.6784,50.4282],[11.6876,50.4354],[11.6947,50.4434],[11.7043,50.4464],[11.6934,50.4495],[11.701,50.4573],[11.6902,50.4616],[11.6809,50.4657],[11.6915,50.4685],[11.702,50.468],[11.7039,50.4779],[11.7158,50.4733],[11.7122,50.4845],[11.7228,50.4888],[11.734,50.4932],[11.7255,50.4998],[11.7161,50.5051],[11.7199,50.5151],[11.7145,50.5243]]}},{"type":"Feature","properties":{"r":4,"n":"Wertach"},"geometry":{"type":"LineString","coordinates":[[10.4605,47.6203],[10.469,47.6258],[10.4794,47.6313],[10.4908,47.6326],[10.5007,47.6355],[10.5043,47.6458],[10.5069,47.6558],[10.5158,47.6619],[10.5204,47.671],[10.5259,47.6805],[10.5295,47.6915],[10.5318,47.7013],[10.5255,47.7093],[10.5331,47.7162],[10.5431,47.718],[10.5425,47.728],[10.536,47.7381],[10.5302,47.7464],[10.5392,47.7514],[10.5493,47.751],[10.5587,47.7557]]}},{"type":"Feature","properties":{"r":4,"n":"Ilm"},"geometry":{"type":"LineString","coordinates":[[11.3445,50.9872],[11.3544,50.989],[11.3646,50.992],[11.3577,50.9993],[11.3677,51.0008],[11.3781,51.0011],[11.3884,51.0043],[11.3967,51.0102],[11.4067,51.0113],[11.4172,51.0129],[11.4274,51.0135],[11.4363,51.0193],[11.4464,51.0215],[11.4557,51.0257],[11.4657,51.0261],[11.4721,51.0338],[11.4789,51.025],[11.489,51.0261],[11.4837,51.0349],[11.4894,51.0434],[11.4992,51.0395]]}},{"type":"Feature","properties":{"r":4,"n":"Pfreimd"},"geometry":{"type":"LineString","coordinates":[[12.5248,49.6153],[12.5149,49.6168],[12.5051,49.6145],[12.4936,49.6179],[12.486,49.6246],[12.4757,49.6254],[12.4652,49.6261],[12.4554,49.6221],[12.4461,49.6258],[12.4376,49.6205],[12.4271,49.6176],[12.4235,49.6082],[12.4152,49.6019],[12.4076,49.595],[12.3978,49.5976],[12.3888,49.5914],[12.3784,49.5883],[12.3704,49.5819],[12.361,49.5773],[12.3509,49.5767],[12.3419,49.5719]]}},{"type":"Feature","properties":{"r":6,"n":"Wesel-Datteln-Kanal"},"geometry":{"type":"LineString","coordinates":[[7.2369,51.7203],[7.2238,51.7231],[7.2099,51.7259],[7.1995,51.7286],[7.188,51.7294],[7.1759,51.7268],[7.1658,51.7204],[7.1563,51.7162],[7.1461,51.7134],[7.1342,51.71],[7.1239,51.7063],[7.1133,51.702],[7.1029,51.6978],[7.0936,51.6941],[7.0812,51.6898],[7.0699,51.6859],[7.0565,51.6812],[7.0449,51.676],[7.0344,51.6707],[7.0249,51.6659],[7.0143,51.6625]]}},{"type":"Feature","properties":{"r":4,"n":"Elbe"},"geometry":{"type":"LineString","coordinates":[[9.645,53.5728],[9.6232,53.5817],[9.5932,53.5998],[9.5649,53.6125],[9.5548,53.617],[9.5387,53.6273],[9.5297,53.6339],[9.5211,53.6453],[9.5097,53.6728],[9.5006,53.6889],[9.4966,53.6982],[9.486,53.7092],[9.4691,53.721],[9.4574,53.7268],[9.4471,53.7307],[9.4368,53.7346],[9.4249,53.7411],[9.4134,53.7475],[9.4043,53.7542],[9.3843,53.7872],[9.3777,53.7978]]}},{"type":"Feature","properties":{"r":4,"n":"Aller"},"geometry":{"type":"LineString","coordinates":[[9.4669,52.7765],[9.4563,52.7757],[9.455,52.7656],[9.4461,52.7717],[9.4377,52.7777],[9.429,52.7722],[9.4158,52.7763],[9.4043,52.7791],[9.3943,52.7799],[9.3854,52.7872],[9.3763,52.7915],[9.3676,52.7978],[9.3584,52.7927],[9.3493,52.7974],[9.3388,52.7958],[9.3491,52.8006],[9.3598,52.8019],[9.3495,52.8058],[9.3431,52.8138],[9.333,52.813],[9.3406,52.8204]]}},{"type":"Feature","properties":{"r":4,"n":"Diemel"},"geometry":{"type":"LineString","coordinates":[[8.9078,51.4915],[8.919,51.4935],[8.929,51.4949],[8.9384,51.4987],[8.9504,51.5008],[8.9608,51.5029],[8.9717,51.5066],[8.9825,51.509],[8.9933,51.5114],[9.0037,51.5121],[9.0133,51.5151],[9.0225,51.5198],[9.0322,51.5226],[9.0425,51.5216],[9.0526,51.5187],[9.0636,51.5131],[9.0729,51.5078],[9.0828,51.5009],[9.0919,51.4965],[9.1011,51.4914],[9.1126,51.4883]]}},{"type":"Feature","properties":{"r":6,"n":"Ems-Jade-Kanal"},"geometry":{"type":"LineString","coordinates":[[7.2275,53.3683],[7.2373,53.3704],[7.2468,53.3738],[7.2566,53.3766],[7.2626,53.3848],[7.2698,53.3919],[7.2798,53.3952],[7.2893,53.3992],[7.3011,53.399],[7.3146,53.4015],[7.3246,53.4025],[7.3344,53.4077],[7.3427,53.4138],[7.3541,53.4193],[7.3654,53.4203],[7.3782,53.4229],[7.3883,53.4259],[7.3996,53.429],[7.4121,53.4329],[7.4227,53.4364],[7.4486,53.4485]]}},{"type":"Feature","properties":{"r":4,"n":"Soeste"},"geometry":{"type":"LineString","coordinates":[[8.0533,52.8508],[8.0438,52.8473],[8.0334,52.8458],[8.0234,52.847],[8.0131,52.8502],[8.0034,52.8528],[7.9933,52.8525],[7.9833,52.853],[7.9733,52.8522],[7.9675,52.8614],[7.9588,52.8666],[7.9488,52.8679],[7.9414,52.8749],[7.9396,52.8848],[7.9483,52.8902],[7.9571,52.8951],[7.9569,52.9052],[7.9484,52.9112],[7.9386,52.9154],[7.937,52.9255],[7.9301,52.9328]]}},{"type":"Feature","properties":{"r":4,"n":"Aa"},"geometry":{"type":"LineString","coordinates":[[5.6531,51.5215],[5.6443,51.5268],[5.6489,51.5357],[5.6474,51.5457],[5.6454,51.5558],[5.6458,51.5659],[5.6547,51.5715],[5.6516,51.5813],[5.6484,51.5909],[5.6369,51.5952],[5.6278,51.6002],[5.6176,51.5988],[5.6085,51.5945],[5.596,51.593],[5.5853,51.5922],[5.5753,51.593],[5.5641,51.5924],[5.5552,51.5983],[5.5459,51.6026],[5.5446,51.6126],[5.5364,51.619]]}},{"type":"Feature","properties":{"r":4,"n":"Harle"},"geometry":{"type":"LineString","coordinates":[[7.7412,53.551],[7.7519,53.5509],[7.7613,53.5552],[7.7694,53.5614],[7.7804,53.5633],[7.79,53.5661],[7.7968,53.5736],[7.7917,53.5825],[7.7862,53.5915],[7.7775,53.5984],[7.78,53.6084],[7.7775,53.6182],[7.7683,53.6231],[7.7691,53.6331],[7.764,53.6421],[7.7697,53.6513],[7.7803,53.6539],[7.7857,53.663],[7.7906,53.6718],[7.7953,53.681],[7.8028,53.6877]]}},{"type":"Feature","properties":{"r":4,"n":"Aue"},"geometry":{"type":"LineString","coordinates":[[9.4004,53.4049],[9.4072,53.4141],[9.4161,53.4188],[9.4215,53.4293],[9.4306,53.4337],[9.4384,53.4402],[9.4457,53.4471],[9.4539,53.4529],[9.4636,53.4566],[9.4745,53.4583],[9.4845,53.4597],[9.4946,53.4594],[9.5045,53.4614],[9.5126,53.4685],[9.5213,53.4747],[9.5306,53.4787],[9.5401,53.4819],[9.549,53.4866],[9.5571,53.4929],[9.5667,53.4961],[9.5759,53.5014]]}},{"type":"Feature","properties":{"r":4,"n":"Hunze"},"geometry":{"type":"LineString","coordinates":[[6.8397,52.9768],[6.8374,52.9869],[6.8349,52.9967],[6.8289,53.0047],[6.8202,53.0104],[6.8115,53.0154],[6.817,53.0239],[6.823,53.0321],[6.8174,53.0406],[6.8071,53.0413],[6.7958,53.0435],[6.7853,53.0468],[6.7782,53.0559],[6.7696,53.0621],[6.7677,53.0727],[6.7579,53.0755],[6.7486,53.0802],[6.7415,53.0878],[6.7341,53.0947],[6.7274,53.1026],[6.7174,53.1065]]}},{"type":"Feature","properties":{"r":4,"n":"Bever"},"geometry":{"type":"LineString","coordinates":[[7.9667,52.0255],[7.9563,52.0263],[7.9462,52.0236],[7.9361,52.0219],[7.9259,52.0198],[7.9164,52.0237],[7.9065,52.0255],[7.8965,52.0284],[7.8861,52.0291],[7.8762,52.0314],[7.8653,52.031],[7.8557,52.0338],[7.8454,52.0351],[7.8343,52.0327],[7.8247,52.0295],[7.8149,52.0272],[7.8095,52.0187],[7.7995,52.0193],[7.7901,52.0235],[7.7799,52.0234],[7.7697,52.0226]]}},{"type":"Feature","properties":{"r":4,"n":"IJssel"},"geometry":{"type":"LineString","coordinates":[[5.9535,51.9501],[5.9498,51.96],[5.9588,51.9692],[5.9718,51.9724],[5.9821,51.974],[5.9928,51.9751],[6.0019,51.9805],[6.006,51.9904],[6.0145,51.9967],[6.0252,51.9961],[6.0361,51.9988],[6.0447,52.004],[6.0537,52.0122],[6.0639,52.0151],[6.0743,52.0118],[6.0775,52.0023],[6.0845,51.9947],[6.0951,51.993],[6.1069,51.9953],[6.114,52.0026],[6.1241,52.0085]]}},{"type":"Feature","properties":{"r":4,"n":"Bode"},"geometry":{"type":"LineString","coordinates":[[11.5227,51.9111],[11.5255,51.9008],[11.5322,51.8925],[11.5384,51.8846],[11.5325,51.8758],[11.5389,51.8681],[11.5471,51.8619],[11.5563,51.8579],[11.5673,51.8565],[11.5784,51.8544],[11.5894,51.854],[11.5996,51.8532],[11.6098,51.854],[11.6188,51.8592],[11.6288,51.8606],[11.639,51.8602],[11.6474,51.8545],[11.6589,51.8552],[11.6692,51.8555],[11.68,51.8544],[11.6907,51.8545]]}},{"type":"Feature","properties":{"r":4,"n":"Odra Wschodnia"},"geometry":{"type":"LineString","coordinates":[[14.3879,53.1428],[14.394,53.1535],[14.4007,53.1669],[14.4065,53.1766],[14.4126,53.1891],[14.4213,53.2002],[14.4388,53.2182],[14.4558,53.2293],[14.4686,53.2369],[14.4777,53.2449],[14.482,53.254],[14.4825,53.268],[14.4891,53.2768],[14.4936,53.2876],[14.5009,53.2977],[14.5079,53.312],[14.5189,53.3219],[14.5289,53.33],[14.5361,53.3389],[14.5446,53.346],[14.5537,53.3528]]}},{"type":"Feature","properties":{"r":4,"n":"Czarna Struga"},"geometry":{"type":"LineString","coordinates":[[15.35,51.83],[15.36,51.8304],[15.3696,51.8337],[15.38,51.8353],[15.3898,51.8384],[15.4006,51.8382],[15.411,51.8375],[15.4221,51.8381],[15.4332,51.8371],[15.4426,51.8328],[15.4527,51.8308],[15.463,51.8298],[15.4732,51.8288],[15.4822,51.8231],[15.4925,51.8228],[15.5025,51.8216],[15.5129,51.8205],[15.5228,51.8226],[15.5328,51.8236],[15.543,51.822],[15.5532,51.8209]]}},{"type":"Feature","properties":{"r":4,"n":"Wołczenica"},"geometry":{"type":"LineString","coordinates":[[14.849,53.8134],[14.8563,53.8211],[14.8591,53.8318],[14.8624,53.8425],[14.8637,53.8527],[14.8703,53.8607],[14.8646,53.8695],[14.8532,53.8711],[14.8427,53.8739],[14.8343,53.8807],[14.8247,53.8838],[14.8121,53.8873],[14.8019,53.8884],[14.7917,53.8873],[14.7815,53.8856],[14.7714,53.8855],[14.7645,53.8931],[14.7553,53.8972],[14.7456,53.9002],[14.745,53.9105],[14.75,53.9197]]}},{"type":"Feature","properties":{"r":4,"n":"Zwickauer Mulde"},"geometry":{"type":"LineString","coordinates":[[12.6564,50.6504],[12.6462,50.6492],[12.637,50.6452],[12.6281,50.6516],[12.6176,50.6506],[12.6087,50.6458],[12.598,50.6469],[12.5889,50.6511],[12.5785,50.6504],[12.5685,50.6521],[12.5606,50.6589],[12.5532,50.6662],[12.5451,50.6602],[12.5378,50.6671],[12.5287,50.6723],[12.5179,50.6756],[12.5064,50.6771],[12.4991,50.6854],[12.4943,50.6946],[12.5019,50.7024]]}},{"type":"Feature","properties":{"r":4,"n":"Mur"},"geometry":{"type":"LineString","coordinates":[[14.864,47.2423],[14.8719,47.2488],[14.8812,47.2528],[14.8922,47.2539],[14.9032,47.254],[14.9136,47.2547],[14.9177,47.2639],[14.9167,47.2755],[14.9258,47.2801],[14.9363,47.2821],[14.9441,47.2892],[14.9427,47.2995],[14.9534,47.302],[14.9579,47.3113],[14.9668,47.3161],[14.9748,47.3223],[14.9815,47.3306],[14.9914,47.3327],[15.0019,47.3305],[15.0119,47.3333]]}},{"type":"Feature","properties":{"r":4,"n":"Skalice"},"geometry":{"type":"LineString","coordinates":[[14.0212,49.5404],[14.0262,49.5316],[14.0272,49.5216],[14.0346,49.5147],[14.0436,49.5103],[14.0539,49.5108],[14.058,49.5016],[14.0669,49.4965],[14.0767,49.4944],[14.0751,49.4845],[14.081,49.4761],[14.0806,49.4661],[14.0835,49.4565],[14.0922,49.4512],[14.1007,49.4459],[14.1107,49.4446],[14.121,49.4419],[14.1296,49.4367],[14.1343,49.4275],[14.1422,49.421]]}},{"type":"Feature","properties":{"r":4,"n":"Ohře"},"geometry":{"type":"LineString","coordinates":[[13.5903,50.3391],[13.5929,50.3292],[13.5982,50.3207],[13.6081,50.3185],[13.6123,50.3281],[13.6223,50.3331],[13.6325,50.3318],[13.6449,50.3375],[13.6556,50.3388],[13.6607,50.3299],[13.6696,50.3348],[13.6796,50.3371],[13.6767,50.3474],[13.6859,50.3517],[13.6951,50.3462],[13.7022,50.3548],[13.7131,50.3546],[13.7203,50.3622],[13.7302,50.3645],[13.7373,50.3574]]}},{"type":"Feature","properties":{"r":4,"n":"Ohře"},"geometry":{"type":"LineString","coordinates":[[13.4201,50.3522],[13.43,50.3556],[13.4231,50.3632],[13.4345,50.3693],[13.4445,50.3684],[13.4545,50.3689],[13.4631,50.3627],[13.474,50.3584],[13.4839,50.3547],[13.4942,50.3549],[13.5054,50.3508],[13.5119,50.3398],[13.5181,50.3319],[13.5269,50.3267],[13.5371,50.3335],[13.5472,50.3354],[13.5571,50.3327],[13.5685,50.3355],[13.579,50.3379],[13.5903,50.3391]]}},{"type":"Feature","properties":{"r":4,"n":"Wertach"},"geometry":{"type":"LineString","coordinates":[[10.6383,47.8737],[10.6308,47.8806],[10.6321,47.8906],[10.6224,47.8875],[10.6189,47.897],[10.6106,47.9033],[10.6082,47.9135],[10.6027,47.9222],[10.6081,47.9316],[10.614,47.9399],[10.6236,47.9429],[10.6288,47.9516],[10.6342,47.9604],[10.6362,47.9702],[10.6422,47.9783],[10.6458,47.9885],[10.648,47.9988],[10.6509,48.012],[10.6535,48.0246],[10.6497,48.0339]]}},{"type":"Feature","properties":{"r":4,"n":"Saale"},"geometry":{"type":"LineString","coordinates":[[11.4479,50.6149],[11.4371,50.6139],[11.4268,50.6151],[11.4292,50.6255],[11.419,50.6277],[11.409,50.6266],[11.4043,50.6176],[11.394,50.6162],[11.3849,50.6111],[11.3836,50.6215],[11.3811,50.6312],[11.3727,50.6371],[11.3692,50.6471],[11.3619,50.6543],[11.3628,50.6644],[11.3553,50.6713],[11.3449,50.6724],[11.3345,50.6747],[11.3238,50.6777],[11.3311,50.6849]]}},{"type":"Feature","properties":{"r":4,"n":"Isar"},"geometry":{"type":"LineString","coordinates":[[11.5397,47.7785],[11.5495,47.7822],[11.5423,47.7895],[11.5475,47.7996],[11.5522,47.8089],[11.5423,47.8105],[11.5351,47.8181],[11.5299,47.8269],[11.5226,47.8338],[11.5133,47.838],[11.5206,47.845],[11.5129,47.8518],[11.5099,47.8619],[11.4997,47.8656],[11.4909,47.873],[11.4823,47.8793],[11.4768,47.8889],[11.467,47.8921],[11.4562,47.8956],[11.4514,47.9044]]}},{"type":"Feature","properties":{"r":4,"n":"Weiße Elster"},"geometry":{"type":"LineString","coordinates":[[12.0795,50.8332],[12.0803,50.8441],[12.0775,50.8552],[12.0791,50.8651],[12.0711,50.874],[12.0654,50.8824],[12.0658,50.8927],[12.0583,50.9008],[12.0509,50.9083],[12.0409,50.9143],[12.0311,50.9196],[12.0185,50.9288],[12.0154,50.9389],[12.0085,50.9478],[11.9981,50.9508],[11.9929,50.9596],[11.9933,50.97],[11.9847,50.9754],[11.9934,50.9807],[11.9911,50.9905]]}},{"type":"Feature","properties":{"r":4,"n":"Inn"},"geometry":{"type":"LineString","coordinates":[[10.5648,47.1439],[10.5743,47.1477],[10.5761,47.1576],[10.5868,47.1623],[10.5946,47.1687],[10.6046,47.1717],[10.6141,47.1765],[10.6236,47.1828],[10.6334,47.1853],[10.6436,47.188],[10.6497,47.197],[10.6601,47.2],[10.6708,47.2037],[10.6812,47.2029],[10.6912,47.2072],[10.7007,47.2111],[10.7102,47.2155],[10.7222,47.2162],[10.7347,47.2161],[10.7458,47.2164]]}},{"type":"Feature","properties":{"r":4,"n":"Mangfall"},"geometry":{"type":"LineString","coordinates":[[11.8906,47.8802],[11.9011,47.8785],[11.911,47.8805],[11.9209,47.8776],[11.9309,47.8743],[11.9397,47.8694],[11.9502,47.8684],[11.9609,47.8676],[11.9709,47.866],[11.9807,47.8633],[11.9911,47.8595],[12.0004,47.8549],[12.0113,47.8543],[12.0208,47.8502],[12.0317,47.8475],[12.0421,47.8462],[12.0522,47.8488],[12.0697,47.8478],[12.0819,47.8469],[12.0914,47.8436]]}},{"type":"Feature","properties":{"r":4,"n":"Lausitzer Neiße / Nysa Łużycka"},"geometry":{"type":"LineString","coordinates":[[14.9191,50.9798],[14.9176,50.9898],[14.9255,50.9967],[14.933,51.0034],[14.9383,51.0131],[14.9391,51.0232],[14.9476,51.0286],[14.9518,51.0379],[14.9567,51.0468],[14.9632,51.0544],[14.9676,51.0637],[14.9721,51.0727],[14.9789,51.0802],[14.9806,51.0901],[14.9838,51.1003],[14.9808,51.1099],[14.989,51.1165],[14.9975,51.1218],[14.9968,51.1323],[14.9912,51.1412]]}},{"type":"Feature","properties":{"r":4,"n":"Donau"},"geometry":{"type":"LineString","coordinates":[[12.1341,49.0228],[12.1453,49.0221],[12.1569,49.0174],[12.1673,49.0155],[12.178,49.0098],[12.1886,49.0074],[12.1985,49.0167],[12.2072,49.0235],[12.2174,49.0278],[12.2319,49.0255],[12.2451,49.0233],[12.2576,49.0198],[12.2643,49.012],[12.2766,49.0111],[12.2864,49.0136],[12.2983,49.0147],[12.3098,49.0154],[12.3218,49.0131],[12.3303,49.0064],[12.34,49.0014]]}},{"type":"Feature","properties":{"r":4,"n":"Mže"},"geometry":{"type":"LineString","coordinates":[[12.9967,49.7494],[13.0069,49.7502],[13.0141,49.7576],[13.0228,49.7635],[13.0321,49.768],[13.0424,49.7663],[13.0552,49.7654],[13.0649,49.7715],[13.0683,49.7815],[13.077,49.7879],[13.0834,49.7958],[13.0941,49.8001],[13.1073,49.7944],[13.117,49.7989],[13.1274,49.7961],[13.1415,49.7959],[13.1448,49.7855],[13.1574,49.7839],[13.164,49.7925],[13.1745,49.792]]}},{"type":"Feature","properties":{"r":4,"n":"Leine"},"geometry":{"type":"LineString","coordinates":[[9.7616,52.1358],[9.7677,52.1444],[9.7663,52.1544],[9.7604,52.165],[9.7711,52.1717],[9.781,52.1735],[9.7798,52.1835],[9.7868,52.1908],[9.7915,52.2002],[9.7999,52.2065],[9.8064,52.2141],[9.8135,52.2214],[9.8219,52.2275],[9.8248,52.2375],[9.8337,52.2421],[9.8246,52.2472],[9.8164,52.253],[9.8081,52.2597],[9.8077,52.2698],[9.8019,52.2781]]}},{"type":"Feature","properties":{"r":4,"n":"Lippe"},"geometry":{"type":"LineString","coordinates":[[7.3092,51.7032],[7.2992,51.7059],[7.2975,51.716],[7.2883,51.7201],[7.2778,51.7223],[7.2684,51.7263],[7.2613,51.7182],[7.2516,51.722],[7.2413,51.7216],[7.2313,51.7246],[7.2219,51.7285],[7.2109,51.7266],[7.2002,51.7308],[7.1901,51.7311],[7.1796,51.7327],[7.1711,51.7266],[7.1609,51.7252],[7.1543,51.7174],[7.1438,51.7202],[7.1343,51.715]]}},{"type":"Feature","properties":{"r":4,"n":"Emmelke"},"geometry":{"type":"LineString","coordinates":[[8.7259,53.7267],[8.7358,53.7251],[8.7458,53.7236],[8.756,53.7253],[8.7663,53.7254],[8.7768,53.7289],[8.7864,53.7319],[8.7964,53.7335],[8.8065,53.7315],[8.8179,53.7299],[8.8279,53.7325],[8.8325,53.7414],[8.8427,53.7437],[8.8526,53.7463],[8.8633,53.7491],[8.8735,53.7514],[8.8838,53.7496],[8.8944,53.7478],[8.9043,53.745],[8.9151,53.7444]]}},{"type":"Feature","properties":{"r":4,"n":"Emscher"},"geometry":{"type":"LineString","coordinates":[[7.2981,51.5965],[7.2894,51.5913],[7.2801,51.5857],[7.2669,51.5817],[7.2569,51.5824],[7.2486,51.5754],[7.2388,51.5723],[7.2294,51.5663],[7.2192,51.5627],[7.2083,51.5606],[7.198,51.5572],[7.1844,51.5538],[7.1734,51.5516],[7.1623,51.5507],[7.1508,51.5511],[7.1394,51.551],[7.1292,51.5509],[7.1141,51.5493],[7.0965,51.547],[7.085,51.5452]]}},{"type":"Feature","properties":{"r":4,"n":"Oste"},"geometry":{"type":"LineString","coordinates":[[9.1588,53.7069],[9.1585,53.7175],[9.1498,53.723],[9.1494,53.7341],[9.148,53.7445],[9.1473,53.7549],[9.144,53.7644],[9.1393,53.7752],[9.1288,53.7795],[9.1209,53.7873],[9.1128,53.7935],[9.1043,53.8001],[9.0939,53.8],[9.0846,53.7957],[9.0765,53.8043],[9.0654,53.8054],[9.0525,53.8017],[9.0422,53.8008],[9.0446,53.8111],[9.0399,53.8204]]}},{"type":"Feature","properties":{"r":6,"n":"Hoge Vaart"},"geometry":{"type":"LineString","coordinates":[[5.6231,52.4083],[5.6256,52.4207],[5.6397,52.4321],[5.6493,52.4373],[5.6598,52.4429],[5.6703,52.4486],[5.6814,52.4546],[5.6914,52.4595],[5.7048,52.4653],[5.7148,52.4697],[5.729,52.4759],[5.7416,52.4813],[5.752,52.4861],[5.7597,52.4937],[5.7647,52.5066],[5.7718,52.527],[5.7742,52.5368],[5.7691,52.5477],[5.7613,52.5636],[5.7564,52.573]]}},{"type":"Feature","properties":{"r":6,"n":"Van Harinxmakanaal"},"geometry":{"type":"LineString","coordinates":[[5.7526,53.1961],[5.7416,53.1961],[5.7315,53.1953],[5.721,53.1942],[5.7106,53.192],[5.7003,53.1909],[5.6888,53.1879],[5.6784,53.1853],[5.6684,53.1863],[5.6586,53.1889],[5.6484,53.1891],[5.6349,53.191],[5.6248,53.1913],[5.614,53.1883],[5.604,53.1835],[5.5937,53.1788],[5.583,53.1779],[5.5723,53.1805],[5.5617,53.1834],[5.5497,53.1843]]}},{"type":"Feature","properties":{"r":4,"n":"Uchte"},"geometry":{"type":"LineString","coordinates":[[11.8649,52.5994],[11.8685,52.6099],[11.8691,52.6199],[11.8663,52.6299],[11.8659,52.6402],[11.86,52.6497],[11.8528,52.6568],[11.844,52.6619],[11.8404,52.6714],[11.8413,52.6819],[11.8462,52.6908],[11.8508,52.7007],[11.8529,52.7105],[11.8542,52.7206],[11.8581,52.7307],[11.8547,52.7406],[11.8544,52.7506],[11.8494,52.7597],[11.8404,52.7641],[11.8292,52.7629]]}},{"type":"Feature","properties":{"r":6,"n":"Oder-Spree-Kanal"},"geometry":{"type":"LineString","coordinates":[[14.4612,52.2465],[14.448,52.2471],[14.4379,52.2486],[14.4273,52.2508],[14.4167,52.2525],[14.406,52.2561],[14.3928,52.2599],[14.3787,52.2624],[14.368,52.2645],[14.3581,52.2689],[14.3462,52.2724],[14.335,52.2751],[14.3254,52.2789],[14.3159,52.283],[14.3063,52.287],[14.2958,52.2916],[14.2857,52.2949],[14.2708,52.2984],[14.2603,52.3009],[14.2442,52.3042]]}},{"type":"Feature","properties":{"r":4,"n":"Welse"},"geometry":{"type":"LineString","coordinates":[[14.1267,53.1614],[14.1367,53.1594],[14.147,53.1579],[14.1567,53.1552],[14.1669,53.1545],[14.178,53.1524],[14.1875,53.1479],[14.1982,53.1421],[14.2076,53.1381],[14.2169,53.1343],[14.2269,53.1299],[14.2368,53.1277],[14.2495,53.1251],[14.26,53.1217],[14.2698,53.1182],[14.2841,53.112],[14.294,53.1051],[14.3005,53.0974],[14.311,53.0984],[14.3207,53.0955]]}},{"type":"Feature","properties":{"r":4,"n":"Randow"},"geometry":{"type":"LineString","coordinates":[[14.1284,53.2952],[14.1413,53.3036],[14.1515,53.3086],[14.161,53.3139],[14.1724,53.3203],[14.1816,53.3261],[14.1914,53.3327],[14.2008,53.3392],[14.2095,53.3456],[14.2181,53.3534],[14.2272,53.3629],[14.233,53.3716],[14.2382,53.3818],[14.243,53.3908],[14.2428,53.4011],[14.238,53.4136],[14.2401,53.424],[14.233,53.4316],[14.224,53.4375],[14.2165,53.4443]]}},{"type":"Feature","properties":{"r":4,"n":"Wołczenica"},"geometry":{"type":"LineString","coordinates":[[15.0409,53.7662],[15.031,53.7645],[15.0209,53.7612],[15.0107,53.7582],[15.0009,53.7555],[14.9955,53.747],[14.9847,53.7466],[14.9747,53.7461],[14.9642,53.7474],[14.9522,53.7482],[14.9417,53.748],[14.932,53.7511],[14.9225,53.7544],[14.9126,53.7569],[14.9033,53.7611],[14.8929,53.7594],[14.8833,53.7624],[14.8742,53.7666],[14.8682,53.7746],[14.8604,53.7816]]}},{"type":"Feature","properties":{"r":4,"n":"Pliszka"},"geometry":{"type":"LineString","coordinates":[[14.9711,52.223],[14.9596,52.2194],[14.9515,52.2128],[14.9414,52.2123],[14.932,52.2084],[14.9221,52.2061],[14.9127,52.21],[14.9029,52.2077],[14.893,52.2055],[14.883,52.2073],[14.8726,52.2066],[14.8673,52.2155],[14.8575,52.2176],[14.8463,52.2199],[14.8373,52.2246],[14.8274,52.2273],[14.8167,52.2286],[14.8063,52.2299],[14.7986,52.2364],[14.7885,52.2365]]}},{"type":"Feature","properties":{"r":4,"n":"Gowienica"},"geometry":{"type":"LineString","coordinates":[[14.9219,53.6154],[14.9221,53.6261],[14.913,53.6331],[14.9186,53.6414],[14.9103,53.6471],[14.9024,53.6543],[14.9096,53.6616],[14.9149,53.6703],[14.9085,53.6781],[14.9067,53.688],[14.9103,53.6975],[14.9053,53.7062],[14.8951,53.7068],[14.885,53.7047],[14.8772,53.6983],[14.8677,53.6944],[14.8577,53.692],[14.8477,53.6925],[14.838,53.6899],[14.8345,53.6803]]}},{"type":"Feature","properties":{"r":4,"n":"Oder/Odra"},"geometry":{"type":"LineString","coordinates":[[14.5928,52.4523],[14.6003,52.4592],[14.6098,52.4656],[14.6124,52.4754],[14.6215,52.4809],[14.6305,52.4871],[14.6348,52.497],[14.628,52.5044],[14.6183,52.5075],[14.6111,52.5145],[14.6074,52.5243],[14.6049,52.5342],[14.6114,52.5421],[14.6151,52.5522],[14.6245,52.5602],[14.6347,52.5649],[14.6376,52.5749],[14.6272,52.5794],[14.6175,52.5839],[14.6105,52.5925]]}},{"type":"Feature","properties":{"r":4,"n":"Palten"},"geometry":{"type":"LineString","coordinates":[[14.4527,47.5093],[14.4392,47.5112],[14.4276,47.5123],[14.415,47.5161],[14.4035,47.5186],[14.3912,47.5207],[14.3809,47.5232],[14.3711,47.5253],[14.3612,47.5268],[14.3512,47.5252],[14.3411,47.5264],[14.3308,47.5289],[14.3206,47.531],[14.3109,47.5338],[14.3068,47.5433],[14.3111,47.5525],[14.319,47.5589],[14.3262,47.5662],[14.335,47.5718]]}},{"type":"Feature","properties":{"r":4,"n":"Altmühl"},"geometry":{"type":"LineString","coordinates":[[10.4798,49.2322],[10.49,49.2318],[10.4997,49.2275],[10.5089,49.2233],[10.5176,49.2183],[10.5275,49.2159],[10.5366,49.2113],[10.5463,49.206],[10.5566,49.2051],[10.5657,49.2008],[10.5721,49.193],[10.5814,49.1892],[10.5919,49.1877],[10.6025,49.1861],[10.6121,49.1829],[10.6228,49.1813],[10.6291,49.1727],[10.6378,49.1676],[10.648,49.1706]]}},{"type":"Feature","properties":{"r":4,"n":"Werra"},"geometry":{"type":"LineString","coordinates":[[10.9166,50.4348],[10.9082,50.4293],[10.9008,50.4221],[10.892,50.4167],[10.8821,50.415],[10.8732,50.4095],[10.8628,50.4096],[10.8531,50.4122],[10.8434,50.4148],[10.8353,50.4211],[10.8252,50.42],[10.818,50.413],[10.8079,50.4097],[10.7979,50.4112],[10.7877,50.4151],[10.7776,50.4146],[10.7681,50.4179],[10.7582,50.4159],[10.7486,50.419]]}},{"type":"Feature","properties":{"r":4,"n":"Pram"},"geometry":{"type":"LineString","coordinates":[[13.5908,48.2543],[13.5996,48.2592],[13.609,48.2631],[13.6177,48.2682],[13.624,48.2761],[13.6266,48.2859],[13.6308,48.295],[13.6325,48.3049],[13.6322,48.3151],[13.6247,48.322],[13.6176,48.3293],[13.6149,48.339],[13.6052,48.3422],[13.5962,48.3469],[13.5865,48.3504],[13.5772,48.3547],[13.5682,48.3592],[13.5724,48.3685],[13.5777,48.3771]]}},{"type":"Feature","properties":{"r":4,"n":"Kamenice"},"geometry":{"type":"LineString","coordinates":[[14.4872,50.8101],[14.4771,50.8091],[14.4668,50.81],[14.4592,50.8035],[14.4487,50.8031],[14.4386,50.8014],[14.4287,50.7999],[14.4185,50.8001],[14.4083,50.8],[14.3983,50.8008],[14.3892,50.7963],[14.3801,50.8012],[14.3697,50.8015],[14.3599,50.804],[14.3537,50.8121],[14.3559,50.8219],[14.3545,50.8319],[14.3546,50.842],[14.3474,50.849]]}},{"type":"Feature","properties":{"r":4,"n":"Steinach"},"geometry":{"type":"LineString","coordinates":[[11.2023,50.399],[11.2003,50.3891],[11.198,50.3791],[11.2018,50.3691],[11.208,50.3612],[11.2055,50.3515],[11.1976,50.3452],[11.1873,50.3424],[11.1775,50.3391],[11.1696,50.3325],[11.1611,50.327],[11.1535,50.3205],[11.1523,50.3103],[11.144,50.3046],[11.1473,50.2943],[11.1526,50.2856],[11.1587,50.2775],[11.1682,50.2736],[11.1771,50.2686]]}},{"type":"Feature","properties":{"r":4,"n":"Naab"},"geometry":{"type":"LineString","coordinates":[[12.1502,49.5383],[12.1596,49.5331],[12.1683,49.5278],[12.1676,49.5172],[12.1709,49.5071],[12.1741,49.4969],[12.1692,49.4864],[12.1746,49.4764],[12.1833,49.4706],[12.1837,49.4605],[12.1856,49.45],[12.1786,49.442],[12.1711,49.4349],[12.1681,49.4245],[12.1641,49.4142],[12.1619,49.4042],[12.1555,49.396],[12.1468,49.3895],[12.1484,49.3784]]}},{"type":"Feature","properties":{"r":4,"n":"Weiße Elster"},"geometry":{"type":"LineString","coordinates":[[12.0115,51.0043],[12.0221,51.0051],[12.0279,51.0137],[12.0375,51.0178],[12.0471,51.0208],[12.0558,51.0258],[12.0668,51.0263],[12.076,51.0307],[12.0864,51.0304],[12.0981,51.0307],[12.1033,51.0399],[12.1108,51.0474],[12.1192,51.0538],[12.1291,51.0553],[12.1394,51.0554],[12.1496,51.0564],[12.1583,51.0615],[12.1682,51.0644],[12.1645,51.0739]]}},{"type":"Feature","properties":{"r":4,"n":"Gottleuba"},"geometry":{"type":"LineString","coordinates":[[13.9317,50.8382],[13.9351,50.8481],[13.9441,50.8536],[13.9443,50.8637],[13.9458,50.8739],[13.9552,50.8782],[13.9655,50.8784],[13.9751,50.8824],[13.9847,50.8854],[13.9907,50.8935],[13.9923,50.9034],[13.9833,50.908],[13.9776,50.9163],[13.9676,50.9162],[13.9598,50.9231],[13.9516,50.9291],[13.9452,50.9371],[13.9422,50.9467],[13.9371,50.9556]]}},{"type":"Feature","properties":{"r":4,"n":"Úslava"},"geometry":{"type":"LineString","coordinates":[[13.4497,49.4103],[13.4564,49.4183],[13.4589,49.4282],[13.4689,49.4286],[13.4675,49.4389],[13.4631,49.4479],[13.4721,49.4527],[13.4783,49.4606],[13.4874,49.4681],[13.4954,49.4744],[13.4945,49.4844],[13.4995,49.4931],[13.5092,49.4961],[13.5191,49.4979],[13.5291,49.4988],[13.5391,49.5021],[13.5484,49.5059],[13.5586,49.5034],[13.5683,49.4989]]}},{"type":"Feature","properties":{"r":4,"n":"Černá"},"geometry":{"type":"LineString","coordinates":[[14.7085,48.6791],[14.6985,48.6797],[14.6884,48.6782],[14.6781,48.6794],[14.672,48.6874],[14.6699,48.6976],[14.6615,48.7034],[14.6539,48.71],[14.6475,48.7179],[14.6369,48.7194],[14.627,48.7214],[14.6171,48.7233],[14.6076,48.7267],[14.598,48.722],[14.5886,48.7256],[14.5783,48.725],[14.5705,48.7315],[14.5634,48.7386],[14.5528,48.7418]]}},{"type":"Feature","properties":{"r":4,"n":"Schwarza"},"geometry":{"type":"LineString","coordinates":[[11.1558,50.6285],[11.166,50.6283],[11.1763,50.6315],[11.1841,50.6378],[11.1939,50.6358],[11.1902,50.6452],[11.1996,50.649],[11.208,50.655],[11.2151,50.6626],[11.2256,50.6631],[11.2348,50.6671],[11.2448,50.6634],[11.2543,50.6684],[11.2641,50.6726],[11.2714,50.6797],[11.2835,50.6881],[11.2956,50.6877],[11.3066,50.687],[11.3167,50.6875]]}},{"type":"Feature","properties":{"r":4,"n":"Ilm"},"geometry":{"type":"LineString","coordinates":[[10.8485,50.6528],[10.8508,50.6627],[10.8594,50.6682],[10.8592,50.6782],[10.8692,50.6813],[10.8795,50.681],[10.8902,50.6804],[10.9003,50.6816],[10.9104,50.6818],[10.9207,50.6816],[10.9311,50.68],[10.941,50.6779],[10.9511,50.678],[10.9613,50.6767],[10.9698,50.6713],[10.9797,50.6696],[10.9901,50.6704],[10.9992,50.6754],[11.006,50.683]]}},{"type":"Feature","properties":{"r":4,"n":"Mže"},"geometry":{"type":"LineString","coordinates":[[12.7584,49.81],[12.7664,49.8171],[12.7755,49.8213],[12.7852,49.824],[12.7947,49.8196],[12.8034,49.8145],[12.8097,49.8067],[12.819,49.8026],[12.8291,49.8027],[12.8241,49.7938],[12.8347,49.7929],[12.8441,49.7887],[12.8536,49.7848],[12.8629,49.7886],[12.8709,49.7809],[12.8784,49.7742],[12.8887,49.771],[12.9,49.7698],[12.9089,49.7642]]}},{"type":"Feature","properties":{"r":4,"n":"Elbe"},"geometry":{"type":"LineString","coordinates":[[9.3732,53.8065],[9.3677,53.8172],[9.3583,53.8262],[9.3409,53.837],[9.3205,53.8497],[9.3017,53.8601],[9.269,53.8701],[9.2545,53.8741],[9.2356,53.8778],[9.2252,53.8793],[9.2105,53.8806],[9.1901,53.8816],[9.1617,53.8807],[9.1241,53.8797],[9.1134,53.8793],[9.0916,53.8767],[9.0778,53.8733],[9.052,53.8665],[9.0263,53.8603]]}},{"type":"Feature","properties":{"r":4,"n":"Lager Hase"},"geometry":{"type":"LineString","coordinates":[[8.0874,52.675],[8.0783,52.6818],[8.0738,52.6918],[8.07,52.7014],[8.0597,52.7038],[8.0487,52.702],[8.0371,52.7034],[8.0269,52.7035],[8.0168,52.706],[8.007,52.7101],[7.9971,52.7061],[7.9865,52.7077],[7.977,52.7112],[7.9667,52.7123],[7.9546,52.7132],[7.9422,52.7138],[7.9327,52.7175],[7.9228,52.7199],[7.9104,52.7184]]}},{"type":"Feature","properties":{"r":4,"n":"Lippe"},"geometry":{"type":"LineString","coordinates":[[7.7129,51.6703],[7.7027,51.6688],[7.6931,51.6658],[7.6817,51.6637],[7.6715,51.6612],[7.6616,51.659],[7.6515,51.6588],[7.645,51.6503],[7.6349,51.6476],[7.6248,51.6462],[7.6149,51.6479],[7.606,51.6431],[7.5956,51.6402],[7.5853,51.6385],[7.5763,51.6341],[7.5676,51.6285],[7.5618,51.6197],[7.5519,51.6152],[7.5415,51.6133]]}},{"type":"Feature","properties":{"r":6,"n":"Sauteler Kanal"},"geometry":{"type":"LineString","coordinates":[[7.5489,53.3964],[7.5584,53.39],[7.5642,53.3814],[7.5683,53.3719],[7.5646,53.3582],[7.5639,53.3478],[7.5554,53.3425],[7.5448,53.3392],[7.5291,53.3363],[7.5206,53.3306],[7.5127,53.323],[7.5017,53.3169],[7.4914,53.3096],[7.4823,53.3045],[7.4714,53.3009],[7.458,53.298],[7.4441,53.2952],[7.4233,53.2892],[7.4082,53.2853]]}},{"type":"Feature","properties":{"r":6,"n":"Butjadinger Zuwässerungs-Kanal"},"geometry":{"type":"LineString","coordinates":[[8.4614,53.4949],[8.4602,53.505],[8.4513,53.5116],[8.4422,53.5166],[8.4323,53.5209],[8.4211,53.5246],[8.4102,53.5271],[8.3974,53.5293],[8.3853,53.5313],[8.3751,53.5357],[8.3662,53.5406],[8.355,53.5442],[8.3438,53.5453],[8.3338,53.546],[8.3223,53.5475],[8.3122,53.5469],[8.3,53.5453],[8.2905,53.5523],[8.2823,53.5596]]}},{"type":"Feature","properties":{"r":6,"n":"Rhein-Herne-Kanal"},"geometry":{"type":"LineString","coordinates":[[7.0535,51.5298],[7.0411,51.5246],[7.0289,51.5196],[7.0162,51.5155],[7.0026,51.5125],[6.9927,51.5103],[6.9807,51.506],[6.9627,51.5028],[6.9525,51.5011],[6.9399,51.4982],[6.9295,51.4972],[6.9194,51.4953],[6.907,51.4944],[6.8927,51.4948],[6.882,51.495],[6.87,51.4948],[6.8584,51.4932],[6.8411,51.4887],[6.8288,51.4854]]}},{"type":"Feature","properties":{"r":4,"n":"Oude IJssel"},"geometry":{"type":"LineString","coordinates":[[6.3142,51.9362],[6.3024,51.9375],[6.2936,51.9442],[6.2869,51.9521],[6.2878,51.9622],[6.2776,51.9666],[6.2677,51.9691],[6.2584,51.9734],[6.2469,51.9764],[6.2371,51.9821],[6.2293,51.9907],[6.2193,51.9943],[6.2069,51.9978],[6.1968,51.9984],[6.1827,51.999],[6.1705,51.9997],[6.1598,52.0001],[6.1496,52.0024],[6.1357,52.0068]]}},{"type":"Feature","properties":{"r":4,"n":"Garte"},"geometry":{"type":"LineString","coordinates":[[10.1012,51.4805],[10.092,51.4852],[10.0835,51.4906],[10.0732,51.4902],[10.0635,51.4876],[10.0533,51.4891],[10.0433,51.4877],[10.0335,51.4898],[10.0236,51.4914],[10.013,51.4902],[10.003,51.4877],[9.9925,51.4871],[9.9825,51.4866],[9.9727,51.4846],[9.9622,51.4829],[9.952,51.4847],[9.943,51.4891],[9.934,51.4952],[9.925,51.4997]]}},{"type":"Feature","properties":{"r":4,"n":"Aller"},"geometry":{"type":"LineString","coordinates":[[10.538,52.4821],[10.5281,52.4797],[10.518,52.4774],[10.5097,52.4716],[10.4998,52.4758],[10.4884,52.4752],[10.4786,52.4776],[10.4678,52.4774],[10.468,52.4879],[10.4572,52.4912],[10.4459,52.493],[10.4402,52.5014],[10.4301,52.5037],[10.42,52.5021],[10.4104,52.5052],[10.401,52.5092],[10.3904,52.5081],[10.3799,52.515],[10.3696,52.5201]]}},{"type":"Feature","properties":{"r":4,"n":"Ruhr"},"geometry":{"type":"LineString","coordinates":[[7.916,51.5008],[7.9033,51.506],[7.8923,51.5049],[7.8832,51.4992],[7.8793,51.4899],[7.8688,51.4896],[7.8588,51.4868],[7.8492,51.4835],[7.8391,51.4785],[7.8288,51.4755],[7.8188,51.4722],[7.8085,51.4746],[7.7985,51.4682],[7.7881,51.4712],[7.778,51.4704],[7.7672,51.4688],[7.7556,51.4717],[7.7447,51.4701],[7.7347,51.4669]]}},{"type":"Feature","properties":{"r":4,"n":"Arnå"},"geometry":{"type":"LineString","coordinates":[[9.093,55.0473],[9.083,55.0459],[9.0728,55.0418],[9.0624,55.0367],[9.0534,55.0321],[9.0417,55.0297],[9.0385,55.0201],[9.0349,55.0083],[9.0236,55.0009],[9.0136,54.9975],[9.0031,54.994],[8.9949,54.9879],[8.9846,54.9852],[8.9744,54.98],[8.966,54.9742],[8.958,54.968],[8.951,54.9606],[8.9411,54.9585],[8.9319,54.9545]]}},{"type":"Feature","properties":{"r":4,"n":"Elbe"},"geometry":{"type":"LineString","coordinates":[[11.8725,52.9095],[11.8621,52.9101],[11.8472,52.9087],[11.8348,52.9098],[11.8251,52.9142],[11.8246,52.9266],[11.8343,52.9337],[11.8441,52.9376],[11.8499,52.9465],[11.8431,52.9539],[11.8304,52.9579],[11.819,52.9585],[11.8085,52.9576],[11.7977,52.958],[11.786,52.9607],[11.7772,52.9664],[11.7701,52.9776],[11.7613,52.9837],[11.7507,52.9875]]}},{"type":"Feature","properties":{"r":4,"n":"Peene"},"geometry":{"type":"LineString","coordinates":[[13.4238,53.9154],[13.4354,53.9174],[13.446,53.9167],[13.4535,53.9096],[13.4649,53.9067],[13.4716,53.8989],[13.4796,53.8913],[13.4893,53.8883],[13.5001,53.885],[13.5114,53.8819],[13.5228,53.8813],[13.534,53.8802],[13.5451,53.8777],[13.5553,53.8766],[13.5659,53.8744],[13.5766,53.8721],[13.5871,53.871],[13.597,53.8684],[13.607,53.8694]]}},{"type":"Feature","properties":{"r":4,"n":"Elbe"},"geometry":{"type":"LineString","coordinates":[[11.6699,52.1519],[11.6787,52.1597],[11.6817,52.1707],[11.6837,52.1812],[11.6894,52.1898],[11.6994,52.1971],[11.7099,52.2015],[11.7135,52.211],[11.7054,52.2185],[11.7015,52.2299],[11.7005,52.24],[11.7104,52.2472],[11.7231,52.2497],[11.7333,52.2555],[11.7387,52.2644],[11.7475,52.2726],[11.7556,52.2794],[11.7618,52.2905],[11.7645,52.3022]]}},{"type":"Feature","properties":{"r":4,"n":"Güstebieser Alte Oder"},"geometry":{"type":"LineString","coordinates":[[14.1368,52.7369],[14.1407,52.7266],[14.1504,52.7212],[14.1614,52.724],[14.1714,52.7227],[14.1818,52.7255],[14.1915,52.7283],[14.2006,52.7327],[14.2103,52.7364],[14.2192,52.7425],[14.2293,52.7413],[14.239,52.7439],[14.2513,52.7447],[14.2621,52.7413],[14.2735,52.7426],[14.2839,52.7406],[14.2943,52.7402],[14.2972,52.75],[14.306,52.7549]]}},{"type":"Feature","properties":{"r":4,"n":"Oldenburger Graben"},"geometry":{"type":"LineString","coordinates":[[10.8827,54.2862],[10.893,54.28],[10.9027,54.2768],[10.9128,54.2734],[10.9249,54.2691],[10.9365,54.2658],[10.9469,54.2646],[10.957,54.2634],[10.9669,54.2608],[10.9782,54.2579],[10.988,54.2554],[10.9981,54.251],[11.0115,54.2441],[11.021,54.2391],[11.0311,54.2411],[11.0503,54.2451],[11.0618,54.2435],[11.0721,54.2407],[11.08,54.2341]]}},{"type":"Feature","properties":{"r":4,"n":"Beke"},"geometry":{"type":"LineString","coordinates":[[11.9562,53.9307],[11.9613,53.9394],[11.9687,53.9463],[11.9772,53.9517],[11.9869,53.9559],[11.9936,53.9637],[12.003,53.9684],[12.0091,53.9767],[12.0195,53.9747],[12.0297,53.9754],[12.0392,53.9719],[12.0463,53.9646],[12.0549,53.9593],[12.0655,53.9575],[12.0755,53.9549],[12.0826,53.9473],[12.0893,53.9397],[12.0995,53.9403],[12.1111,53.9422]]}},{"type":"Feature","properties":{"r":4,"n":"Wipper"},"geometry":{"type":"LineString","coordinates":[[10.6077,51.4352],[10.603,51.4442],[10.6097,51.4517],[10.6197,51.4528],[10.6298,51.4546],[10.6403,51.4543],[10.6491,51.4495],[10.6589,51.4472],[10.6688,51.4455],[10.6791,51.4425],[10.6903,51.4389],[10.7009,51.4373],[10.7114,51.4368],[10.7215,51.4361],[10.7318,51.4344],[10.7419,51.43],[10.747,51.4213],[10.7575,51.4172],[10.768,51.4164]]}},{"type":"Feature","properties":{"r":6,"n":"Kanał Bema"},"geometry":{"type":"LineString","coordinates":[[15.2803,52.6719],[15.2695,52.6724],[15.2585,52.6716],[15.2488,52.6686],[15.2398,52.6638],[15.2294,52.6633],[15.2187,52.6626],[15.2091,52.6581],[15.1995,52.6538],[15.1894,52.649],[15.1789,52.6441],[15.1664,52.6382],[15.1554,52.6331],[15.1463,52.6288],[15.1342,52.6232],[15.1232,52.618],[15.1133,52.6156],[15.1022,52.613],[15.0926,52.6098]]}},{"type":"Feature","properties":{"r":6,"n":"Kleiner Havelländischer Hauptkanal"},"geometry":{"type":"LineString","coordinates":[[12.6246,52.7376],[12.6144,52.7398],[12.6028,52.7415],[12.587,52.7427],[12.5769,52.7443],[12.5641,52.7456],[12.553,52.7468],[12.5426,52.7479],[12.5323,52.7513],[12.5221,52.753],[12.5111,52.7553],[12.5007,52.7575],[12.4905,52.7576],[12.4766,52.7587],[12.4636,52.7614],[12.4528,52.7648],[12.4411,52.7672],[12.4313,52.7692],[12.4183,52.7706]]}},{"type":"Feature","properties":{"r":4,"n":"Dahme"},"geometry":{"type":"LineString","coordinates":[[13.5461,51.9055],[13.5554,51.8997],[13.5645,51.8953],[13.5751,51.8947],[13.5842,51.8989],[13.5875,51.9088],[13.5881,51.919],[13.5965,51.9245],[13.6013,51.9343],[13.6067,51.9435],[13.6125,51.9517],[13.6147,51.9616],[13.6206,51.97],[13.6212,51.9801],[13.6294,51.9879],[13.6306,51.9979],[13.6365,52.0063],[13.6469,52.0075],[13.6568,52.0103]]}},{"type":"Feature","properties":{"r":4,"n":"Glonn"},"geometry":{"type":"LineString","coordinates":[[11.2978,48.334],[11.3097,48.3367],[11.3199,48.3395],[11.3317,48.3427],[11.3438,48.3433],[11.353,48.3473],[11.3635,48.3492],[11.3715,48.3554],[11.3801,48.3607],[11.3891,48.3665],[11.4011,48.3704],[11.4115,48.3747],[11.4221,48.3776],[11.433,48.3791],[11.4425,48.3832],[11.4516,48.3887],[11.4594,48.395],[11.4662,48.4029]]}},{"type":"Feature","properties":{"r":4,"n":"Zschopau"},"geometry":{"type":"LineString","coordinates":[[12.9863,50.6061],[12.9967,50.6066],[13.0047,50.6128],[13.0147,50.6107],[13.0203,50.619],[13.0303,50.62],[13.0398,50.6237],[13.0496,50.6197],[13.0584,50.6245],[13.0658,50.6313],[13.0689,50.6409],[13.0673,50.6515],[13.0599,50.6583],[13.056,50.6677],[13.0658,50.6697],[13.0572,50.6755],[13.054,50.6854],[13.0616,50.6922]]}},{"type":"Feature","properties":{"r":4,"n":"Ybbs"},"geometry":{"type":"LineString","coordinates":[[14.9828,47.8223],[14.975,47.8159],[14.9651,47.8137],[14.956,47.8091],[14.9463,47.8063],[14.9363,47.8079],[14.9279,47.8141],[14.9334,47.8226],[14.9293,47.8318],[14.9216,47.8383],[14.9118,47.8415],[14.9017,47.8434],[14.8913,47.8424],[14.8813,47.8394],[14.8722,47.8335],[14.8672,47.8248],[14.8578,47.8287],[14.8484,47.8248]]}},{"type":"Feature","properties":{"r":4,"n":"Chomutovka"},"geometry":{"type":"LineString","coordinates":[[13.2562,50.5192],[13.2656,50.5236],[13.2755,50.5251],[13.2856,50.5262],[13.2952,50.5233],[13.304,50.5181],[13.3125,50.5123],[13.3215,50.5064],[13.3294,50.5002],[13.3388,50.4963],[13.3493,50.4982],[13.3591,50.4951],[13.3671,50.4889],[13.3769,50.4859],[13.383,50.4775],[13.3915,50.4717],[13.3999,50.4652],[13.4097,50.4624]]}},{"type":"Feature","properties":{"r":4,"n":"Malše"},"geometry":{"type":"LineString","coordinates":[[14.491,48.8509],[14.5002,48.8554],[14.4952,48.8647],[14.4988,48.8743],[14.5033,48.884],[14.4984,48.8929],[14.5083,48.8947],[14.5033,48.9038],[14.4928,48.8991],[14.4832,48.902],[14.479,48.9113],[14.485,48.9196],[14.4919,48.9273],[14.4908,48.9374],[14.4862,48.9468],[14.4801,48.9551],[14.4772,48.9652],[14.4706,48.973]]}},{"type":"Feature","properties":{"r":4,"n":"Úhlava"},"geometry":{"type":"LineString","coordinates":[[13.1505,49.3087],[13.1521,49.3186],[13.1596,49.3256],[13.1688,49.33],[13.179,49.333],[13.1885,49.3362],[13.1975,49.3408],[13.2072,49.3438],[13.2098,49.3535],[13.2196,49.357],[13.2276,49.3632],[13.2357,49.3695],[13.2409,49.3782],[13.2503,49.3817],[13.2598,49.3865],[13.2595,49.3966],[13.2601,49.4067],[13.256,49.4159]]}},{"type":"Feature","properties":{"r":4,"n":"Černá"},"geometry":{"type":"LineString","coordinates":[[12.916,50.4181],[12.9065,50.4149],[12.8965,50.4153],[12.8863,50.4147],[12.8762,50.4132],[12.8665,50.4159],[12.8556,50.4159],[12.8456,50.4146],[12.8354,50.4128],[12.8254,50.4119],[12.8152,50.4122],[12.8052,50.4134],[12.7944,50.4135],[12.7841,50.4124],[12.7761,50.4186],[12.7661,50.4168],[12.7568,50.4213],[12.7481,50.4264]]}},{"type":"Feature","properties":{"r":4,"n":"Rott"},"geometry":{"type":"LineString","coordinates":[[13.0341,48.4422],[13.0443,48.4452],[13.0543,48.4451],[13.0621,48.4387],[13.0717,48.4357],[13.0819,48.4321],[13.0923,48.4308],[13.1024,48.4304],[13.1128,48.4303],[13.1219,48.4257],[13.1319,48.4261],[13.141,48.4202],[13.1465,48.4117],[13.1559,48.4158],[13.1651,48.411],[13.1753,48.4114],[13.1839,48.4171],[13.194,48.4144]]}},{"type":"Feature","properties":{"r":4,"n":"Schwarza"},"geometry":{"type":"LineString","coordinates":[[11.0311,50.5454],[11.0407,50.5486],[11.0507,50.5487],[11.0558,50.5575],[11.0648,50.5625],[11.0707,50.5713],[11.0781,50.5786],[11.0781,50.5887],[11.082,50.598],[11.0879,50.6064],[11.0967,50.6001],[11.1068,50.6003],[11.1143,50.6074],[11.1245,50.6073],[11.1341,50.6041],[11.1424,50.6097],[11.1522,50.6143],[11.1526,50.6243]]}},{"type":"Feature","properties":{"r":4,"n":"Oleška"},"geometry":{"type":"LineString","coordinates":[[15.4783,50.5169],[15.4678,50.5172],[15.4578,50.5184],[15.4489,50.5232],[15.4449,50.5324],[15.4364,50.5383],[15.4276,50.5436],[15.4217,50.5521],[15.4141,50.5591],[15.4086,50.5675],[15.3997,50.5722],[15.3896,50.5743],[15.38,50.578],[15.3697,50.5778],[15.3609,50.5837],[15.3508,50.5856],[15.3398,50.5883],[15.3309,50.5932]]}},{"type":"Feature","properties":{"r":4,"n":"Lassingbach"},"geometry":{"type":"LineString","coordinates":[[15.0889,47.7414],[15.0789,47.7426],[15.0691,47.7406],[15.0584,47.7403],[15.0481,47.7393],[15.038,47.7378],[15.028,47.7358],[15.0188,47.7305],[15.0088,47.7296],[14.9998,47.7247],[14.9895,47.7257],[14.9782,47.7271],[14.9753,47.7174],[14.9684,47.7099],[14.9618,47.7016],[14.9521,47.6989],[14.9432,47.6939],[14.9334,47.6918]]}},{"type":"Feature","properties":{"r":4,"n":"Regen"},"geometry":{"type":"LineString","coordinates":[[12.8079,49.162],[12.7981,49.1641],[12.7878,49.1642],[12.7779,49.1625],[12.7651,49.1592],[12.7625,49.1701],[12.7553,49.1776],[12.7464,49.1822],[12.736,49.1869],[12.7393,49.1971],[12.7502,49.1984],[12.745,49.2072],[12.7349,49.2098],[12.7248,49.2131],[12.7152,49.2174],[12.7052,49.2154],[12.6955,49.2179],[12.6857,49.2203]]}},{"type":"Feature","properties":{"r":4,"n":"Sormitz"},"geometry":{"type":"LineString","coordinates":[[11.547,50.4729],[11.5434,50.4823],[11.5392,50.492],[11.5344,50.5015],[11.5244,50.5031],[11.5184,50.5119],[11.509,50.5178],[11.4986,50.5212],[11.4883,50.5224],[11.4788,50.5272],[11.471,50.5346],[11.4661,50.5437],[11.4665,50.5542],[11.4584,50.5603],[11.4491,50.565],[11.4439,50.574],[11.4389,50.5827],[11.4345,50.5921]]}},{"type":"Feature","properties":{"r":4,"n":"Leine"},"geometry":{"type":"LineString","coordinates":[[9.9408,51.8652],[9.9422,51.876],[9.9413,51.886],[9.9351,51.894],[9.928,51.9012],[9.9205,51.9079],[9.9145,51.9164],[9.9045,51.9208],[9.896,51.9263],[9.8908,51.9349],[9.8817,51.9408],[9.8722,51.9442],[9.8622,51.9466],[9.8546,51.9532],[9.8519,51.9629],[9.8422,51.9658],[9.8323,51.9674],[9.826,51.9754]]}},{"type":"Feature","properties":{"r":6,"n":"Coevorden-Piccardie-Kanal"},"geometry":{"type":"LineString","coordinates":[[7.0698,52.5697],[7.0445,52.5663],[7.0265,52.5701],[6.9887,52.5936],[6.9804,52.5995],[6.9529,52.6105],[6.9368,52.6112],[6.9221,52.6154],[6.9036,52.6174],[6.8927,52.6199],[6.8776,52.6211],[6.8671,52.6209],[6.8567,52.6203],[6.8439,52.6201],[6.8231,52.6266],[6.8083,52.6312],[6.7874,52.6409],[6.7762,52.6483]]}},{"type":"Feature","properties":{"r":4,"n":"Hoppecke"},"geometry":{"type":"LineString","coordinates":[[8.6466,51.3787],[8.6537,51.3858],[8.6633,51.3911],[8.6741,51.3928],[8.6841,51.3935],[8.6939,51.3955],[8.7034,51.3989],[8.7108,51.4059],[8.7205,51.4095],[8.7303,51.4069],[8.7398,51.4105],[8.7499,51.4091],[8.7598,51.407],[8.7677,51.4136],[8.777,51.4184],[8.786,51.4229],[8.798,51.4262],[8.8093,51.4284]]}},{"type":"Feature","properties":{"r":4,"n":"Jümme"},"geometry":{"type":"LineString","coordinates":[[7.687,53.1816],[7.6881,53.1931],[7.682,53.2012],[7.672,53.205],[7.6617,53.2051],[7.6512,53.2032],[7.641,53.2047],[7.6439,53.2143],[7.6371,53.2218],[7.6267,53.2246],[7.6167,53.2275],[7.6069,53.2297],[7.5969,53.2274],[7.5864,53.2246],[7.5758,53.2246],[7.5657,53.2251],[7.5565,53.2309],[7.5467,53.2266]]}},{"type":"Feature","properties":{"r":6,"n":"Eemskanaal"},"geometry":{"type":"LineString","coordinates":[[6.6148,53.2269],[6.6347,53.2324],[6.6451,53.2351],[6.6623,53.2425],[6.6754,53.2476],[6.6879,53.2521],[6.7006,53.2566],[6.7135,53.2613],[6.7261,53.2663],[6.7386,53.2709],[6.7514,53.2752],[6.7642,53.2797],[6.7774,53.2845],[6.7905,53.2892],[6.8033,53.2935],[6.8167,53.2981],[6.827,53.3014],[6.8442,53.3045]]}},{"type":"Feature","properties":{"r":6,"n":"Kanaal Almelo-De Haandrik"},"geometry":{"type":"LineString","coordinates":[[6.6323,52.3733],[6.6151,52.3863],[6.6074,52.3938],[6.6011,52.4027],[6.5948,52.413],[6.589,52.4246],[6.5803,52.4391],[6.5749,52.448],[6.5732,52.4613],[6.5711,52.4766],[6.5702,52.4867],[6.5813,52.498],[6.6021,52.5134],[6.6135,52.5216],[6.6213,52.5281],[6.6307,52.536],[6.6361,52.5454],[6.6397,52.5567]]}},{"type":"Feature","properties":{"r":4,"n":"Friedeburger Tief"},"geometry":{"type":"LineString","coordinates":[[7.8436,53.4495],[7.8534,53.4567],[7.8586,53.4658],[7.8661,53.4726],[7.875,53.4772],[7.8861,53.4787],[7.9005,53.4775],[7.9104,53.4755],[7.921,53.4776],[7.9325,53.48],[7.943,53.4823],[7.9535,53.4818],[7.9576,53.4724],[7.9662,53.4664],[7.975,53.461],[7.9852,53.4615],[7.9993,53.4578],[8.0118,53.4593]]}},{"type":"Feature","properties":{"r":4,"n":"Groote Gat"},"geometry":{"type":"LineString","coordinates":[[7.2053,53.2374],[7.1949,53.2382],[7.1855,53.2431],[7.1748,53.243],[7.1764,53.2531],[7.1672,53.2589],[7.1647,53.2689],[7.1634,53.2807],[7.1644,53.2909],[7.1642,53.3015],[7.1556,53.3095],[7.135,53.3167],[7.1142,53.3165],[7.1036,53.3168],[7.0783,53.3155],[7.0676,53.3156],[7.0525,53.3155],[7.04,53.3137]]}},{"type":"Feature","properties":{"r":6,"n":"Ems-Jade-Kanal"},"geometry":{"type":"LineString","coordinates":[[7.847,53.4815],[7.8634,53.4826],[7.8735,53.4833],[7.8847,53.4854],[7.8988,53.4871],[7.9103,53.4892],[7.9208,53.4904],[7.9319,53.4917],[7.9425,53.4937],[7.9536,53.5008],[7.9666,53.5032],[7.9796,53.5031],[7.9958,53.5051],[8.006,53.5082],[8.0163,53.5112],[8.0274,53.5118],[8.0389,53.5125],[8.0486,53.5151]]}},{"type":"Feature","properties":{"r":4,"n":"Midden Regge"},"geometry":{"type":"LineString","coordinates":[[6.577,52.3177],[6.5665,52.3183],[6.5565,52.3177],[6.5458,52.3189],[6.5363,52.3157],[6.5283,52.3223],[6.5196,52.3279],[6.5102,52.332],[6.5056,52.3412],[6.4951,52.3398],[6.4864,52.3449],[6.4799,52.3525],[6.4792,52.3625],[6.4708,52.3696],[6.463,52.3761],[6.4632,52.3862],[6.4695,52.3948],[6.4689,52.4048]]}},{"type":"Feature","properties":{"r":4,"n":"Stör"},"geometry":{"type":"LineString","coordinates":[[9.6933,53.9359],[9.6831,53.9374],[9.6719,53.9399],[9.6612,53.9415],[9.651,53.9389],[9.6409,53.939],[9.6365,53.9295],[9.6235,53.9259],[9.6148,53.9197],[9.6024,53.9166],[9.5882,53.9142],[9.5781,53.914],[9.5688,53.9099],[9.5576,53.9104],[9.548,53.9076],[9.538,53.9077],[9.5287,53.9122],[9.5193,53.9157]]}},{"type":"Feature","properties":{"r":6,"n":"Nord-Ostsee-Kanal"},"geometry":{"type":"LineString","coordinates":[[9.9682,54.3426],[9.9576,54.3416],[9.9422,54.3408],[9.9299,54.3419],[9.914,54.3461],[9.8999,54.3507],[9.8875,54.3545],[9.8741,54.3588],[9.8632,54.3619],[9.8474,54.3637],[9.8295,54.3635],[9.8191,54.3636],[9.8048,54.3633],[9.7931,54.3614],[9.7825,54.3582],[9.7734,54.3533],[9.7612,54.3475],[9.75,54.3419]]}},{"type":"Feature","properties":{"r":4,"n":"Niers"},"geometry":{"type":"LineString","coordinates":[[6.4682,51.2416],[6.4591,51.2471],[6.4469,51.2543],[6.4366,51.2604],[6.426,51.2662],[6.4144,51.2724],[6.4017,51.2788],[6.3912,51.284],[6.3824,51.2916],[6.3786,51.3009],[6.3751,51.3116],[6.372,51.3222],[6.3691,51.3321],[6.3623,51.3401],[6.3552,51.3482],[6.356,51.3584],[6.3512,51.3672],[6.3574,51.3751]]}},{"type":"Feature","properties":{"r":4,"n":"Stepenitz"},"geometry":{"type":"LineString","coordinates":[[11.9819,53.1249],[11.9799,53.1151],[11.9715,53.1096],[11.9615,53.1072],[11.9515,53.1075],[11.9421,53.1111],[11.9321,53.111],[11.923,53.1155],[11.9135,53.112],[11.9044,53.1078],[11.8944,53.1064],[11.8847,53.1033],[11.8748,53.1014],[11.8725,53.0916],[11.8675,53.0826],[11.86,53.0759],[11.854,53.0671],[11.8448,53.0628]]}},{"type":"Feature","properties":{"r":6,"n":"Großer Havelländischer Hauptkanal"},"geometry":{"type":"LineString","coordinates":[[12.9211,52.616],[12.9057,52.6175],[12.8941,52.6186],[12.8815,52.6235],[12.8595,52.636],[12.8501,52.6397],[12.8396,52.6464],[12.823,52.6539],[12.8127,52.6566],[12.7979,52.66],[12.7873,52.6627],[12.772,52.6676],[12.7593,52.6709],[12.7473,52.6742],[12.7348,52.678],[12.7156,52.6839],[12.7008,52.6884],[12.6905,52.69]]}},{"type":"Feature","properties":{"r":4,"n":"Saale"},"geometry":{"type":"LineString","coordinates":[[11.7892,51.9085],[11.7979,51.9155],[11.8101,51.9162],[11.8151,51.907],[11.8253,51.907],[11.828,51.9173],[11.8372,51.9236],[11.8436,51.9159],[11.8534,51.9131],[11.8649,51.9161],[11.8771,51.9158],[11.8688,51.9237],[11.8671,51.9337],[11.8806,51.9308],[11.8922,51.9337],[11.8962,51.9433],[11.9065,51.9457],[11.9167,51.9482]]}},{"type":"Feature","properties":{"r":4,"n":"Błotnica"},"geometry":{"type":"LineString","coordinates":[[15.552,54.0644],[15.5455,54.0721],[15.5398,54.0817],[15.5303,54.0882],[15.523,54.0955],[15.5154,54.102],[15.5029,54.1025],[15.4929,54.1024],[15.4827,54.1059],[15.4738,54.111],[15.4652,54.1182],[15.4557,54.1222],[15.4482,54.129],[15.4346,54.1359],[15.4228,54.1383],[15.4133,54.1442],[15.4027,54.1443],[15.3886,54.1463]]}},{"type":"Feature","properties":{"r":4,"n":"Flutkanal"},"geometry":{"type":"LineString","coordinates":[[11.2494,51.3504],[11.2664,51.3505],[11.2781,51.3462],[11.2882,51.3446],[11.298,51.3392],[11.3119,51.3349],[11.3216,51.3321],[11.3308,51.3271],[11.3479,51.3176],[11.3585,51.3118],[11.3732,51.3037],[11.3864,51.3],[11.3948,51.294],[11.4042,51.2899],[11.4167,51.2844],[11.4345,51.2766],[11.4464,51.2712],[11.4616,51.2709]]}},{"type":"Feature","properties":{"r":4,"n":"Ukleja"},"geometry":{"type":"LineString","coordinates":[[15.3689,53.6195],[15.3688,53.6295],[15.361,53.6359],[15.352,53.6407],[15.3452,53.6482],[15.3462,53.6588],[15.3381,53.6647],[15.3278,53.6681],[15.3194,53.674],[15.3105,53.6786],[15.3067,53.6879],[15.3112,53.6973],[15.3084,53.7071],[15.3006,53.7136],[15.2973,53.7233],[15.2878,53.7272],[15.2785,53.7312],[15.2697,53.7372]]}},{"type":"Feature","properties":{"r":4,"n":"Myśla"},"geometry":{"type":"LineString","coordinates":[[14.9188,52.8479],[14.913,52.8396],[14.9032,52.8368],[14.8953,52.8305],[14.8847,52.8274],[14.8774,52.82],[14.8687,52.815],[14.8686,52.8048],[14.8584,52.8034],[14.8485,52.801],[14.8385,52.8033],[14.8281,52.8006],[14.8176,52.7981],[14.8084,52.8023],[14.7984,52.8017],[14.7882,52.7977],[14.781,52.7903],[14.7712,52.7883]]}},{"type":"Feature","properties":{"r":4,"n":"Łęcza"},"geometry":{"type":"LineString","coordinates":[[14.8818,52.4557],[14.8824,52.4657],[14.8825,52.4757],[14.8899,52.483],[14.8849,52.4922],[14.8829,52.5023],[14.8798,52.5121],[14.8834,52.5215],[14.8818,52.5315],[14.8721,52.5436],[14.8611,52.5459],[14.8507,52.5464],[14.8425,52.5522],[14.8327,52.5543],[14.8228,52.5565],[14.813,52.5592],[14.8085,52.5682],[14.8007,52.5745]]}},{"type":"Feature","properties":{"r":4,"n":"Amper"},"geometry":{"type":"LineString","coordinates":[[11.3442,48.2198],[11.3488,48.229],[11.3556,48.2364],[11.3657,48.2369],[11.3756,48.2394],[11.3845,48.2449],[11.3946,48.2458],[11.4038,48.2505],[11.4146,48.2523],[11.4249,48.2566],[11.4351,48.2561],[11.4442,48.2619],[11.4479,48.2713],[11.4548,48.2787],[11.4648,48.2835],[11.4751,48.2852],[11.4836,48.2908]]}},{"type":"Feature","properties":{"r":4,"n":"Elbe"},"geometry":{"type":"LineString","coordinates":[[13.8413,51.025],[13.8358,51.0344],[13.8241,51.0385],[13.8158,51.0467],[13.8089,51.0551],[13.8,51.0617],[13.7901,51.0636],[13.778,51.064],[13.7659,51.0624],[13.7558,51.058],[13.7465,51.0543],[13.7359,51.0563],[13.7301,51.0645],[13.722,51.0712],[13.712,51.0769],[13.7025,51.0736],[13.6961,51.0649]]}},{"type":"Feature","properties":{"r":4,"n":"Naab"},"geometry":{"type":"LineString","coordinates":[[12.1428,49.3766],[12.1387,49.3674],[12.1303,49.3615],[12.1232,49.3539],[12.1212,49.3427],[12.1124,49.3376],[12.1039,49.3319],[12.092,49.3328],[12.0818,49.3295],[12.0795,49.3192],[12.0718,49.3123],[12.0651,49.3044],[12.0687,49.2941],[12.0769,49.2865],[12.0848,49.2803],[12.0868,49.27],[12.0946,49.2631]]}},{"type":"Feature","properties":{"r":4,"n":"Elbe"},"geometry":{"type":"LineString","coordinates":[[13.6861,51.0638],[13.6766,51.0672],[13.6711,51.0777],[13.6652,51.0871],[13.6521,51.0932],[13.6423,51.0971],[13.6311,51.0997],[13.6211,51.1028],[13.6111,51.0999],[13.6012,51.0968],[13.593,51.104],[13.5831,51.1083],[13.5735,51.1117],[13.5642,51.1158],[13.554,51.1197],[13.5433,51.1216],[13.5343,51.1261]]}},{"type":"Feature","properties":{"r":4,"n":"Donau"},"geometry":{"type":"LineString","coordinates":[[13.2142,48.6243],[13.2316,48.6148],[13.242,48.6113],[13.2522,48.6086],[13.2637,48.6072],[13.2759,48.6106],[13.2861,48.6113],[13.3017,48.6078],[13.3119,48.605],[13.3223,48.6032],[13.3371,48.6013],[13.3482,48.6012],[13.365,48.5991],[13.3766,48.5974],[13.3864,48.5942],[13.3994,48.585],[13.4084,48.5805]]}},{"type":"Feature","properties":{"r":4,"n":"Gera"},"geometry":{"type":"LineString","coordinates":[[10.8961,50.7752],[10.9056,50.78],[10.9138,50.7868],[10.915,50.7968],[10.9247,50.8023],[10.9333,50.8094],[10.9421,50.8149],[10.9485,50.8227],[10.9535,50.8319],[10.9592,50.8403],[10.9626,50.8514],[10.9685,50.8599],[10.9722,50.8702],[10.9732,50.8802],[10.9753,50.8901],[10.9677,50.8967],[10.963,50.906]]}},{"type":"Feature","properties":{"r":4,"n":"Mattig"},"geometry":{"type":"LineString","coordinates":[[13.131,48.134],[13.1269,48.1432],[13.1258,48.1532],[13.1272,48.1632],[13.1274,48.1733],[13.1229,48.1823],[13.1194,48.1918],[13.1159,48.2017],[13.1064,48.2062],[13.0988,48.2127],[13.0892,48.2157],[13.0804,48.2214],[13.0731,48.2288],[13.0726,48.2393],[13.0724,48.2495],[13.0654,48.2568],[13.0639,48.2671]]}},{"type":"Feature","properties":{"r":4,"n":"Ilm"},"geometry":{"type":"LineString","coordinates":[[11.6145,48.7062],[11.6161,48.7163],[11.6113,48.7251],[11.6111,48.7352],[11.6173,48.7432],[11.6179,48.7532],[11.6279,48.7589],[11.6379,48.7578],[11.6478,48.7593],[11.6578,48.7597],[11.6678,48.7588],[11.6782,48.7592],[11.6812,48.7698],[11.6912,48.7718],[11.6991,48.778],[11.6994,48.789],[11.7101,48.7907]]}},{"type":"Feature","properties":{"r":4,"n":"Gasteiner Ache"},"geometry":{"type":"LineString","coordinates":[[13.1316,47.1355],[13.123,47.1428],[13.1155,47.1501],[13.1107,47.1605],[13.1029,47.1683],[13.0977,47.177],[13.0992,47.187],[13.1035,47.1964],[13.1068,47.2066],[13.1075,47.2168],[13.1071,47.227],[13.104,47.2385],[13.0995,47.249],[13.0922,47.2565],[13.084,47.2627],[13.0775,47.2716],[13.0773,47.2817]]}},{"type":"Feature","properties":{"r":6,"n":"Zlatá stoka"},"geometry":{"type":"LineString","coordinates":[[14.7975,48.9743],[14.7917,48.9826],[14.7835,48.9889],[14.773,48.9928],[14.7736,49.0032],[14.766,49.0097],[14.7637,49.0195],[14.76,49.0293],[14.7519,49.0356],[14.7483,49.045],[14.738,49.0462],[14.7288,49.0421],[14.7196,49.0462],[14.7098,49.0492],[14.7065,49.0588],[14.6959,49.0595],[14.6869,49.0641]]}},{"type":"Feature","properties":{"r":4,"n":"Rednitz"},"geometry":{"type":"LineString","coordinates":[[11.0708,49.2313],[11.0807,49.233],[11.0849,49.2422],[11.083,49.2525],[11.0794,49.2622],[11.0781,49.2727],[11.0762,49.2827],[11.0764,49.2929],[11.0757,49.3029],[11.0802,49.312],[11.0765,49.3214],[11.0681,49.3272],[11.0667,49.3375],[11.0571,49.3408],[11.0542,49.3504],[11.048,49.359],[11.0387,49.3629]]}},{"type":"Feature","properties":{"r":4,"n":"Rißbach"},"geometry":{"type":"LineString","coordinates":[[11.5718,47.4414],[11.5628,47.4458],[11.5528,47.4474],[11.5431,47.4502],[11.5347,47.4558],[11.5248,47.4578],[11.5153,47.4611],[11.5052,47.4622],[11.4954,47.4645],[11.4852,47.4652],[11.476,47.4692],[11.4669,47.4738],[11.4631,47.4831],[11.4611,47.493],[11.4556,47.5014],[11.4485,47.5085],[11.4423,47.5164]]}},{"type":"Feature","properties":{"r":4,"n":"Pram"},"geometry":{"type":"LineString","coordinates":[[13.5639,48.3914],[13.5549,48.3972],[13.5468,48.4033],[13.5369,48.4084],[13.5271,48.4108],[13.5179,48.4149],[13.5075,48.4168],[13.4977,48.4146],[13.489,48.4094],[13.4779,48.4106],[13.4741,48.4199],[13.4667,48.427],[13.4604,48.4363],[13.456,48.4455],[13.4484,48.4526],[13.4389,48.457],[13.4351,48.4667]]}},{"type":"Feature","properties":{"r":4,"n":"Donau"},"geometry":{"type":"LineString","coordinates":[[10.7703,48.7003],[10.777,48.7117],[10.788,48.7148],[10.7968,48.7097],[10.8067,48.7134],[10.8174,48.7154],[10.8279,48.7156],[10.8382,48.7155],[10.8486,48.7186],[10.8564,48.7265],[10.8707,48.727],[10.8811,48.7266],[10.8908,48.7329],[10.8992,48.7392],[10.9093,48.7389],[10.9204,48.7354],[10.9378,48.7353]]}},{"type":"Feature","properties":{"r":4,"n":"Zusam"},"geometry":{"type":"LineString","coordinates":[[10.7125,48.5832],[10.7153,48.5971],[10.7175,48.6081],[10.7228,48.6175],[10.7324,48.6245],[10.7406,48.6303],[10.7404,48.6409],[10.7367,48.6506],[10.7356,48.6611],[10.7407,48.6702],[10.7455,48.6799],[10.7551,48.6836],[10.7649,48.6869],[10.7716,48.6955],[10.7759,48.7047],[10.7842,48.7103],[10.7944,48.7098]]}},{"type":"Feature","properties":{"r":4,"n":"Salza"},"geometry":{"type":"LineString","coordinates":[[14.9861,47.6669],[14.9761,47.6702],[14.9647,47.6729],[14.9548,47.6745],[14.9447,47.6723],[14.9345,47.6741],[14.9274,47.6816],[14.9172,47.685],[14.9069,47.6882],[14.8963,47.6888],[14.8863,47.6878],[14.8767,47.6917],[14.8712,47.7004],[14.8616,47.7043],[14.8515,47.707],[14.8413,47.7095],[14.8314,47.712]]}},{"type":"Feature","properties":{"r":4,"n":"Unstrut"},"geometry":{"type":"LineString","coordinates":[[10.6172,51.1441],[10.6243,51.1368],[10.6357,51.1342],[10.6458,51.1311],[10.6565,51.1299],[10.6657,51.1257],[10.6743,51.1174],[10.6835,51.1132],[10.6934,51.1109],[10.7032,51.1086],[10.7133,51.1071],[10.7236,51.1072],[10.7327,51.1118],[10.7427,51.1116],[10.7526,51.1097],[10.7624,51.1063],[10.7709,51.1116]]}},{"type":"Feature","properties":{"r":4,"n":"Bibert"},"geometry":{"type":"LineString","coordinates":[[10.8177,49.4113],[10.8278,49.4125],[10.8372,49.4165],[10.8472,49.4161],[10.8572,49.4177],[10.8673,49.4174],[10.8768,49.4212],[10.8874,49.4223],[10.8965,49.4273],[10.9068,49.4291],[10.9169,49.4303],[10.9265,49.4331],[10.9367,49.4343],[10.947,49.435],[10.9575,49.4368],[10.9674,49.4394],[10.9773,49.4422]]}},{"type":"Feature","properties":{"r":4,"n":"Ussel"},"geometry":{"type":"LineString","coordinates":[[10.9202,48.7901],[10.9305,48.7924],[10.9402,48.7897],[10.949,48.7842],[10.9578,48.7789],[10.9681,48.7797],[10.9773,48.7757],[10.9873,48.7761],[10.9972,48.774],[11.0072,48.7726],[11.0169,48.7701],[11.0261,48.7655],[11.0348,48.7603],[11.0442,48.7566],[11.053,48.7516],[11.0627,48.7486],[11.0703,48.7421]]}},{"type":"Feature","properties":{"r":4,"n":"Loquitz"},"geometry":{"type":"LineString","coordinates":[[11.3838,50.5274],[11.3755,50.5331],[11.3688,50.5415],[11.3592,50.5454],[11.3482,50.5461],[11.3502,50.556],[11.352,50.566],[11.3612,50.5703],[11.371,50.5729],[11.3797,50.5792],[11.3899,50.5798],[11.4,50.583],[11.4104,50.5854],[11.4208,50.589],[11.4297,50.5942],[11.4382,50.6001],[11.4352,50.6105]]}},{"type":"Feature","properties":{"r":4,"n":"Střela"},"geometry":{"type":"LineString","coordinates":[[12.9788,50.0733],[12.9797,50.0833],[12.9847,50.0923],[12.9937,50.0967],[13.0041,50.0926],[13.0144,50.0917],[13.0247,50.0918],[13.034,50.0958],[13.044,50.0975],[13.0497,50.0887],[13.0603,50.0881],[13.0691,50.0935],[13.0792,50.0947],[13.0865,50.0876],[13.0975,50.0871],[13.1089,50.09],[13.1199,50.0931]]}},{"type":"Feature","properties":{"r":4,"n":"Wümme"},"geometry":{"type":"LineString","coordinates":[[8.8967,53.134],[8.8865,53.1329],[8.8762,53.1335],[8.8652,53.1316],[8.8576,53.1382],[8.8493,53.1439],[8.8412,53.1505],[8.8334,53.158],[8.8247,53.1632],[8.8147,53.164],[8.8046,53.162],[8.7944,53.1614],[8.7845,53.1632],[8.775,53.1587],[8.7642,53.1629],[8.754,53.1636],[8.7431,53.1637]]}},{"type":"Feature","properties":{"r":4,"n":"Fehntjer Tief"},"geometry":{"type":"LineString","coordinates":[[7.5098,53.3588],[7.5003,53.365],[7.4905,53.3693],[7.4794,53.3697],[7.4689,53.3707],[7.4591,53.3685],[7.451,53.3626],[7.441,53.3633],[7.4319,53.359],[7.4221,53.3561],[7.4139,53.3503],[7.4037,53.3522],[7.3935,53.3517],[7.3832,53.3505],[7.3731,53.3506],[7.3622,53.3509],[7.3521,53.3494]]}},{"type":"Feature","properties":{"r":4,"n":"Elbe"},"geometry":{"type":"LineString","coordinates":[[10.5613,53.3666],[10.5461,53.3693],[10.5356,53.3696],[10.5252,53.3705],[10.5147,53.3713],[10.5044,53.3727],[10.4924,53.3761],[10.4825,53.3804],[10.4719,53.3839],[10.462,53.388],[10.4495,53.3911],[10.4389,53.3944],[10.4261,53.4001],[10.4139,53.4043],[10.3996,53.411],[10.3884,53.4171],[10.3795,53.4232]]}},{"type":"Feature","properties":{"r":4,"n":"Eder"},"geometry":{"type":"LineString","coordinates":[[9.4059,51.1182],[9.4158,51.1205],[9.4255,51.1231],[9.4332,51.1306],[9.4382,51.1399],[9.438,51.1499],[9.4426,51.1589],[9.446,51.1711],[9.4562,51.1744],[9.4597,51.184],[9.4498,51.1862],[9.4391,51.1901],[9.438,51.2001],[9.4476,51.1961],[9.4583,51.1958],[9.455,51.2063],[9.4549,51.2164]]}},{"type":"Feature","properties":{"r":6,"n":"Ilau-Schneegraben"},"geometry":{"type":"LineString","coordinates":[[10.4434,53.3614],[10.437,53.3693],[10.4269,53.3722],[10.418,53.3782],[10.4079,53.3804],[10.3964,53.3829],[10.3851,53.3846],[10.3725,53.3841],[10.3624,53.3858],[10.3504,53.3849],[10.3397,53.3848],[10.3265,53.3869],[10.314,53.389],[10.3037,53.3904],[10.2908,53.3909],[10.278,53.3907],[10.2613,53.3867]]}},{"type":"Feature","properties":{"r":4,"n":"Gerdau"},"geometry":{"type":"LineString","coordinates":[[10.3899,52.9714],[10.4025,52.9682],[10.4126,52.9661],[10.4231,52.9645],[10.4333,52.9657],[10.443,52.9682],[10.453,52.968],[10.4618,52.9623],[10.4699,52.9551],[10.4798,52.9536],[10.4899,52.9519],[10.4999,52.9488],[10.5079,52.9425],[10.5167,52.9377],[10.5281,52.9338],[10.5377,52.9375],[10.5444,52.9455]]}},{"type":"Feature","properties":{"r":4,"n":"Wiedau"},"geometry":{"type":"LineString","coordinates":[[9.5725,53.064],[9.5608,53.066],[9.5498,53.0679],[9.5411,53.0736],[9.5312,53.0765],[9.5212,53.0794],[9.5109,53.0766],[9.5009,53.0808],[9.4912,53.0873],[9.4802,53.0869],[9.4681,53.0882],[9.4567,53.0892],[9.4461,53.0913],[9.4364,53.0956],[9.4265,53.0974],[9.4174,53.1024],[9.4072,53.1042]]}},{"type":"Feature","properties":{"r":6,"n":"Wesel-Datteln-Kanal"},"geometry":{"type":"LineString","coordinates":[[6.9963,51.6629],[6.9829,51.6633],[6.9708,51.6643],[6.9605,51.664],[6.9483,51.6657],[6.9363,51.663],[6.9245,51.6614],[6.9136,51.6619],[6.9008,51.6641],[6.8904,51.6663],[6.8769,51.669],[6.865,51.6712],[6.8535,51.6727],[6.8404,51.6708],[6.8273,51.6667],[6.8145,51.6575],[6.8036,51.6521]]}},{"type":"Feature","properties":{"r":4,"n":"De Lende"},"geometry":{"type":"LineString","coordinates":[[6.1246,52.9182],[6.1149,52.9157],[6.1058,52.9111],[6.0964,52.9074],[6.0867,52.9041],[6.0782,52.8966],[6.0699,52.891],[6.0678,52.8809],[6.0599,52.8738],[6.051,52.8683],[6.0411,52.8664],[6.03,52.8632],[6.0211,52.8566],[6.0118,52.8517],[6.002,52.8494],[5.992,52.8512],[5.9821,52.849]]}},{"type":"Feature","properties":{"r":6,"n":"De Swette"},"geometry":{"type":"LineString","coordinates":[[5.6769,53.0485],[5.6792,53.0583],[5.682,53.0682],[5.6921,53.0757],[5.7031,53.0804],[5.7087,53.089],[5.7208,53.0962],[5.7296,53.1025],[5.7389,53.1063],[5.7477,53.1114],[5.7566,53.1161],[5.7552,53.1272],[5.7615,53.1389],[5.7635,53.1487],[5.7654,53.1628],[5.7654,53.1741],[5.7645,53.1847]]}},{"type":"Feature","properties":{"r":6,"n":"Kanaal Steenwijk-Ossenzijl"},"geometry":{"type":"LineString","coordinates":[[6.1101,52.7913],[6.1007,52.7878],[6.0906,52.7848],[6.0728,52.7884],[6.0612,52.7896],[6.0509,52.7901],[6.041,52.792],[6.029,52.7916],[6.0183,52.7923],[6.0077,52.7935],[5.9976,52.7968],[5.9849,52.7976],[5.9745,52.7978],[5.9637,52.7989],[5.9499,52.8033],[5.9406,52.8082],[5.9251,52.8074]]}},{"type":"Feature","properties":{"r":4,"n":"Weser"},"geometry":{"type":"LineString","coordinates":[[9.1857,52.7635],[9.1957,52.7688],[9.1871,52.774],[9.1774,52.7767],[9.1818,52.7859],[9.1716,52.7859],[9.16,52.7857],[9.156,52.7951],[9.147,52.8023],[9.1493,52.8132],[9.1605,52.8146],[9.1713,52.8118],[9.1832,52.8137],[9.193,52.8171],[9.1966,52.827],[9.2003,52.8363],[9.2117,52.8428]]}},{"type":"Feature","properties":{"r":6,"n":"Apeldoornsch Kanaal"},"geometry":{"type":"LineString","coordinates":[[6.1128,52.0505],[6.1049,52.0594],[6.0958,52.0668],[6.088,52.0734],[6.0865,52.0844],[6.0893,52.0948],[6.086,52.1049],[6.0788,52.1121],[6.0516,52.1246],[6.0436,52.1324],[6.0404,52.1422],[6.0339,52.1519],[6.0228,52.1558],[6.0128,52.1584],[6.003,52.163],[5.9974,52.1713],[5.991,52.1809]]}},{"type":"Feature","properties":{"r":4,"n":"Ems"},"geometry":{"type":"LineString","coordinates":[[7.9909,51.9543],[7.9815,51.9594],[7.9712,51.9615],[7.9613,51.9646],[7.9503,51.9673],[7.9386,51.9692],[7.9251,51.9684],[7.9163,51.9737],[7.9053,51.9735],[7.894,51.9723],[7.8842,51.9694],[7.874,51.9725],[7.8639,51.9725],[7.8528,51.9714],[7.8425,51.9715],[7.8331,51.9756],[7.8226,51.9766]]}},{"type":"Feature","properties":{"r":4,"n":"Elbe"},"geometry":{"type":"LineString","coordinates":[[11.4249,53.0742],[11.41,53.0738],[11.3978,53.0714],[11.3886,53.0663],[11.3781,53.0623],[11.3642,53.0589],[11.3538,53.055],[11.3429,53.054],[11.3329,53.0572],[11.3228,53.066],[11.3148,53.0749],[11.3041,53.0805],[11.2924,53.0839],[11.2816,53.0917],[11.2703,53.0992],[11.2674,53.1089],[11.2676,53.1204]]}},{"type":"Feature","properties":{"r":4,"n":"Schwarze Elster"},"geometry":{"type":"LineString","coordinates":[[13.3782,51.534],[13.3697,51.5394],[13.3659,51.5491],[13.3592,51.5623],[13.3536,51.5708],[13.3423,51.5801],[13.3338,51.5855],[13.3269,51.5941],[13.316,51.6038],[13.2917,51.618],[13.2769,51.636],[13.2714,51.6472],[13.266,51.6632],[13.2537,51.6731],[13.2498,51.684],[13.243,51.6924],[13.2393,51.7023]]}},{"type":"Feature","properties":{"r":4,"n":"Mulde"},"geometry":{"type":"LineString","coordinates":[[12.2952,51.7119],[12.2933,51.7218],[12.2964,51.7317],[12.3073,51.7337],[12.3074,51.7437],[12.3053,51.7536],[12.3007,51.7629],[12.2973,51.7725],[12.2898,51.7792],[12.296,51.7872],[12.285,51.7891],[12.2835,51.7995],[12.2726,51.799],[12.2646,51.8053],[12.261,51.8151],[12.2511,51.8178],[12.2461,51.8274]]}},{"type":"Feature","properties":{"r":4,"n":"Fuhne"},"geometry":{"type":"LineString","coordinates":[[11.9342,51.6464],[11.9237,51.6458],[11.9136,51.6481],[11.9037,51.6539],[11.8941,51.6574],[11.886,51.6635],[11.8796,51.6713],[11.8711,51.6766],[11.8617,51.6802],[11.8517,51.6805],[11.8418,51.6829],[11.832,51.6858],[11.822,51.6846],[11.8123,51.6873],[11.8094,51.6969],[11.8007,51.7025],[11.7979,51.7122]]}},{"type":"Feature","properties":{"r":4,"n":"Ryckgraben"},"geometry":{"type":"LineString","coordinates":[[13.2129,54.1181],[13.2227,54.1201],[13.2327,54.1203],[13.2431,54.1209],[13.2528,54.1183],[13.2625,54.1146],[13.2698,54.1074],[13.2799,54.1064],[13.2895,54.1026],[13.297,54.0959],[13.3074,54.0958],[13.3173,54.094],[13.3277,54.0923],[13.3366,54.0973],[13.3463,54.1002],[13.3565,54.0999],[13.3669,54.099]]}},{"type":"Feature","properties":{"r":4,"n":"Wieda"},"geometry":{"type":"LineString","coordinates":[[10.596,51.6074],[10.6037,51.6001],[10.6113,51.5934],[10.62,51.5881],[10.6251,51.5793],[10.6319,51.5713],[10.6398,51.5641],[10.6458,51.5561],[10.6556,51.5539],[10.6656,51.5538],[10.6762,51.5531],[10.6868,51.5526],[10.6969,51.5517],[10.7075,51.5506],[10.7175,51.5496],[10.7282,51.5499],[10.7383,51.5498]]}},{"type":"Feature","properties":{"r":4,"n":"Temnitz"},"geometry":{"type":"LineString","coordinates":[[12.6131,52.9035],[12.6078,52.8949],[12.618,52.8919],[12.6285,52.8881],[12.6369,52.8819],[12.6324,52.8728],[12.6375,52.8637],[12.6277,52.8616],[12.6174,52.8618],[12.6161,52.8518],[12.626,52.845],[12.6323,52.8372],[12.6381,52.8282],[12.6322,52.8183],[12.6267,52.8098],[12.6187,52.8028],[12.6145,52.7926]]}},{"type":"Feature","properties":{"r":6,"n":"Elbe-Seitenkanal"},"geometry":{"type":"LineString","coordinates":[[10.652,52.6744],[10.6559,52.6886],[10.6592,52.7006],[10.6621,52.7113],[10.664,52.723],[10.6653,52.7342],[10.6673,52.7442],[10.6693,52.7545],[10.6728,52.7724],[10.676,52.7881],[10.6765,52.7992],[10.6736,52.81],[10.6705,52.8222],[10.6679,52.8324],[10.6652,52.8434],[10.6636,52.8541],[10.6609,52.8642]]}},{"type":"Feature","properties":{"r":4,"n":"Kwisa"},"geometry":{"type":"LineString","coordinates":[[15.4258,51.3299],[15.4296,51.3394],[15.427,51.3491],[15.4228,51.3586],[15.4258,51.3682],[15.4288,51.3778],[15.4245,51.3869],[15.4146,51.389],[15.4192,51.398],[15.4095,51.4017],[15.4026,51.4092],[15.4033,51.4193],[15.3991,51.4284],[15.3982,51.4387],[15.3915,51.4462],[15.3942,51.456],[15.3878,51.4639]]}},{"type":"Feature","properties":{"r":4,"n":"Helbe"},"geometry":{"type":"LineString","coordinates":[[10.7174,51.3066],[10.7168,51.2964],[10.7254,51.289],[10.735,51.2843],[10.7451,51.2851],[10.7555,51.2851],[10.7651,51.2818],[10.7736,51.2765],[10.7838,51.2764],[10.7918,51.2704],[10.8012,51.2665],[10.8112,51.2672],[10.8212,51.27],[10.8302,51.2654],[10.8403,51.2653],[10.8463,51.2735],[10.8563,51.2748]]}},{"type":"Feature","properties":{"r":4,"n":"Blanice"},"geometry":{"type":"LineString","coordinates":[[14.2211,49.1901],[14.2191,49.2],[14.2219,49.2097],[14.2317,49.2121],[14.2216,49.2198],[14.2112,49.219],[14.2019,49.2243],[14.1883,49.2309],[14.1786,49.2334],[14.1686,49.2346],[14.1583,49.2362],[14.1461,49.2355],[14.1365,49.2396],[14.1307,49.2478],[14.1214,49.2546],[14.1146,49.262]]}},{"type":"Feature","properties":{"r":4,"n":"Sur"},"geometry":{"type":"LineString","coordinates":[[12.8258,47.8853],[12.8343,47.8911],[12.8426,47.8848],[12.8545,47.8819],[12.8651,47.8777],[12.8745,47.874],[12.8849,47.8701],[12.8942,47.865],[12.9044,47.8612],[12.9137,47.8572],[12.9194,47.8488],[12.9289,47.8439],[12.94,47.8443],[12.9484,47.852],[12.9486,47.8621],[12.9544,47.8703]]}},{"type":"Feature","properties":{"r":4,"n":"Labe"},"geometry":{"type":"LineString","coordinates":[[14.0489,50.6388],[14.0443,50.6486],[14.0464,50.659],[14.0588,50.6606],[14.072,50.6593],[14.085,50.6624],[14.0968,50.6648],[14.1076,50.6673],[14.1177,50.6736],[14.1283,50.6765],[14.1375,50.6699],[14.151,50.6672],[14.1618,50.6689],[14.1679,50.6779],[14.1761,50.684],[14.1881,50.6862]]}},{"type":"Feature","properties":{"r":4,"n":"Fränkische Rezat"},"geometry":{"type":"LineString","coordinates":[[10.8871,49.2179],[10.8937,49.2103],[10.8992,49.2017],[10.8891,49.1999],[10.8847,49.1906],[10.8944,49.1861],[10.9047,49.1852],[10.9138,49.1806],[10.9235,49.1768],[10.9336,49.1787],[10.9437,49.1765],[10.9537,49.1766],[10.9636,49.1748],[10.9734,49.1724],[10.9835,49.1723],[10.992,49.1778]]}},{"type":"Feature","properties":{"r":4,"n":"Melk"},"geometry":{"type":"LineString","coordinates":[[15.2453,48.0913],[15.2535,48.0973],[15.2628,48.1033],[15.2708,48.1094],[15.2747,48.1188],[15.2799,48.1276],[15.2808,48.1377],[15.2733,48.1444],[15.2635,48.1478],[15.2543,48.1518],[15.2461,48.1576],[15.2442,48.1675],[15.2528,48.1744],[15.2593,48.1822],[15.273,48.1902],[15.2772,48.1995]]}},{"type":"Feature","properties":{"r":4,"n":"Große Laber"},"geometry":{"type":"LineString","coordinates":[[12.207,48.8431],[12.2161,48.8477],[12.2256,48.8511],[12.2351,48.8551],[12.2451,48.8558],[12.2552,48.8549],[12.2629,48.8614],[12.2734,48.8651],[12.2836,48.8651],[12.2935,48.8669],[12.3034,48.8652],[12.3134,48.8647],[12.3236,48.8645],[12.3338,48.8659],[12.343,48.8699],[12.3522,48.8744]]}},{"type":"Feature","properties":{"r":4,"n":"Saale"},"geometry":{"type":"LineString","coordinates":[[11.9267,50.282],[11.9347,50.2888],[11.936,50.2988],[11.9322,50.3087],[11.9221,50.3132],[11.922,50.3233],[11.9119,50.3244],[11.9072,50.3341],[11.8965,50.3371],[11.8881,50.3442],[11.8783,50.3471],[11.8698,50.3529],[11.8601,50.3558],[11.8587,50.3659],[11.8489,50.363],[11.8407,50.3691]]}},{"type":"Feature","properties":{"r":4,"n":"Tiroler Achen"},"geometry":{"type":"LineString","coordinates":[[12.3929,47.7083],[12.4021,47.7152],[12.4115,47.7193],[12.4206,47.7235],[12.4297,47.7286],[12.4384,47.7337],[12.4457,47.7426],[12.4557,47.7441],[12.4661,47.7453],[12.4635,47.7553],[12.4662,47.7664],[12.474,47.7728],[12.4751,47.7835],[12.4825,47.7905],[12.4908,47.7971],[12.4993,47.803]]}},{"type":"Feature","properties":{"r":4,"n":"Zwönitz"},"geometry":{"type":"LineString","coordinates":[[12.9153,50.7331],[12.9256,50.7329],[12.9357,50.7348],[12.9451,50.7389],[12.9552,50.7414],[12.9654,50.7439],[12.9764,50.7401],[12.9775,50.7501],[12.9781,50.7607],[12.9705,50.7678],[12.9693,50.778],[12.9627,50.7856],[12.952,50.7849],[12.9443,50.7916],[12.9341,50.7931],[12.9245,50.7898]]}},{"type":"Feature","properties":{"r":4,"n":"Výrovka"},"geometry":{"type":"LineString","coordinates":[[15.0066,50.0713],[15.0166,50.0732],[15.0264,50.0753],[15.0356,50.0797],[15.0426,50.087],[15.0482,50.0972],[15.0459,50.1086],[15.0425,50.1192],[15.0441,50.1291],[15.0414,50.1389],[15.0313,50.1403],[15.0221,50.1456],[15.0145,50.1524],[15.01,50.1615],[15.0003,50.1657],[14.9905,50.1683]]}},{"type":"Feature","properties":{"r":4,"n":"Sázava"},"geometry":{"type":"LineString","coordinates":[[14.9456,49.7973],[14.9385,49.8046],[14.9284,49.8071],[14.9355,49.8142],[14.9281,49.8216],[14.9349,49.8297],[14.9376,49.8401],[14.9467,49.845],[14.9575,49.8435],[14.9475,49.8484],[14.9374,49.8484],[14.9271,49.8486],[14.9369,49.8539],[14.9259,49.8571],[14.9227,49.8667],[14.9112,49.8669]]}},{"type":"Feature","properties":{"r":4,"n":"Doubrava"},"geometry":{"type":"LineString","coordinates":[[15.463,49.9441],[15.4544,49.9493],[15.4485,49.9575],[15.4405,49.9636],[15.432,49.9689],[15.4222,49.9712],[15.4119,49.9698],[15.4048,49.9772],[15.4019,49.9868],[15.3938,49.9931],[15.3858,49.9998],[15.3765,50.0038],[15.366,50.0052],[15.3597,50.0143],[15.3507,50.0199],[15.3424,50.027]]}},{"type":"Feature","properties":{"r":4,"n":"Mangfall"},"geometry":{"type":"LineString","coordinates":[[11.7376,47.7494],[11.7441,47.757],[11.7525,47.7633],[11.7603,47.7699],[11.7697,47.7747],[11.7798,47.7764],[11.7858,47.7848],[11.7911,47.7949],[11.797,47.8032],[11.8032,47.8114],[11.809,47.8199],[11.809,47.8303],[11.8131,47.8399],[11.8048,47.8455],[11.7966,47.852],[11.7881,47.8576]]}},{"type":"Feature","properties":{"r":4,"n":"Großarler Ache"},"geometry":{"type":"LineString","coordinates":[[13.2888,47.1457],[13.2821,47.1533],[13.2755,47.1613],[13.2665,47.1665],[13.2564,47.1678],[13.2467,47.1708],[13.2375,47.1748],[13.2288,47.1798],[13.2197,47.1857],[13.2116,47.1916],[13.2048,47.1992],[13.1996,47.2089],[13.1972,47.2193],[13.1964,47.2295],[13.1965,47.2396],[13.1991,47.2494]]}},{"type":"Feature","properties":{"r":4,"n":"Hengersberger Ohe"},"geometry":{"type":"LineString","coordinates":[[13.097,48.8035],[13.0911,48.7954],[13.0819,48.7909],[13.0879,48.7829],[13.079,48.7777],[13.0688,48.7793],[13.059,48.7817],[13.0492,48.7778],[13.0407,48.7719],[13.0324,48.7652],[13.0409,48.7598],[13.0511,48.7578],[13.0558,48.7484],[13.0551,48.7378],[13.0596,48.7272],[13.0712,48.7214]]}},{"type":"Feature","properties":{"r":4,"n":"Jihlava"},"geometry":{"type":"LineString","coordinates":[[15.3006,49.2778],[15.3066,49.2889],[15.3129,49.2967],[15.3177,49.3065],[15.3305,49.3101],[15.3348,49.3192],[15.3489,49.3175],[15.3589,49.3143],[15.3692,49.3147],[15.379,49.3125],[15.3884,49.316],[15.3984,49.3162],[15.4084,49.3142],[15.4184,49.3185],[15.4263,49.3248],[15.4352,49.3294]]}},{"type":"Feature","properties":{"r":4,"n":"Inn"},"geometry":{"type":"LineString","coordinates":[[11.2674,47.2661],[11.2774,47.2663],[11.288,47.264],[11.2987,47.264],[11.3097,47.2647],[11.3214,47.2649],[11.3299,47.2572],[11.3404,47.2526],[11.3517,47.2546],[11.3624,47.2542],[11.373,47.254],[11.3808,47.2614],[11.3891,47.2675],[11.3963,47.2749],[11.4054,47.2803],[11.417,47.2785]]}},{"type":"Feature","properties":{"r":6,"n":"Main-Donau-Kanal"},"geometry":{"type":"LineString","coordinates":[[11.6842,48.9721],[11.6869,48.9615],[11.6995,48.9569],[11.7123,48.955],[11.725,48.9529],[11.7357,48.9501],[11.7447,48.9436],[11.7544,48.9401],[11.7673,48.9395],[11.7774,48.9389],[11.7879,48.9337],[11.7959,48.9265],[11.8068,48.9245],[11.8172,48.926],[11.8298,48.9252],[11.8422,48.9245]]}},{"type":"Feature","properties":{"r":4,"n":"Ois"},"geometry":{"type":"LineString","coordinates":[[15.1495,47.8101],[15.1451,47.8193],[15.1344,47.822],[15.1268,47.8285],[15.1313,47.8375],[15.1301,47.8476],[15.1228,47.8551],[15.1129,47.8572],[15.1032,47.8617],[15.0931,47.8615],[15.0842,47.8665],[15.0764,47.873],[15.0663,47.8714],[15.0572,47.8672],[15.0473,47.8638],[15.0372,47.8629]]}},{"type":"Feature","properties":{"r":4,"n":"Palten"},"geometry":{"type":"LineString","coordinates":[[14.6364,47.468],[14.6264,47.4689],[14.616,47.4696],[14.606,47.4719],[14.5955,47.4721],[14.5856,47.4747],[14.5756,47.4768],[14.5657,47.4802],[14.5556,47.482],[14.5421,47.4834],[14.5317,47.4836],[14.5218,47.4864],[14.5104,47.4892],[14.4995,47.4928],[14.4904,47.497],[14.4798,47.497]]}},{"type":"Feature","properties":{"r":4,"n":"Traun"},"geometry":{"type":"LineString","coordinates":[[14.228,48.207],[14.2384,48.211],[14.2489,48.2146],[14.2593,48.2191],[14.2705,48.2233],[14.2777,48.2303],[14.2871,48.2343],[14.2982,48.2356],[14.3073,48.2405],[14.3176,48.2419],[14.3256,48.248],[14.3332,48.2549],[14.3416,48.2613],[14.3504,48.2668],[14.3621,48.2683],[14.3742,48.2693]]}},{"type":"Feature","properties":{"r":4,"n":"Unstrut"},"geometry":{"type":"LineString","coordinates":[[10.7704,51.1152],[10.7808,51.1173],[10.7902,51.113],[10.7998,51.1165],[10.8088,51.1211],[10.8187,51.123],[10.8288,51.1213],[10.8388,51.1228],[10.8488,51.1229],[10.8591,51.1249],[10.8692,51.1242],[10.8807,51.1267],[10.891,51.1264],[10.9016,51.125],[10.9114,51.1274],[10.9218,51.1284]]}},{"type":"Feature","properties":{"r":4,"n":"Bílina"},"geometry":{"type":"LineString","coordinates":[[13.6282,50.5295],[13.637,50.5238],[13.6451,50.5167],[13.6552,50.5142],[13.6648,50.5094],[13.6752,50.5075],[13.6855,50.5055],[13.6948,50.5099],[13.7016,50.5173],[13.7091,50.5242],[13.7203,50.5265],[13.7321,50.5266],[13.7414,50.5227],[13.7512,50.5257],[13.7573,50.5338],[13.7625,50.5424]]}},{"type":"Feature","properties":{"r":6,"n":"Knockster Tief"},"geometry":{"type":"LineString","coordinates":[[7.1942,53.408],[7.1835,53.4064],[7.173,53.4043],[7.1632,53.4009],[7.1532,53.4007],[7.1411,53.3976],[7.1269,53.392],[7.1117,53.3886],[7.1013,53.3871],[7.0934,53.377],[7.0866,53.3675],[7.0765,53.362],[7.0664,53.3572],[7.0567,53.3526],[7.0462,53.3476],[7.0329,53.3406]]}},{"type":"Feature","properties":{"r":4,"n":"Elbe"},"geometry":{"type":"LineString","coordinates":[[9.0263,53.8603],[9.0011,53.8536],[8.9852,53.8509],[8.9696,53.8491],[8.9355,53.846],[8.9024,53.8431],[8.8694,53.8402],[8.8363,53.839],[8.8111,53.8397],[8.7883,53.8414],[8.7742,53.8452],[8.7507,53.8556],[8.7387,53.8626],[8.7269,53.8709],[8.7185,53.8768],[8.6977,53.8956]]}},{"type":"Feature","properties":{"r":4,"n":"Kleine Hase"},"geometry":{"type":"LineString","coordinates":[[7.948,52.6768],[7.9358,52.6758],[7.9204,52.6741],[7.9107,52.6711],[7.899,52.6684],[7.8889,52.6692],[7.8703,52.6679],[7.8598,52.6695],[7.8497,52.6697],[7.8372,52.6707],[7.8269,52.6706],[7.8152,52.6723],[7.8052,52.6742],[7.7957,52.6803],[7.7838,52.6809],[7.7745,52.6772]]}},{"type":"Feature","properties":{"r":4,"n":"Bocholter Aa"},"geometry":{"type":"LineString","coordinates":[[6.6343,51.8265],[6.6278,51.8344],[6.6177,51.8362],[6.6069,51.8383],[6.5966,51.8387],[6.5865,51.8404],[6.5742,51.8423],[6.5614,51.8443],[6.5517,51.848],[6.5407,51.8492],[6.529,51.8483],[6.5118,51.847],[6.5015,51.8455],[6.4911,51.8469],[6.48,51.8519],[6.4702,51.854]]}},{"type":"Feature","properties":{"r":4,"n":"Linge"},"geometry":{"type":"LineString","coordinates":[[5.8752,51.9279],[5.8652,51.9297],[5.8553,51.9317],[5.8444,51.9329],[5.8342,51.9323],[5.8209,51.9293],[5.8109,51.9288],[5.7987,51.9282],[5.7839,51.9293],[5.7738,51.9305],[5.7624,51.933],[5.7508,51.9365],[5.7391,51.9366],[5.7245,51.9366],[5.7095,51.9359],[5.698,51.9365]]}},{"type":"Feature","properties":{"r":6,"n":"Twentekanaal"},"geometry":{"type":"LineString","coordinates":[[6.4329,52.1658],[6.422,52.1654],[6.4102,52.166],[6.3997,52.1665],[6.3887,52.1668],[6.3785,52.1667],[6.3659,52.1666],[6.3554,52.1664],[6.345,52.1663],[6.3305,52.1662],[6.3159,52.1661],[6.3011,52.1659],[6.2864,52.1658],[6.2758,52.1657],[6.2576,52.1636],[6.2434,52.1615]]}},{"type":"Feature","properties":{"r":4,"n":"Bocht van Watum / Bucht von Watum"},"geometry":{"type":"LineString","coordinates":[[7.04,53.3137],[7.0185,53.3154],[7.0085,53.317],[6.9761,53.327],[6.9577,53.3336],[6.9453,53.3343],[6.9292,53.339],[6.919,53.3441],[6.9099,53.3496],[6.9022,53.3578],[6.8985,53.3717],[6.8964,53.3838],[6.8937,53.3959],[6.8909,53.4112],[6.8937,53.4264],[6.8847,53.4398]]}},{"type":"Feature","properties":{"r":4,"n":"Werse"},"geometry":{"type":"LineString","coordinates":[[7.8862,51.7612],[7.881,51.7698],[7.8702,51.7745],[7.8617,51.78],[7.8517,51.7807],[7.8416,51.7829],[7.8315,51.7831],[7.8227,51.7879],[7.8123,51.7925],[7.7996,51.7937],[7.7882,51.7928],[7.7782,51.7917],[7.7672,51.7933],[7.7572,51.7954],[7.7472,51.7978],[7.7393,51.804]]}},{"type":"Feature","properties":{"r":4,"n":"Buurserbeek"},"geometry":{"type":"LineString","coordinates":[[6.8413,52.1496],[6.8279,52.1512],[6.8163,52.1515],[6.8054,52.1515],[6.7961,52.1478],[6.7856,52.1468],[6.7757,52.1485],[6.7658,52.1501],[6.7539,52.146],[6.7446,52.142],[6.7358,52.1359],[6.7258,52.1376],[6.7147,52.1364],[6.7048,52.1347],[6.6948,52.1329],[6.6849,52.1348]]}},{"type":"Feature","properties":{"r":6,"n":"Overijssels Kanaal"},"geometry":{"type":"LineString","coordinates":[[6.1899,52.2509],[6.2002,52.2547],[6.2097,52.2638],[6.2173,52.2719],[6.2246,52.28],[6.232,52.2875],[6.2437,52.296],[6.2543,52.3052],[6.2633,52.3197],[6.2646,52.3304],[6.2713,52.3411],[6.2724,52.3561],[6.2762,52.3654],[6.2786,52.3793],[6.2815,52.389],[6.2904,52.3943]]}},{"type":"Feature","properties":{"r":4,"n":"Eider"},"geometry":{"type":"LineString","coordinates":[[9.6158,54.2523],[9.6053,54.25],[9.5959,54.244],[9.5869,54.2392],[9.5785,54.2333],[9.5693,54.2286],[9.5595,54.225],[9.5495,54.221],[9.539,54.2238],[9.5308,54.2153],[9.521,54.2131],[9.5106,54.2083],[9.5019,54.2021],[9.4906,54.2051],[9.4792,54.2043],[9.4708,54.198]]}},{"type":"Feature","properties":{"r":4,"n":"Eider"},"geometry":{"type":"LineString","coordinates":[[9.2675,54.3404],[9.2575,54.3438],[9.2476,54.34],[9.237,54.3429],[9.226,54.3469],[9.2299,54.3372],[9.2273,54.3271],[9.2158,54.326],[9.1982,54.3203],[9.1964,54.3308],[9.1789,54.3347],[9.1689,54.3327],[9.1715,54.3193],[9.1501,54.3189],[9.1425,54.3296],[9.152,54.3341]]}},{"type":"Feature","properties":{"r":4,"n":"Weser"},"geometry":{"type":"LineString","coordinates":[[8.9869,52.9961],[8.9921,53.0056],[8.9797,53.0086],[8.9694,53.0064],[8.9573,53.0002],[8.947,52.9974],[8.9415,53.0062],[8.9316,53.0092],[8.9187,53.0105],[8.9044,53.0124],[8.8925,53.0143],[8.8858,53.0224],[8.8738,53.029],[8.8655,53.0366],[8.8705,53.0467],[8.8744,53.056]]}},{"type":"Feature","properties":{"r":4,"n":"Aa"},"geometry":{"type":"LineString","coordinates":[[5.5344,51.6227],[5.5265,51.629],[5.5167,51.6319],[5.5068,51.6355],[5.4965,51.6373],[5.4867,51.6415],[5.4725,51.6432],[5.4629,51.6463],[5.4536,51.6503],[5.4427,51.6515],[5.4326,51.653],[5.4223,51.6554],[5.4146,51.662],[5.4058,51.6668],[5.3956,51.6685],[5.3847,51.6746]]}},{"type":"Feature","properties":{"r":4,"n":"Waal"},"geometry":{"type":"LineString","coordinates":[[6.0442,51.8715],[6.0319,51.8746],[6.0221,51.8797],[6.009,51.8822],[5.9965,51.8776],[5.9874,51.8696],[5.9807,51.8593],[5.9682,51.8538],[5.9533,51.8583],[5.945,51.8658],[5.9364,51.8718],[5.9192,51.874],[5.905,51.8727],[5.8951,51.8702],[5.8858,51.8642],[5.8767,51.854]]}},{"type":"Feature","properties":{"r":4,"n":"Elbe"},"geometry":{"type":"LineString","coordinates":[[13.2374,51.353],[13.2292,51.3607],[13.2365,51.3682],[13.247,51.3703],[13.2552,51.3779],[13.2513,51.3877],[13.2409,51.3945],[13.2295,51.3952],[13.2182,51.3947],[13.2115,51.4029],[13.205,51.4119],[13.2022,51.4217],[13.2012,51.4323],[13.192,51.4375],[13.1989,51.4464],[13.2042,51.4564]]}},{"type":"Feature","properties":{"r":4,"n":"Wipper"},"geometry":{"type":"LineString","coordinates":[[10.7758,51.4138],[10.7826,51.4064],[10.7925,51.4033],[10.8017,51.3989],[10.8115,51.3941],[10.8216,51.3903],[10.8318,51.3895],[10.8411,51.3858],[10.8497,51.3806],[10.8604,51.3769],[10.8701,51.3744],[10.8802,51.3707],[10.8887,51.3644],[10.8992,51.3631],[10.9097,51.3607],[10.9202,51.3556]]}},{"type":"Feature","properties":{"r":4,"n":"Elbe"},"geometry":{"type":"LineString","coordinates":[[12.1531,51.8743],[12.1432,51.8728],[12.1314,51.8712],[12.1205,51.8709],[12.1089,51.8716],[12.0948,51.8694],[12.0817,51.8654],[12.0718,51.8628],[12.0602,51.8593],[12.0493,51.8586],[12.0378,51.8605],[12.0267,51.8625],[12.0183,51.8692],[12.0205,51.879],[12.0142,51.8882],[11.9982,51.8971]]}},{"type":"Feature","properties":{"r":4,"n":"Vereinigte Mulde"},"geometry":{"type":"LineString","coordinates":[[12.5803,51.5779],[12.5808,51.5879],[12.5722,51.595],[12.5641,51.6016],[12.5536,51.6015],[12.5426,51.602],[12.5335,51.6066],[12.5233,51.6068],[12.5115,51.6068],[12.5017,51.6041],[12.4915,51.603],[12.4774,51.6052],[12.4674,51.6041],[12.4536,51.6057],[12.4442,51.6104],[12.4349,51.6054]]}},{"type":"Feature","properties":{"r":4,"n":"Peene"},"geometry":{"type":"LineString","coordinates":[[12.8891,53.8468],[12.8877,53.857],[12.8895,53.8683],[12.8988,53.8729],[12.9103,53.8741],[12.9243,53.8727],[12.9355,53.8747],[12.9464,53.8733],[12.9568,53.8762],[12.9672,53.8813],[12.9808,53.8809],[12.9911,53.884],[13,53.8892],[13.0105,53.8917],[13.0214,53.8927],[13.0315,53.8952]]}},{"type":"Feature","properties":{"r":6,"n":"Rhinkanal"},"geometry":{"type":"LineString","coordinates":[[12.765,52.816],[12.7546,52.8164],[12.7439,52.8145],[12.7322,52.8148],[12.7214,52.812],[12.7114,52.8102],[12.702,52.8057],[12.6926,52.8015],[12.6777,52.8],[12.6665,52.799],[12.6561,52.7995],[12.6412,52.7985],[12.6227,52.7949],[12.6132,52.7902],[12.6015,52.7805],[12.5903,52.7777]]}},{"type":"Feature","properties":{"r":4,"n":"Fürstenwalder Spree"},"geometry":{"type":"LineString","coordinates":[[14.2265,52.3042],[14.216,52.3034],[14.2048,52.3064],[14.1963,52.3121],[14.1875,52.3199],[14.1775,52.3232],[14.1681,52.3292],[14.1619,52.3384],[14.1523,52.3442],[14.1427,52.3478],[14.131,52.3491],[14.1212,52.347],[14.111,52.3477],[14.1003,52.3499],[14.0878,52.3516],[14.0767,52.3521]]}},{"type":"Feature","properties":{"r":4,"n":"Czerna Wielka"},"geometry":{"type":"LineString","coordinates":[[15.2183,51.5193],[15.2271,51.5244],[15.2357,51.5296],[15.2446,51.5342],[15.2532,51.5394],[15.2581,51.5482],[15.2646,51.5561],[15.2687,51.5653],[15.2693,51.5755],[15.2636,51.5843],[15.2689,51.5931],[15.2748,51.6016],[15.2843,51.6051],[15.2895,51.6139],[15.2934,51.6235],[15.3019,51.6299]]}},{"type":"Feature","properties":{"r":4,"n":"Kurka"},"geometry":{"type":"LineString","coordinates":[[15.0344,51.8962],[15.0278,51.8882],[15.0264,51.8773],[15.0232,51.8656],[15.0157,51.8582],[15.0071,51.8522],[14.9969,51.8496],[14.9921,51.8403],[14.9883,51.8305],[14.983,51.821],[14.9768,51.8131],[14.9682,51.8079],[14.9584,51.8048],[14.9484,51.8024],[14.9383,51.7998],[14.9282,51.8016]]}},{"type":"Feature","properties":{"r":4,"n":"Stuchowska Struga"},"geometry":{"type":"LineString","coordinates":[[15.1086,53.9615],[15.0986,53.9624],[15.0879,53.9634],[15.0755,53.9641],[15.0651,53.9652],[15.0542,53.9672],[15.0439,53.966],[15.0329,53.9627],[15.0221,53.9603],[15.0122,53.9574],[15.003,53.9524],[14.9919,53.9533],[14.9817,53.9529],[14.9717,53.9526],[14.9625,53.9567],[14.9517,53.9589]]}},{"type":"Feature","properties":{"r":6,"n":"Luciekanal"},"geometry":{"type":"LineString","coordinates":[[11.3618,52.9347],[11.3496,52.9379],[11.333,52.9412],[11.3185,52.9429],[11.3084,52.9438],[11.2974,52.9472],[11.2877,52.9497],[11.274,52.9569],[11.2624,52.9603],[11.2524,52.9621],[11.2435,52.9673],[11.232,52.974],[11.2163,52.9797],[11.2047,52.982],[11.1922,52.9907],[11.1893,53.0003]]}},{"type":"Feature","properties":{"r":4,"n":"Lausitzer Neiße / Nysa Łużycka"},"geometry":{"type":"LineString","coordinates":[[15.0385,51.2443],[15.0305,51.2503],[15.0373,51.2577],[15.0378,51.268],[15.0343,51.2776],[15.0321,51.2879],[15.0277,51.2971],[15.0185,51.3015],[15.0118,51.3096],[15.0052,51.3175],[14.994,51.3224],[14.9863,51.3291],[14.9804,51.3379],[14.9786,51.3479],[14.9758,51.3576],[14.966,51.3596]]}},{"type":"Feature","properties":{"r":4,"n":"Havel"},"geometry":{"type":"LineString","coordinates":[[12.8244,52.4727],[12.8136,52.4746],[12.8007,52.4709],[12.7845,52.4659],[12.7741,52.4617],[12.7637,52.4577],[12.7554,52.4511],[12.7447,52.4522],[12.7324,52.453],[12.7214,52.4507],[12.7077,52.4474],[12.6971,52.4456],[12.6868,52.4437],[12.6767,52.4421],[12.6639,52.4405],[12.6529,52.4343]]}},{"type":"Feature","properties":{"r":4,"n":"Aland"},"geometry":{"type":"LineString","coordinates":[[11.6761,52.9562],[11.6659,52.9546],[11.6584,52.9614],[11.6489,52.9656],[11.6379,52.9683],[11.6369,52.9789],[11.6314,52.988],[11.6215,52.9896],[11.6114,52.9947],[11.6031,53.0014],[11.5944,53.0065],[11.5918,53.0166],[11.5821,53.0195],[11.5736,53.0259],[11.5628,53.0296],[11.5679,53.0401]]}},{"type":"Feature","properties":{"r":4,"n":"Postomia"},"geometry":{"type":"LineString","coordinates":[[14.794,52.5767],[14.784,52.5808],[14.7744,52.5848],[14.7637,52.5845],[14.7537,52.583],[14.7454,52.5761],[14.7367,52.5698],[14.7264,52.5711],[14.716,52.5698],[14.706,52.5688],[14.696,52.5727],[14.6859,52.5717],[14.6765,52.5759],[14.667,52.5715],[14.6567,52.5751],[14.6459,52.5826]]}},{"type":"Feature","properties":{"r":4,"n":"Helme"},"geometry":{"type":"LineString","coordinates":[[10.8219,51.4583],[10.8317,51.4538],[10.8444,51.4537],[10.8549,51.4531],[10.8653,51.4547],[10.8746,51.45],[10.8847,51.4493],[10.8948,51.4507],[10.9053,51.4527],[10.9163,51.4534],[10.9266,51.4528],[10.9372,51.4513],[10.947,51.4483],[10.9563,51.4439],[10.9665,51.4424],[10.9767,51.443]]}},{"type":"Feature","properties":{"r":4,"n":"Gunica"},"geometry":{"type":"LineString","coordinates":[[14.3569,53.5383],[14.3535,53.5482],[14.3562,53.558],[14.3666,53.5599],[14.3779,53.5581],[14.3876,53.5544],[14.3973,53.5503],[14.4075,53.5485],[14.4167,53.5442],[14.4267,53.5449],[14.432,53.5534],[14.4421,53.5558],[14.4518,53.5532],[14.4618,53.5545],[14.4719,53.557],[14.482,53.5585]]}},{"type":"Feature","properties":{"r":6,"n":"Kanał Maszówek"},"geometry":{"type":"LineString","coordinates":[[14.9684,52.6508],[14.953,52.6501],[14.935,52.6465],[14.9226,52.6441],[14.9112,52.6418],[14.8975,52.6392],[14.8824,52.6363],[14.8688,52.6337],[14.8583,52.6316],[14.8452,52.6283],[14.8352,52.6248],[14.8253,52.6218],[14.8153,52.6212],[14.8053,52.6183],[14.7931,52.6155],[14.7836,52.6112]]}},{"type":"Feature","properties":{"r":4,"n":"Dömnitz"},"geometry":{"type":"LineString","coordinates":[[12.1779,53.1521],[12.1678,53.154],[12.1585,53.1586],[12.1491,53.1632],[12.139,53.1642],[12.129,53.1635],[12.1196,53.1586],[12.1076,53.1605],[12.0975,53.1615],[12.0874,53.1638],[12.0764,53.1659],[12.0667,53.1622],[12.0562,53.1602],[12.0462,53.1607],[12.036,53.1597],[12.0261,53.1577]]}},{"type":"Feature","properties":{"r":4,"n":"Isar"},"geometry":{"type":"LineString","coordinates":[[11.9572,48.5005],[11.9672,48.5021],[11.9773,48.5019],[11.9858,48.4955],[11.9965,48.4962],[12.0083,48.4971],[12.0196,48.5006],[12.0298,48.5024],[12.0401,48.5071],[12.0559,48.5073],[12.0667,48.5063],[12.0761,48.5113],[12.086,48.516],[12.0975,48.5186],[12.1079,48.5202]]}},{"type":"Feature","properties":{"r":4,"n":"Labe"},"geometry":{"type":"LineString","coordinates":[[14.1881,50.6862],[14.197,50.6909],[14.1988,50.701],[14.1963,50.7123],[14.1903,50.7211],[14.1854,50.7303],[14.1831,50.7406],[14.1848,50.7507],[14.1991,50.7582],[14.2091,50.7639],[14.2061,50.7751],[14.2106,50.7842],[14.2209,50.787],[14.2313,50.7913],[14.237,50.7996]]}},{"type":"Feature","properties":{"r":4,"n":"Sázava"},"geometry":{"type":"LineString","coordinates":[[14.5661,49.8397],[14.5561,49.8428],[14.5492,49.8509],[14.5414,49.8573],[14.5307,49.8583],[14.5196,49.8564],[14.5094,49.8578],[14.501,49.8639],[14.4929,49.8704],[14.4829,49.8694],[14.4716,49.8644],[14.4601,49.8636],[14.4537,49.8728],[14.4439,49.8748],[14.4337,49.8785]]}},{"type":"Feature","properties":{"r":4,"n":"Polenz"},"geometry":{"type":"LineString","coordinates":[[14.2027,51.0299],[14.1914,51.0263],[14.1816,51.0233],[14.1717,51.0277],[14.1618,51.0311],[14.152,51.0285],[14.1433,51.0233],[14.1333,51.022],[14.1256,51.0156],[14.1162,51.0096],[14.1079,51.0037],[14.1027,50.9947],[14.1063,50.9852],[14.1005,50.9768],[14.1023,50.9669]]}},{"type":"Feature","properties":{"r":4,"n":"Aiterach"},"geometry":{"type":"LineString","coordinates":[[12.5533,48.7962],[12.56,48.8037],[12.5686,48.8095],[12.5777,48.814],[12.5879,48.8156],[12.5961,48.8226],[12.6048,48.8286],[12.6125,48.8353],[12.6204,48.8416],[12.6267,48.8501],[12.6318,48.8588],[12.6325,48.8688],[12.6359,48.8784],[12.6415,48.8873],[12.6439,48.8971]]}},{"type":"Feature","properties":{"r":4,"n":"Vltava"},"geometry":{"type":"LineString","coordinates":[[14.3968,50.1226],[14.3946,50.1337],[14.3982,50.1435],[14.4001,50.1539],[14.4037,50.1656],[14.3963,50.1727],[14.3852,50.172],[14.3752,50.1718],[14.3639,50.1692],[14.3537,50.1699],[14.3573,50.1794],[14.3684,50.1828],[14.3758,50.1902],[14.37,50.1993],[14.3626,50.2062]]}},{"type":"Feature","properties":{"r":4,"n":"Paar"},"geometry":{"type":"LineString","coordinates":[[11.2615,48.5555],[11.27,48.5608],[11.2705,48.5708],[11.2805,48.5727],[11.2906,48.5744],[11.3008,48.5753],[11.3109,48.5743],[11.321,48.5741],[11.3308,48.5776],[11.3375,48.5851],[11.347,48.5886],[11.3568,48.5914],[11.3673,48.5927],[11.3771,48.5948],[11.3871,48.5947]]}},{"type":"Feature","properties":{"r":4,"n":"Ilm"},"geometry":{"type":"LineString","coordinates":[[11.5392,51.0532],[11.548,51.0583],[11.5576,51.0624],[11.567,51.0663],[11.5768,51.0686],[11.586,51.074],[11.5956,51.0776],[11.605,51.0817],[11.615,51.081],[11.6245,51.0845],[11.6338,51.0886],[11.6342,51.0986],[11.6442,51.1002],[11.6536,51.1039],[11.6638,51.1035]]}},{"type":"Feature","properties":{"r":6,"n":"Main-Donau-Kanal"},"geometry":{"type":"LineString","coordinates":[[11.2677,49.1879],[11.2797,49.1865],[11.2932,49.1849],[11.3064,49.1824],[11.3162,49.179],[11.3293,49.1726],[11.3389,49.168],[11.3498,49.1655],[11.3601,49.1651],[11.3724,49.1647],[11.3868,49.1621],[11.3973,49.1612],[11.4076,49.162],[11.4189,49.1617],[11.4284,49.1585]]}},{"type":"Feature","properties":{"r":4,"n":"Flossach"},"geometry":{"type":"LineString","coordinates":[[10.5651,48.0987],[10.5534,48.103],[10.5414,48.1095],[10.5378,48.1193],[10.5239,48.1222],[10.5159,48.1298],[10.5074,48.1386],[10.5022,48.1482],[10.492,48.154],[10.4853,48.1634],[10.4757,48.1679],[10.4656,48.1727],[10.4548,48.1821],[10.4477,48.1939],[10.4424,48.2062]]}},{"type":"Feature","properties":{"r":4,"n":"Nördliche Taurach"},"geometry":{"type":"LineString","coordinates":[[13.5455,47.2512],[13.5355,47.2491],[13.5256,47.251],[13.5156,47.2524],[13.5055,47.2514],[13.4964,47.2556],[13.4978,47.2656],[13.5023,47.2755],[13.5061,47.2855],[13.5048,47.2958],[13.504,47.3058],[13.5065,47.3156],[13.5074,47.326],[13.5038,47.3357],[13.5006,47.3453]]}},{"type":"Feature","properties":{"r":4,"n":"Donau"},"geometry":{"type":"LineString","coordinates":[[14.027,48.3813],[14.0299,48.37],[14.0239,48.3586],[14.0214,48.3481],[14.025,48.3387],[14.0333,48.332],[14.0479,48.3265],[14.0577,48.3235],[14.0679,48.3189],[14.0792,48.3171],[14.0908,48.3157],[14.1064,48.3111],[14.1179,48.3091],[14.1323,48.3122],[14.143,48.3167]]}},{"type":"Feature","properties":{"r":4,"n":"Mur"},"geometry":{"type":"LineString","coordinates":[[14.4217,47.1735],[14.4283,47.1825],[14.4353,47.1902],[14.4413,47.1996],[14.4503,47.2042],[14.4583,47.2109],[14.4683,47.211],[14.4785,47.2134],[14.4875,47.2087],[14.497,47.212],[14.5072,47.2105],[14.5163,47.2063],[14.5267,47.2084],[14.537,47.2085],[14.5487,47.2068]]}},{"type":"Feature","properties":{"r":4,"n":"Blanice"},"geometry":{"type":"LineString","coordinates":[[14.8354,49.5913],[14.8343,49.6014],[14.8388,49.6109],[14.8373,49.6208],[14.8418,49.6299],[14.8432,49.6401],[14.8526,49.6438],[14.8581,49.6523],[14.8501,49.6586],[14.8577,49.6652],[14.857,49.6752],[14.856,49.6852],[14.8623,49.693],[14.8713,49.6977],[14.8808,49.7029]]}},{"type":"Feature","properties":{"r":4,"n":"Kocába"},"geometry":{"type":"LineString","coordinates":[[14.2864,49.7859],[14.2917,49.7944],[14.3021,49.7933],[14.3078,49.8021],[14.3158,49.8082],[14.3253,49.8121],[14.3323,49.8195],[14.3405,49.8253],[14.3495,49.8297],[14.3546,49.8384],[14.3625,49.8446],[14.3725,49.8436],[14.3824,49.8421],[14.3905,49.8482],[14.4007,49.8489]]}},{"type":"Feature","properties":{"r":4,"n":"Litavka"},"geometry":{"type":"LineString","coordinates":[[13.969,49.8096],[13.9673,49.8196],[13.9758,49.825],[13.9705,49.8335],[13.9781,49.8402],[13.9807,49.85],[13.9839,49.8595],[13.9914,49.8667],[13.9973,49.875],[13.9891,49.8808],[13.9814,49.8876],[13.9838,49.8974],[13.9857,49.9077],[13.9952,49.9145],[14.0044,49.919]]}},{"type":"Feature","properties":{"r":4,"n":"Otava"},"geometry":{"type":"LineString","coordinates":[[14.0064,49.2563],[14.0168,49.2563],[14.0291,49.259],[14.0395,49.2602],[14.0498,49.2572],[14.0611,49.2566],[14.0707,49.2596],[14.0839,49.2645],[14.0934,49.272],[14.1047,49.2713],[14.1134,49.277],[14.1177,49.2868],[14.1117,49.2949],[14.1088,49.3051],[14.1178,49.3095]]}},{"type":"Feature","properties":{"r":4,"n":"Wörnitz"},"geometry":{"type":"LineString","coordinates":[[10.6908,48.7865],[10.7012,48.781],[10.7048,48.7713],[10.7128,48.7652],[10.7225,48.769],[10.7179,48.7599],[10.7237,48.7502],[10.72,48.7407],[10.7223,48.7307],[10.7234,48.7202],[10.7334,48.7204],[10.7435,48.7248],[10.7513,48.7317],[10.7611,48.7294],[10.7711,48.7247]]}},{"type":"Feature","properties":{"r":4,"n":"Vils"},"geometry":{"type":"LineString","coordinates":[[12.9048,48.6363],[12.9142,48.6401],[12.9253,48.6374],[12.935,48.6347],[12.9427,48.6283],[12.953,48.6275],[12.9614,48.6218],[12.9718,48.6198],[12.9816,48.617],[12.9905,48.6123],[13.0004,48.6103],[13.0102,48.6067],[13.0202,48.6045],[13.0301,48.6063],[13.0402,48.6071]]}},{"type":"Feature","properties":{"r":4,"n":"Otava"},"geometry":{"type":"LineString","coordinates":[[13.653,49.2973],[13.6631,49.3002],[13.6708,49.3074],[13.6784,49.3146],[13.6858,49.3217],[13.6964,49.3196],[13.7074,49.3167],[13.7174,49.3158],[13.7289,49.3089],[13.7383,49.3049],[13.7474,49.2998],[13.756,49.294],[13.7665,49.2898],[13.7767,49.2851],[13.7908,49.2834]]}},{"type":"Feature","properties":{"r":4,"n":"Vilskanal"},"geometry":{"type":"LineString","coordinates":[[12.8262,48.6383],[12.84,48.639],[12.8524,48.6402],[12.8642,48.6395],[12.8749,48.6376],[12.8859,48.6389],[12.8974,48.6373],[12.9074,48.6356],[12.917,48.6324],[12.9278,48.6291],[12.9414,48.6276],[12.9463,48.618],[12.9562,48.6145],[12.9671,48.6119],[12.9772,48.61]]}},{"type":"Feature","properties":{"r":4,"n":"Röslau"},"geometry":{"type":"LineString","coordinates":[[12.0151,50.0382],[12.0251,50.0384],[12.0352,50.0363],[12.0442,50.0319],[12.0544,50.0314],[12.0644,50.0312],[12.0745,50.0298],[12.0848,50.0284],[12.0917,50.0207],[12.1017,50.0214],[12.1117,50.0212],[12.122,50.0207],[12.1309,50.0255],[12.141,50.0243],[12.1511,50.0256]]}},{"type":"Feature","properties":{"r":4,"n":"Vils"},"geometry":{"type":"LineString","coordinates":[[11.8053,49.6281],[11.8109,49.6197],[11.803,49.6133],[11.7941,49.6087],[11.7839,49.6051],[11.7746,49.6012],[11.7804,49.5925],[11.7722,49.5865],[11.7791,49.5781],[11.7794,49.568],[11.7855,49.5599],[11.7945,49.5552],[11.7941,49.545],[11.8039,49.5418],[11.7997,49.5327]]}},{"type":"Feature","properties":{"r":4,"n":"Loisach"},"geometry":{"type":"LineString","coordinates":[[11.2107,47.655],[11.2186,47.6613],[11.2285,47.6675],[11.2385,47.6708],[11.2488,47.6701],[11.2591,47.6725],[11.267,47.679],[11.2774,47.6809],[11.2884,47.6834],[11.2987,47.6835],[11.3078,47.6782],[11.3183,47.6782],[11.325,47.6705],[11.3253,47.6598],[11.3216,47.6494]]}},{"type":"Feature","properties":{"r":4,"n":"Erlauf"},"geometry":{"type":"LineString","coordinates":[[15.1617,47.9999],[15.1626,48.0099],[15.1559,48.0182],[15.1512,48.0271],[15.1442,48.0348],[15.1372,48.042],[15.1338,48.0515],[15.1335,48.0616],[15.1398,48.0701],[15.1415,48.0801],[15.1474,48.0883],[15.1391,48.0941],[15.1368,48.104],[15.1392,48.1138],[15.1412,48.1237]]}},{"type":"Feature","properties":{"r":4,"n":"Murn"},"geometry":{"type":"LineString","coordinates":[[12.2531,48.0259],[12.2469,48.018],[12.2386,48.0122],[12.2402,48.0021],[12.2373,47.992],[12.2283,47.9876],[12.2188,47.9842],[12.2101,47.9791],[12.2172,47.972],[12.2092,47.9657],[12.1994,47.9635],[12.1892,47.9629],[12.1793,47.9612],[12.1692,47.9643],[12.1594,47.9671]]}},{"type":"Feature","properties":{"r":4,"n":"Lech"},"geometry":{"type":"LineString","coordinates":[[10.4992,47.3149],[10.5082,47.3203],[10.5184,47.3232],[10.527,47.3313],[10.5357,47.3396],[10.541,47.3489],[10.5472,47.3596],[10.5524,47.3684],[10.5498,47.3793],[10.5579,47.3852],[10.5652,47.3933],[10.5719,47.4008],[10.5777,47.4094],[10.5789,47.4199],[10.5873,47.4291]]}},{"type":"Feature","properties":{"r":4,"n":"Ehebach"},"geometry":{"type":"LineString","coordinates":[[10.4753,49.6165],[10.4853,49.6184],[10.4962,49.6186],[10.5067,49.6162],[10.5166,49.6186],[10.5266,49.6196],[10.5366,49.6183],[10.5454,49.6132],[10.556,49.6101],[10.5662,49.6099],[10.5763,49.6092],[10.5862,49.6077],[10.5957,49.6045],[10.6058,49.6046],[10.6158,49.6037]]}},{"type":"Feature","properties":{"r":4,"n":"Křemelná"},"geometry":{"type":"LineString","coordinates":[[13.3131,49.1887],[13.321,49.1825],[13.3291,49.1765],[13.3391,49.1754],[13.3492,49.172],[13.355,49.1634],[13.3638,49.1584],[13.3696,49.1502],[13.3773,49.1433],[13.3844,49.1358],[13.3942,49.138],[13.4035,49.1427],[13.4084,49.1321],[13.4168,49.1265],[13.4236,49.1187]]}},{"type":"Feature","properties":{"r":4,"n":"Otava"},"geometry":{"type":"LineString","coordinates":[[14.1467,49.3545],[14.1543,49.362],[14.145,49.3685],[14.1463,49.3791],[14.1513,49.3886],[14.1605,49.3831],[14.1705,49.3864],[14.1806,49.389],[14.1722,49.3966],[14.1818,49.4002],[14.1889,49.4076],[14.185,49.4179],[14.1954,49.4179],[14.1964,49.4281],[14.1918,49.4372]]}},{"type":"Feature","properties":{"r":6,"n":"Zlatá stoka"},"geometry":{"type":"LineString","coordinates":[[14.681,49.0664],[14.6884,49.0737],[14.696,49.0804],[14.7062,49.0817],[14.7141,49.0879],[14.7058,49.0935],[14.696,49.0964],[14.6865,49.1018],[14.6909,49.1108],[14.7011,49.1147],[14.7092,49.1208],[14.7026,49.1285],[14.6925,49.1284],[14.6961,49.1379],[14.6943,49.1479]]}},{"type":"Feature","properties":{"r":4,"n":"Malše"},"geometry":{"type":"LineString","coordinates":[[14.4913,48.7412],[14.4971,48.7494],[14.5067,48.7525],[14.5127,48.761],[14.5112,48.7713],[14.5184,48.7789],[14.5176,48.7891],[14.5079,48.7917],[14.4977,48.792],[14.4933,48.8012],[14.4869,48.8097],[14.4819,48.8184],[14.4752,48.8273],[14.4827,48.8344],[14.4843,48.8443]]}},{"type":"Feature","properties":{"r":4,"n":"Střela"},"geometry":{"type":"LineString","coordinates":[[13.295,50.0466],[13.2872,50.0394],[13.2965,50.0351],[13.3003,50.0252],[13.3067,50.0174],[13.3012,50.0084],[13.3063,49.9997],[13.3142,49.9928],[13.3223,49.9868],[13.3318,49.9831],[13.3399,49.9772],[13.3438,49.9679],[13.3502,49.9602],[13.3597,49.9548],[13.3666,49.9474]]}},{"type":"Feature","properties":{"r":4,"n":"Saale"},"geometry":{"type":"LineString","coordinates":[[11.8237,50.4035],[11.8134,50.403],[11.804,50.4115],[11.7961,50.4179],[11.7863,50.4152],[11.7751,50.416],[11.7635,50.414],[11.7532,50.4161],[11.76,50.4086],[11.7493,50.4079],[11.739,50.409],[11.7299,50.4023],[11.719,50.3997],[11.7093,50.4037],[11.6996,50.4066]]}},{"type":"Feature","properties":{"r":4,"n":"Jizera"},"geometry":{"type":"LineString","coordinates":[[15.4638,50.6308],[15.4531,50.63],[15.4422,50.6259],[15.4351,50.6181],[15.424,50.6172],[15.4153,50.6119],[15.4045,50.6133],[15.3951,50.6097],[15.3861,50.6052],[15.3816,50.5961],[15.3725,50.6003],[15.3622,50.5952],[15.3507,50.5964],[15.3405,50.5959],[15.332,50.6013]]}},{"type":"Feature","properties":{"r":4,"n":"Eiter"},"geometry":{"type":"LineString","coordinates":[[8.9979,52.8554],[8.9921,52.8646],[8.987,52.8744],[8.9813,52.8856],[8.9859,52.895],[8.9924,52.9051],[8.9953,52.9148],[9.0011,52.9243],[9.0042,52.9353],[9.0211,52.9467],[9.0281,52.9541],[9.0287,52.9643],[9.0198,52.9716],[9.0166,52.9825],[9.0074,52.9911]]}},{"type":"Feature","properties":{"r":6,"n":"Rorichumer Tief"},"geometry":{"type":"LineString","coordinates":[[7.4935,53.3669],[7.4841,53.3623],[7.472,53.3611],[7.4623,53.3586],[7.4505,53.3543],[7.4412,53.3504],[7.4351,53.342],[7.4256,53.3356],[7.4139,53.3329],[7.4039,53.3319],[7.3929,53.3295],[7.3827,53.3247],[7.3726,53.3227],[7.3619,53.3222],[7.3519,53.3246]]}},{"type":"Feature","properties":{"r":6,"n":"Mittellandkanal"},"geometry":{"type":"LineString","coordinates":[[9.532,52.4023],[9.517,52.4056],[9.5069,52.4077],[9.4961,52.408],[9.4839,52.4054],[9.4632,52.4004],[9.4475,52.3967],[9.4359,52.3946],[9.423,52.393],[9.4022,52.3918],[9.384,52.3909],[9.3647,52.39],[9.3519,52.3893],[9.3369,52.3886],[9.3219,52.3878]]}},{"type":"Feature","properties":{"r":4,"n":"Issel"},"geometry":{"type":"LineString","coordinates":[[6.5255,51.8101],[6.5178,51.8165],[6.5075,51.8186],[6.497,51.8207],[6.4875,51.8239],[6.4783,51.8285],[6.4685,51.8332],[6.4586,51.8365],[6.4468,51.8379],[6.4354,51.8408],[6.4252,51.8429],[6.4161,51.8485],[6.4076,51.8544],[6.3973,51.8575],[6.3899,51.8651]]}},{"type":"Feature","properties":{"r":6,"n":"Hadelner Kanal"},"geometry":{"type":"LineString","coordinates":[[8.9592,53.7202],[8.961,53.7332],[8.9607,53.7434],[8.9584,53.7537],[8.9601,53.7639],[8.9608,53.7764],[8.9594,53.7882],[8.9581,53.7991],[8.9573,53.8131],[8.9572,53.8241],[8.9464,53.8268],[8.9348,53.8268],[8.9249,53.8251],[8.9148,53.8233],[8.9036,53.8235]]}},{"type":"Feature","properties":{"r":4,"n":"Geeste"},"geometry":{"type":"LineString","coordinates":[[8.9218,53.5131],[8.911,53.5143],[8.9009,53.5164],[8.8911,53.5196],[8.8811,53.5201],[8.87,53.5225],[8.8594,53.5233],[8.85,53.5277],[8.8407,53.5326],[8.8313,53.5365],[8.8194,53.5394],[8.8087,53.5423],[8.7982,53.5425],[8.7868,53.5415],[8.7783,53.5469]]}},{"type":"Feature","properties":{"r":4,"n":"Treene"},"geometry":{"type":"LineString","coordinates":[[9.3242,54.4997],[9.3262,54.4899],[9.3179,54.4812],[9.3171,54.4712],[9.3217,54.462],[9.327,54.4535],[9.3233,54.444],[9.3142,54.4391],[9.3091,54.4303],[9.2988,54.4302],[9.2903,54.4248],[9.2812,54.4201],[9.2785,54.4104],[9.2707,54.4026],[9.2638,54.3951]]}},{"type":"Feature","properties":{"r":4,"n":"Großer Dieckfluss"},"geometry":{"type":"LineString","coordinates":[[8.5176,52.4338],[8.5271,52.4407],[8.5325,52.4495],[8.5414,52.4547],[8.5511,52.4583],[8.5601,52.4632],[8.5698,52.466],[8.5788,52.4713],[8.5861,52.4789],[8.595,52.4844],[8.6081,52.4903],[8.6178,52.4947],[8.6276,52.4994],[8.6376,52.5004],[8.6479,52.5017]]}},{"type":"Feature","properties":{"r":4,"n":"Lee"},"geometry":{"type":"LineString","coordinates":[[7.0913,52.5126],[7.0845,52.5204],[7.0746,52.5219],[7.0652,52.5257],[7.0554,52.5291],[7.0451,52.5299],[7.0363,52.535],[7.0287,52.542],[7.0194,52.551],[7.0105,52.5561],[6.9993,52.5616],[6.9897,52.5665],[6.9795,52.5641],[6.9684,52.5625],[6.9584,52.5639]]}},{"type":"Feature","properties":{"r":6,"n":"Nieuwe Wetering"},"geometry":{"type":"LineString","coordinates":[[5.7718,51.8269],[5.7597,51.833],[5.748,51.835],[5.7363,51.8371],[5.7264,51.8388],[5.7129,51.8399],[5.7012,51.841],[5.6779,51.8432],[5.6666,51.8433],[5.6564,51.8455],[5.6456,51.846],[5.6338,51.8428],[5.623,51.8405],[5.6105,51.8364],[5.6002,51.8345]]}},{"type":"Feature","properties":{"r":4,"n":"Ruhr"},"geometry":{"type":"LineString","coordinates":[[7.597,51.4408],[7.5819,51.4362],[7.5707,51.4346],[7.562,51.428],[7.5571,51.4186],[7.5464,51.416],[7.5366,51.4133],[7.5258,51.416],[7.5169,51.4111],[7.5044,51.4142],[7.4943,51.4148],[7.4829,51.4175],[7.4706,51.4172],[7.4602,51.4152],[7.4516,51.4082]]}},{"type":"Feature","properties":{"r":4,"n":"Linge"},"geometry":{"type":"LineString","coordinates":[[6.0202,51.8945],[6.01,51.8941],[5.9991,51.8953],[5.9885,51.8952],[5.9784,51.8961],[5.9687,51.8935],[5.9602,51.8989],[5.9486,51.9003],[5.9369,51.8997],[5.9255,51.9016],[5.9171,51.9081],[5.9088,51.9144],[5.8978,51.9204],[5.8891,51.9255],[5.8783,51.9274]]}},{"type":"Feature","properties":{"r":4,"n":"Werra"},"geometry":{"type":"LineString","coordinates":[[10.0266,51.2117],[10.0168,51.2094],[10.0074,51.213],[9.9979,51.2165],[9.9976,51.2265],[9.9994,51.2364],[9.9895,51.2344],[9.9823,51.2414],[9.9912,51.2471],[10.0018,51.2485],[10.0119,51.2502],[10.0085,51.2601],[9.9983,51.26],[9.9879,51.2605],[9.9783,51.2653]]}},{"type":"Feature","properties":{"r":4,"n":"Bille"},"geometry":{"type":"LineString","coordinates":[[10.4473,53.5997],[10.4365,53.6053],[10.4259,53.6049],[10.417,53.6001],[10.4073,53.5924],[10.3982,53.588],[10.392,53.5801],[10.3822,53.577],[10.3721,53.5753],[10.3628,53.5715],[10.3528,53.5714],[10.3451,53.5648],[10.3355,53.5618],[10.3258,53.559],[10.3166,53.5549]]}},{"type":"Feature","properties":{"r":4,"n":"Odense Å"},"geometry":{"type":"LineString","coordinates":[[10.3326,55.1684],[10.3365,55.1777],[10.3424,55.1858],[10.3382,55.1949],[10.328,55.1978],[10.3185,55.2024],[10.3086,55.2053],[10.3107,55.2156],[10.2999,55.2157],[10.2909,55.2204],[10.2809,55.2196],[10.272,55.2243],[10.2635,55.2297],[10.2547,55.2345],[10.2444,55.2363]]}},{"type":"Feature","properties":{"r":4,"n":"Oste"},"geometry":{"type":"LineString","coordinates":[[9.4312,53.2852],[9.422,53.2904],[9.4135,53.2957],[9.4035,53.2976],[9.3935,53.2982],[9.3832,53.2967],[9.3736,53.2999],[9.3652,53.3057],[9.3579,53.313],[9.3477,53.3136],[9.3377,53.3134],[9.3276,53.313],[9.3173,53.3123],[9.3071,53.3144],[9.2971,53.3157]]}},{"type":"Feature","properties":{"r":6,"n":"Twentekanaal"},"geometry":{"type":"LineString","coordinates":[[6.6502,52.239],[6.6359,52.2358],[6.6201,52.2316],[6.6079,52.2282],[6.5921,52.2256],[6.5794,52.2238],[6.5653,52.2217],[6.5555,52.2197],[6.5449,52.2154],[6.5338,52.2096],[6.5237,52.2045],[6.5137,52.1994],[6.5046,52.1952],[6.4948,52.1914],[6.4858,52.187]]}},{"type":"Feature","properties":{"r":4,"n":"Klosterbach"},"geometry":{"type":"LineString","coordinates":[[8.7074,52.8563],[8.7106,52.8673],[8.7082,52.878],[8.716,52.8846],[8.7072,52.893],[8.6988,52.8998],[8.6921,52.9091],[8.6923,52.9194],[8.6929,52.9295],[8.6884,52.9386],[8.6847,52.9482],[8.6843,52.9585],[8.6893,52.9683],[8.6973,52.9759],[8.7062,52.9806]]}},{"type":"Feature","properties":{"r":4,"n":"Brøns Å"},"geometry":{"type":"LineString","coordinates":[[8.8293,55.1821],[8.8191,55.1812],[8.8086,55.1843],[8.7987,55.1864],[8.7885,55.1859],[8.7785,55.1864],[8.7684,55.1866],[8.7604,55.1929],[8.7504,55.1941],[8.7405,55.192],[8.7305,55.192],[8.7196,55.1916],[8.7096,55.1913],[8.6997,55.1871],[8.6886,55.1862]]}},{"type":"Feature","properties":{"r":6,"n":"Ems-Vechte-Kanal"},"geometry":{"type":"LineString","coordinates":[[7.0841,52.4403],[7.0956,52.4388],[7.1039,52.4326],[7.1204,52.4349],[7.1338,52.4373],[7.155,52.4405],[7.1976,52.4466],[7.2083,52.4495],[7.2242,52.454],[7.2348,52.4569],[7.2454,52.4599],[7.2627,52.4648],[7.2804,52.4659],[7.2945,52.4666],[7.3077,52.4665]]}},{"type":"Feature","properties":{"r":4,"n":"Hunte"},"geometry":{"type":"LineString","coordinates":[[8.4042,52.9191],[8.3947,52.9236],[8.3844,52.9235],[8.3792,52.9322],[8.369,52.9335],[8.359,52.9334],[8.3513,52.9401],[8.3411,52.9398],[8.3375,52.9495],[8.3316,52.9579],[8.3322,52.9679],[8.3323,52.9779],[8.3237,52.9832],[8.3143,52.9867],[8.3159,52.9966]]}},{"type":"Feature","properties":{"r":4,"n":"Ems"},"geometry":{"type":"LineString","coordinates":[[7.4034,52.3117],[7.3936,52.3146],[7.3826,52.3143],[7.3786,52.3237],[7.3687,52.3265],[7.3586,52.3258],[7.3525,52.3338],[7.3499,52.3443],[7.3414,52.3498],[7.3358,52.3583],[7.3447,52.3632],[7.3511,52.3716],[7.3418,52.3754],[7.3471,52.3842],[7.3371,52.3846]]}},{"type":"Feature","properties":{"r":6,"n":"Apeldoornsch Kanaal"},"geometry":{"type":"LineString","coordinates":[[6.0113,52.3197],[6.0149,52.3303],[6.0173,52.3403],[6.0243,52.3492],[6.0302,52.3597],[6.0368,52.3684],[6.0465,52.3775],[6.0503,52.3873],[6.0608,52.3955],[6.0653,52.4055],[6.0755,52.4159],[6.0787,52.4254],[6.0739,52.4354],[6.077,52.4461],[6.078,52.4563]]}},{"type":"Feature","properties":{"r":4,"n":"Rhein"},"geometry":{"type":"LineString","coordinates":[[6.7696,51.1842],[6.7566,51.1814],[6.7463,51.1811],[6.7359,51.1841],[6.7304,51.193],[6.7317,51.2036],[6.7268,51.2153],[6.724,51.2258],[6.7346,51.2288],[6.7449,51.2255],[6.7541,51.2206],[6.7648,51.2215],[6.7695,51.2316],[6.7654,51.2419],[6.7561,51.2488]]}},{"type":"Feature","properties":{"r":4,"n":"Rhein"},"geometry":{"type":"LineString","coordinates":[[6.4176,51.7116],[6.4078,51.7192],[6.4118,51.7286],[6.42,51.736],[6.4199,51.7487],[6.4101,51.7545],[6.3968,51.7556],[6.3864,51.7551],[6.3721,51.7537],[6.3576,51.7537],[6.3477,51.7555],[6.3368,51.7601],[6.3286,51.7684],[6.3233,51.7801],[6.3192,51.7922]]}},{"type":"Feature","properties":{"r":4,"n":"Aller"},"geometry":{"type":"LineString","coordinates":[[9.3423,52.829],[9.3407,52.8391],[9.3305,52.8379],[9.3218,52.8432],[9.311,52.8411],[9.3092,52.8513],[9.2999,52.8561],[9.3003,52.8663],[9.2928,52.873],[9.2869,52.8816],[9.2817,52.8905],[9.2783,52.9002],[9.2682,52.9043],[9.2581,52.9074],[9.2484,52.9043]]}},{"type":"Feature","properties":{"r":4,"n":"Milde"},"geometry":{"type":"LineString","coordinates":[[11.4022,52.6594],[11.4145,52.6617],[11.427,52.6617],[11.4376,52.6616],[11.4478,52.6616],[11.4587,52.6665],[11.4677,52.6727],[11.4773,52.6796],[11.4844,52.6869],[11.4943,52.6925],[11.5044,52.6971],[11.5136,52.7015],[11.5206,52.7088],[11.5228,52.7186],[11.5209,52.729]]}},{"type":"Feature","properties":{"r":4,"n":"Kleine Aller"},"geometry":{"type":"LineString","coordinates":[[10.8426,52.5517],[10.8316,52.5465],[10.8205,52.544],[10.8086,52.5384],[10.8041,52.5282],[10.799,52.5194],[10.7936,52.5105],[10.7869,52.5018],[10.7798,52.4932],[10.7717,52.4872],[10.7594,52.4801],[10.7519,52.4733],[10.7439,52.4669],[10.7428,52.4564],[10.7302,52.4507]]}},{"type":"Feature","properties":{"r":6,"n":"Oder-Havel-Kanal"},"geometry":{"type":"LineString","coordinates":[[13.5413,52.8463],[13.522,52.8465],[13.5073,52.8466],[13.4903,52.8467],[13.4754,52.8468],[13.4605,52.8469],[13.4469,52.8471],[13.4312,52.8449],[13.4168,52.8428],[13.4061,52.8413],[13.3953,52.8397],[13.3837,52.838],[13.3739,52.8356],[13.3628,52.8323],[13.3536,52.8282]]}},{"type":"Feature","properties":{"r":4,"n":"Ucker"},"geometry":{"type":"LineString","coordinates":[[13.8496,53.3112],[13.8539,53.3204],[13.855,53.3304],[13.8551,53.3404],[13.8593,53.3498],[13.87,53.3562],[13.8785,53.3621],[13.8746,53.3716],[13.8707,53.3811],[13.8648,53.3908],[13.8726,53.3994],[13.8778,53.4081],[13.885,53.4157],[13.8938,53.4207],[13.8992,53.4293]]}},{"type":"Feature","properties":{"r":4,"n":"Lubsza"},"geometry":{"type":"LineString","coordinates":[[15.0023,51.6396],[15.0108,51.6451],[15.0197,51.6497],[15.0239,51.6588],[15.0161,51.6651],[15.0072,51.6705],[15.0078,51.6806],[15.0146,51.688],[15.024,51.6917],[15.0331,51.6963],[15.0299,51.706],[15.0389,51.7106],[15.0439,51.7194],[15.0434,51.7294],[15.0405,51.7391]]}},{"type":"Feature","properties":{"r":6,"n":"Friedrichskanal"},"geometry":{"type":"LineString","coordinates":[[11.0726,52.5259],[11.073,52.5152],[11.0771,52.506],[11.0868,52.4999],[11.0975,52.493],[11.11,52.4887],[11.1239,52.4845],[11.1335,52.4801],[11.1487,52.4739],[11.1588,52.4689],[11.1679,52.4639],[11.1779,52.4584],[11.1879,52.453],[11.198,52.4475],[11.2102,52.4408]]}},{"type":"Feature","properties":{"r":4,"n":"Saale"},"geometry":{"type":"LineString","coordinates":[[11.9213,51.5255],[11.9105,51.5288],[11.9004,51.5338],[11.8865,51.5353],[11.8744,51.5334],[11.8631,51.5314],[11.8487,51.5302],[11.835,51.5286],[11.8239,51.5312],[11.8223,51.5429],[11.8205,51.5538],[11.8287,51.5606],[11.8311,51.5707],[11.8221,51.5753],[11.8128,51.5814]]}},{"type":"Feature","properties":{"r":4,"n":"Płonia"},"geometry":{"type":"LineString","coordinates":[[15.2237,53.0131],[15.2137,53.014],[15.2095,53.0231],[15.205,53.0321],[15.2053,53.0422],[15.2063,53.0524],[15.2139,53.0591],[15.2153,53.0696],[15.2104,53.08],[15.1998,53.0846],[15.1915,53.0904],[15.2012,53.0961],[15.1999,53.1061],[15.1899,53.11],[15.1801,53.1158]]}},{"type":"Feature","properties":{"r":4,"n":"Weiße Elster"},"geometry":{"type":"LineString","coordinates":[[12.3264,51.372],[12.3164,51.3735],[12.3059,51.375],[12.295,51.3756],[12.2851,51.3775],[12.2753,51.3796],[12.2653,51.3823],[12.2549,51.3835],[12.2452,51.3864],[12.235,51.3883],[12.2251,51.3907],[12.2154,51.3879],[12.2047,51.3903],[12.1947,51.3885],[12.1862,51.3825]]}},{"type":"Feature","properties":{"r":4,"n":"Schwarzach"},"geometry":{"type":"LineString","coordinates":[[11.4486,49.3264],[11.4437,49.3352],[11.4393,49.3443],[11.4314,49.3507],[11.4231,49.3566],[11.4171,49.3648],[11.4072,49.3677],[11.3974,49.3703],[11.3873,49.3695],[11.3771,49.3686],[11.3668,49.3703],[11.3568,49.3711],[11.3468,49.3706],[11.3367,49.3705]]}},{"type":"Feature","properties":{"r":4,"n":"Salzach"},"geometry":{"type":"LineString","coordinates":[[12.8368,47.285],[12.8468,47.2823],[12.8573,47.2833],[12.8677,47.2836],[12.8779,47.2851],[12.8882,47.2878],[12.8987,47.2881],[12.9089,47.2883],[12.9191,47.2877],[12.929,47.2892],[12.939,47.2915],[12.9499,47.2925],[12.9596,47.29],[12.9705,47.291]]}},{"type":"Feature","properties":{"r":4,"n":"Gaißa"},"geometry":{"type":"LineString","coordinates":[[13.2993,48.6685],[13.309,48.6658],[13.3185,48.6695],[13.3285,48.67],[13.3379,48.6662],[13.3397,48.6557],[13.3475,48.6494],[13.3508,48.6397],[13.3588,48.6336],[13.3691,48.6337],[13.3722,48.624],[13.3822,48.6224],[13.3771,48.6136],[13.3725,48.6045]]}},{"type":"Feature","properties":{"r":4,"n":"Leutascher Ache"},"geometry":{"type":"LineString","coordinates":[[11.0093,47.3733],[11.0193,47.3732],[11.0295,47.3719],[11.0394,47.3695],[11.049,47.3666],[11.0592,47.3673],[11.0691,47.3643],[11.0792,47.3631],[11.0893,47.3639],[11.0994,47.3636],[11.1095,47.3646],[11.1194,47.3612],[11.1297,47.3612],[11.1394,47.3638]]}},{"type":"Feature","properties":{"r":4,"n":"Seeache"},"geometry":{"type":"LineString","coordinates":[[13.4504,47.8037],[13.4611,47.8037],[13.4714,47.8028],[13.4817,47.8019],[13.4971,47.8016],[13.5119,47.8034],[13.5246,47.8122],[13.5283,47.823],[13.5316,47.8326],[13.5416,47.8575],[13.5511,47.8806],[13.5617,47.9065],[13.5741,47.9368],[13.592,47.9487]]}},{"type":"Feature","properties":{"r":4,"n":"Freiberger Mulde"},"geometry":{"type":"LineString","coordinates":[[12.9321,51.1632],[12.9218,51.1673],[12.9143,51.1741],[12.9053,51.1787],[12.8945,51.1775],[12.8858,51.1711],[12.8758,51.1682],[12.8652,51.1623],[12.8554,51.1587],[12.8448,51.1541],[12.8346,51.1538],[12.8248,51.1568],[12.8148,51.1554],[12.8039,51.1551]]}},{"type":"Feature","properties":{"r":6,"n":"Alzkanal"},"geometry":{"type":"LineString","coordinates":[[12.5764,48.0822],[12.5674,48.0883],[12.5624,48.0972],[12.5635,48.1072],[12.5705,48.1146],[12.5719,48.1252],[12.5747,48.1359],[12.5816,48.1436],[12.5893,48.1503],[12.5993,48.1534],[12.6095,48.1539],[12.62,48.154],[12.6309,48.1565],[12.6425,48.158]]}},{"type":"Feature","properties":{"r":4,"n":"Blanice"},"geometry":{"type":"LineString","coordinates":[[14.013,49.0505],[14.0231,49.052],[14.0316,49.0575],[14.0397,49.0636],[14.0489,49.0677],[14.0509,49.0775],[14.0576,49.0851],[14.064,49.0929],[14.073,49.0976],[14.0694,49.107],[14.0795,49.1103],[14.0891,49.1134],[14.0921,49.123],[14.0997,49.1299]]}},{"type":"Feature","properties":{"r":4,"n":"Vöckla"},"geometry":{"type":"LineString","coordinates":[[13.3934,47.9882],[13.4032,47.9862],[13.4117,47.9803],[13.4217,47.9816],[13.4311,47.9855],[13.4417,47.9857],[13.4513,47.9886],[13.46,47.9936],[13.4689,47.9983],[13.4787,48.0013],[13.4881,48.0055],[13.4985,48.0069],[13.499,48.0169],[13.5067,48.0233]]}},{"type":"Feature","properties":{"r":4,"n":"Rott"},"geometry":{"type":"LineString","coordinates":[[13.2189,48.4104],[13.2294,48.4113],[13.2398,48.4122],[13.2501,48.4124],[13.261,48.4112],[13.2716,48.4134],[13.2814,48.4163],[13.2905,48.4119],[13.3008,48.4134],[13.311,48.4146],[13.3188,48.4215],[13.3286,48.4246],[13.3356,48.4318],[13.3456,48.4323]]}},{"type":"Feature","properties":{"r":4,"n":"Amper"},"geometry":{"type":"LineString","coordinates":[[11.6038,48.4336],[11.613,48.4399],[11.6234,48.4414],[11.6339,48.4446],[11.6454,48.4465],[11.6554,48.45],[11.6678,48.4502],[11.6782,48.45],[11.688,48.4528],[11.699,48.4545],[11.7107,48.4517],[11.7202,48.4549],[11.7306,48.4547],[11.7424,48.4546]]}},{"type":"Feature","properties":{"r":4,"n":"Mur"},"geometry":{"type":"LineString","coordinates":[[15.321,47.2329],[15.3311,47.2354],[15.3374,47.2275],[15.3357,47.2174],[15.3365,47.2072],[15.3442,47.2006],[15.3425,47.1902],[15.3341,47.184],[15.3266,47.1767],[15.321,47.1681],[15.3168,47.1585],[15.3238,47.1504],[15.3289,47.1416],[15.3244,47.1325]]}},{"type":"Feature","properties":{"r":4,"n":"Enns"},"geometry":{"type":"LineString","coordinates":[[14.6386,47.8525],[14.6284,47.8514],[14.6173,47.8552],[14.6088,47.8612],[14.6077,47.8713],[14.6008,47.8786],[14.5908,47.8807],[14.5801,47.8801],[14.5702,47.8785],[14.5594,47.8821],[14.5494,47.8832],[14.5388,47.8848],[14.5287,47.8859],[14.5181,47.8902]]}},{"type":"Feature","properties":{"r":4,"n":"Rodach"},"geometry":{"type":"LineString","coordinates":[[11.3365,50.2307],[11.3263,50.2315],[11.316,50.2274],[11.313,50.2178],[11.3099,50.2082],[11.2998,50.2066],[11.2886,50.2024],[11.2796,50.1974],[11.2727,50.19],[11.263,50.1873],[11.2517,50.1849],[11.2415,50.1838],[11.2312,50.1813],[11.2212,50.1793]]}},{"type":"Feature","properties":{"r":4,"n":"Studená Vltava"},"geometry":{"type":"LineString","coordinates":[[13.7739,48.8304],[13.7839,48.8311],[13.794,48.8301],[13.7955,48.84],[13.8055,48.8404],[13.8112,48.8487],[13.82,48.8542],[13.8257,48.8625],[13.8354,48.8657],[13.8454,48.8634],[13.8547,48.8597],[13.864,48.8635],[13.8738,48.8612],[13.8835,48.8584]]}},{"type":"Feature","properties":{"r":4,"n":"Berounka"},"geometry":{"type":"LineString","coordinates":[[13.4847,49.8031],[13.4933,49.8093],[13.5019,49.8153],[13.5121,49.815],[13.523,49.813],[13.5288,49.8212],[13.5234,49.83],[13.5131,49.8278],[13.5151,49.8382],[13.5239,49.8446],[13.5225,49.8546],[13.5222,49.8655],[13.5281,49.874],[13.5227,49.8833]]}},{"type":"Feature","properties":{"r":4,"n":"Zusam"},"geometry":{"type":"LineString","coordinates":[[10.5505,48.2155],[10.5429,48.2222],[10.5373,48.2306],[10.5356,48.2405],[10.5277,48.2471],[10.5202,48.2538],[10.515,48.2624],[10.5149,48.2724],[10.522,48.2795],[10.527,48.2882],[10.5353,48.2945],[10.5437,48.3004],[10.5526,48.3051],[10.5624,48.3072]]}},{"type":"Feature","properties":{"r":4,"n":"Ploučnice"},"geometry":{"type":"LineString","coordinates":[[14.3487,50.7198],[14.3379,50.7203],[14.3291,50.7255],[14.3192,50.7289],[14.3128,50.7366],[14.3024,50.7398],[14.2908,50.7402],[14.2801,50.7381],[14.2714,50.7433],[14.2619,50.7481],[14.2567,50.7572],[14.2466,50.761],[14.2372,50.7649],[14.2291,50.7711]]}},{"type":"Feature","properties":{"r":4,"n":"Hasel"},"geometry":{"type":"LineString","coordinates":[[10.652,50.6015],[10.6421,50.6047],[10.6321,50.6053],[10.6221,50.6065],[10.6126,50.603],[10.6025,50.6016],[10.5925,50.6024],[10.5827,50.5994],[10.572,50.5979],[10.5621,50.596],[10.5522,50.593],[10.5434,50.588],[10.5363,50.5807],[10.5273,50.5763]]}},{"type":"Feature","properties":{"r":4,"n":"Lužnice"},"geometry":{"type":"LineString","coordinates":[[14.7616,49.0483],[14.7636,49.0581],[14.7591,49.0671],[14.7601,49.0771],[14.753,49.0853],[14.748,49.094],[14.7414,49.102],[14.7411,49.1125],[14.7369,49.122],[14.7307,49.1304],[14.7261,49.141],[14.7193,49.1489],[14.7107,49.1545],[14.7067,49.1638]]}},{"type":"Feature","properties":{"r":4,"n":"Vils"},"geometry":{"type":"LineString","coordinates":[[11.9108,49.3892],[11.9077,49.3792],[11.9178,49.3752],[11.9192,49.3649],[11.9244,49.3556],[11.9284,49.3463],[11.9356,49.3381],[11.9436,49.3319],[11.9466,49.3223],[11.9489,49.3115],[11.951,49.3011],[11.9456,49.2925],[11.9418,49.2826],[11.9349,49.2751]]}},{"type":"Feature","properties":{"r":4,"n":"Ilm"},"geometry":{"type":"LineString","coordinates":[[11.0052,50.6877],[11.0144,50.6949],[11.0216,50.7023],[11.0235,50.7126],[11.026,50.7224],[11.0297,50.7317],[11.0356,50.74],[11.0402,50.7499],[11.0487,50.7556],[11.0531,50.7646],[11.0628,50.7678],[11.0727,50.7715],[11.0836,50.7727],[11.0917,50.779]]}},{"type":"Feature","properties":{"r":4,"n":"Ilz"},"geometry":{"type":"LineString","coordinates":[[13.3698,48.8052],[13.3738,48.7959],[13.3835,48.7906],[13.3921,48.7853],[13.398,48.7771],[13.4045,48.7695],[13.3973,48.7625],[13.407,48.7587],[13.4167,48.7562],[13.4263,48.7528],[13.4315,48.7436],[13.4371,48.7349],[13.4422,48.7257],[13.4504,48.7196]]}},{"type":"Feature","properties":{"r":4,"n":"Loisach"},"geometry":{"type":"LineString","coordinates":[[10.9055,47.4014],[10.913,47.4104],[10.917,47.4196],[10.9171,47.4296],[10.9218,47.4386],[10.9185,47.4483],[10.9231,47.4572],[10.9272,47.4664],[10.9362,47.4715],[10.9454,47.4758],[10.9556,47.48],[10.9656,47.4793],[10.9756,47.4828],[10.9862,47.4836]]}},{"type":"Feature","properties":{"r":4,"n":"Brandenberger Ache"},"geometry":{"type":"LineString","coordinates":[[11.9149,47.5345],[11.9052,47.5315],[11.8975,47.5249],[11.8959,47.5144],[11.897,47.504],[11.8878,47.499],[11.8789,47.4935],[11.8707,47.4868],[11.8668,47.4774],[11.868,47.4673],[11.8659,47.4575],[11.873,47.4495],[11.8834,47.449],[11.8934,47.4466]]}},{"type":"Feature","properties":{"r":4,"n":"Südliche Taurach"},"geometry":{"type":"LineString","coordinates":[[13.5816,47.2028],[13.5904,47.1979],[13.5983,47.1913],[13.6065,47.1854],[13.6165,47.1833],[13.6252,47.1776],[13.6336,47.172],[13.6411,47.1651],[13.6489,47.1583],[13.6553,47.1503],[13.6625,47.1433],[13.6725,47.1412],[13.6806,47.1352],[13.6904,47.1301]]}},{"type":"Feature","properties":{"r":4,"n":"Prien"},"geometry":{"type":"LineString","coordinates":[[12.3233,47.7715],[12.3237,47.7815],[12.3194,47.7912],[12.3093,47.794],[12.3009,47.8002],[12.2974,47.8096],[12.3054,47.8159],[12.3115,47.8244],[12.3165,47.8334],[12.3248,47.8391],[12.3314,47.8469],[12.3373,47.855],[12.3429,47.8634],[12.3453,47.8732]]}},{"type":"Feature","properties":{"r":4,"n":"Weiße Elster"},"geometry":{"type":"LineString","coordinates":[[12.0715,50.459],[12.075,50.4689],[12.0836,50.4741],[12.0937,50.4759],[12.1014,50.4829],[12.1115,50.4813],[12.121,50.487],[12.1323,50.4882],[12.1413,50.4926],[12.1501,50.4978],[12.1561,50.5059],[12.1631,50.5133],[12.1661,50.5235],[12.1701,50.5329]]}},{"type":"Feature","properties":{"r":4,"n":"Salza"},"geometry":{"type":"LineString","coordinates":[[15.2829,47.7267],[15.273,47.7235],[15.2626,47.7216],[15.2527,47.7193],[15.246,47.7118],[15.2366,47.7066],[15.2263,47.7071],[15.2166,47.7026],[15.2064,47.6998],[15.1964,47.6963],[15.1877,47.6912],[15.1896,47.6813],[15.1805,47.6767],[15.1731,47.6693]]}},{"type":"Feature","properties":{"r":4,"n":"Naab"},"geometry":{"type":"LineString","coordinates":[[12.0358,49.2077],[12.0252,49.207],[12.0157,49.2025],[12.009,49.1949],[12.0009,49.1868],[11.9903,49.1855],[11.986,49.1764],[11.9756,49.1757],[11.9662,49.1697],[11.9572,49.1646],[11.9546,49.1545],[11.9511,49.144],[11.9483,49.1341],[11.941,49.1271]]}},{"type":"Feature","properties":{"r":4,"n":"Sázava"},"geometry":{"type":"LineString","coordinates":[[14.911,49.871],[14.9209,49.8752],[14.9112,49.8808],[14.9012,49.8817],[14.8951,49.8723],[14.8841,49.8712],[14.882,49.8811],[14.8703,49.8771],[14.8594,49.8773],[14.8555,49.8867],[14.8442,49.8858],[14.834,49.8873],[14.8234,49.8837],[14.8147,49.8782]]}},{"type":"Feature","properties":{"r":4,"n":"Donau"},"geometry":{"type":"LineString","coordinates":[[12.4491,48.9672],[12.4596,48.9671],[12.4683,48.962],[12.4716,48.9522],[12.4835,48.9585],[12.4936,48.9589],[12.4993,48.9501],[12.5097,48.9466],[12.5197,48.9461],[12.516,48.9368],[12.5089,48.9296],[12.514,48.9192],[12.5214,48.9094],[12.5319,48.9028]]}},{"type":"Feature","properties":{"r":4,"n":"Otava"},"geometry":{"type":"LineString","coordinates":[[13.5123,49.1532],[13.5065,49.1617],[13.5141,49.1686],[13.5058,49.1752],[13.4974,49.1819],[13.489,49.1888],[13.4946,49.1976],[13.5006,49.2065],[13.5081,49.2137],[13.5159,49.2203],[13.5211,49.229],[13.5259,49.2379],[13.5357,49.2406],[13.5449,49.2455]]}},{"type":"Feature","properties":{"r":4,"n":"Lausitzer Neiße / Nysa Łużycka"},"geometry":{"type":"LineString","coordinates":[[14.8259,50.8902],[14.8349,50.8951],[14.8434,50.9007],[14.8504,50.9094],[14.8594,50.914],[14.8687,50.9187],[14.8741,50.9277],[14.8825,50.9334],[14.8929,50.9369],[14.8956,50.9466],[14.8967,50.9569],[14.9023,50.9653],[14.9102,50.9727],[14.9197,50.9759]]}},{"type":"Feature","properties":{"r":4,"n":"Kamp"},"geometry":{"type":"LineString","coordinates":[[15.1118,48.5306],[15.1219,48.5306],[15.1282,48.5385],[15.1308,48.5483],[15.1303,48.5583],[15.1313,48.5683],[15.1397,48.5738],[15.145,48.5825],[15.1535,48.5878],[15.1603,48.5952],[15.1688,48.6006],[15.1717,48.6103],[15.1816,48.6124],[15.1915,48.6106]]}},{"type":"Feature","properties":{"r":4,"n":"Selbitz"},"geometry":{"type":"LineString","coordinates":[[11.7415,50.3158],[11.7315,50.316],[11.7215,50.3171],[11.7148,50.3251],[11.709,50.3333],[11.7021,50.3406],[11.7045,50.3507],[11.6953,50.3553],[11.6853,50.357],[11.6932,50.3634],[11.6919,50.3743],[11.691,50.3844],[11.6911,50.3946],[11.6995,50.4005]]}},{"type":"Feature","properties":{"r":4,"n":"Main"},"geometry":{"type":"LineString","coordinates":[[10.9431,50.0622],[10.9353,50.0557],[10.9385,50.0462],[10.9332,50.0374],[10.932,50.0271],[10.9239,50.0212],[10.9138,50.0179],[10.9169,50.008],[10.9101,50.0002],[10.9048,49.9917],[10.8938,49.9881],[10.8858,49.9817],[10.8752,49.9795],[10.8645,49.9796]]}},{"type":"Feature","properties":{"r":4,"n":"Jizera"},"geometry":{"type":"LineString","coordinates":[[14.776,50.2697],[14.7666,50.266],[14.7665,50.2556],[14.7749,50.2498],[14.7639,50.2433],[14.7543,50.2387],[14.7506,50.2292],[14.7543,50.2198],[14.7535,50.2098],[14.7489,50.2009],[14.7464,50.191],[14.7365,50.1862],[14.726,50.1816],[14.7179,50.1737]]}},{"type":"Feature","properties":{"r":4,"n":"Mže"},"geometry":{"type":"LineString","coordinates":[[12.6231,49.7967],[12.6333,49.794],[12.6434,49.7951],[12.6537,49.793],[12.6637,49.7941],[12.673,49.7979],[12.6825,49.8013],[12.6894,49.8089],[12.6994,49.8079],[12.7091,49.8047],[12.7201,49.8055],[12.7306,49.8048],[12.7412,49.805],[12.751,49.8083]]}},{"type":"Feature","properties":{"r":4,"n":"Smědá"},"geometry":{"type":"LineString","coordinates":[[15.0817,50.9185],[15.072,50.9214],[15.0614,50.9204],[15.0527,50.9262],[15.0429,50.9291],[15.0327,50.9339],[15.0262,50.9415],[15.0306,50.9514],[15.0301,50.9616],[15.0355,50.9701],[15.0323,50.9799],[15.0336,50.9901],[15.0391,50.9988],[15.0331,51.007]]}},{"type":"Feature","properties":{"r":4,"n":"Ems"},"geometry":{"type":"LineString","coordinates":[[7.4237,53.2125],[7.4281,53.2218],[7.422,53.2305],[7.4111,53.2321],[7.4013,53.2343],[7.3949,53.2509],[7.3956,53.2623],[7.3961,53.2783],[7.3972,53.2883],[7.3893,53.2957],[7.3793,53.2976],[7.3661,53.2968],[7.3552,53.2983],[7.3469,53.304]]}},{"type":"Feature","properties":{"r":6,"n":"Mittellandkanal"},"geometry":{"type":"LineString","coordinates":[[8.624,52.3342],[8.6103,52.3358],[8.5932,52.3378],[8.5819,52.3391],[8.5714,52.3412],[8.5607,52.3433],[8.5507,52.3453],[8.5384,52.3456],[8.5166,52.3445],[8.5044,52.3439],[8.4865,52.3422],[8.4718,52.3414],[8.4598,52.3408],[8.4469,52.3401]]}},{"type":"Feature","properties":{"r":4,"n":"Seseke"},"geometry":{"type":"LineString","coordinates":[[7.7264,51.5862],[7.7164,51.5868],[7.706,51.5875],[7.6961,51.589],[7.686,51.5899],[7.6762,51.5922],[7.6658,51.5899],[7.6552,51.5882],[7.645,51.5871],[7.6349,51.5871],[7.6247,51.5885],[7.6148,51.5915],[7.6048,51.5925],[7.5945,51.5941]]}},{"type":"Feature","properties":{"r":6,"n":"Norder Tief"},"geometry":{"type":"LineString","coordinates":[[7.3435,53.6096],[7.3345,53.6141],[7.3246,53.6158],[7.3142,53.6154],[7.2998,53.6119],[7.2882,53.6125],[7.2781,53.6123],[7.2679,53.6143],[7.2578,53.6139],[7.2479,53.6124],[7.2374,53.6074],[7.2278,53.6037],[7.2193,53.5981],[7.2127,53.5905]]}},{"type":"Feature","properties":{"r":6,"n":"Dornumersieler Tief"},"geometry":{"type":"LineString","coordinates":[[7.5136,53.6289],[7.507,53.6365],[7.5002,53.6439],[7.4899,53.6432],[7.4792,53.6432],[7.4684,53.6437],[7.4584,53.6428],[7.4478,53.6429],[7.4378,53.6451],[7.438,53.6552],[7.4456,53.6622],[7.4552,53.6658],[7.4638,53.6711],[7.4744,53.6737]]}},{"type":"Feature","properties":{"r":6,"n":"Nord-Ostsee-Kanal"},"geometry":{"type":"LineString","coordinates":[[9.9682,54.3426],[9.9793,54.3439],[9.9913,54.3473],[10.0006,54.3519],[10.0098,54.3564],[10.0213,54.3598],[10.0327,54.3607],[10.0479,54.3597],[10.0608,54.3602],[10.0706,54.3651],[10.0824,54.3701],[10.0945,54.3718],[10.113,54.3701],[10.1231,54.3685]]}},{"type":"Feature","properties":{"r":4,"n":"Wilsterau"},"geometry":{"type":"LineString","coordinates":[[9.2855,53.9867],[9.2919,53.979],[9.2986,53.9705],[9.2945,53.961],[9.3003,53.9514],[9.3068,53.9436],[9.3123,53.9352],[9.32,53.9423],[9.3299,53.94],[9.3398,53.9426],[9.3482,53.9365],[9.3576,53.9309],[9.3652,53.9237],[9.3743,53.9184]]}},{"type":"Feature","properties":{"r":4,"n":"Hase"},"geometry":{"type":"LineString","coordinates":[[7.956,52.5521],[7.9575,52.5651],[7.9651,52.5716],[7.9757,52.5728],[7.9765,52.5829],[7.9768,52.593],[7.9851,52.6],[7.9916,52.6089],[7.9988,52.6162],[8.0048,52.6252],[8.0056,52.6353],[8.0035,52.6473],[7.998,52.6559],[7.9906,52.6628]]}},{"type":"Feature","properties":{"r":4,"n":"Ahse"},"geometry":{"type":"LineString","coordinates":[[8.0731,51.635],[8.0624,51.636],[8.052,51.6357],[8.0415,51.6348],[8.0301,51.6332],[8.0201,51.6305],[8.0098,51.631],[7.9997,51.6339],[7.9897,51.6348],[7.9803,51.6387],[7.9696,51.6393],[7.9595,51.6393],[7.9495,51.6406],[7.9395,51.6396]]}},{"type":"Feature","properties":{"r":4,"n":"Maas"},"geometry":{"type":"LineString","coordinates":[[6.1307,51.5261],[6.1197,51.5319],[6.1148,51.5417],[6.1065,51.5481],[6.0963,51.5478],[6.0857,51.5468],[6.0751,51.5485],[6.0658,51.5534],[6.0567,51.5576],[6.0467,51.559],[6.0395,51.566],[6.0381,51.5761],[6.0371,51.5865],[6.0287,51.5931]]}},{"type":"Feature","properties":{"r":4,"n":"Lachte"},"geometry":{"type":"LineString","coordinates":[[10.242,52.6224],[10.232,52.6249],[10.2219,52.6256],[10.2119,52.627],[10.2018,52.6266],[10.1915,52.6256],[10.1824,52.63],[10.1717,52.6314],[10.1617,52.6304],[10.1514,52.6288],[10.1417,52.6261],[10.1317,52.6241],[10.1217,52.6221],[10.1111,52.6206]]}},{"type":"Feature","properties":{"r":4,"n":"Ladberger Mühlenbach"},"geometry":{"type":"LineString","coordinates":[[7.847,52.1237],[7.8372,52.1257],[7.8268,52.1252],[7.8153,52.1287],[7.806,52.1327],[7.7971,52.1374],[7.7871,52.1371],[7.7751,52.138],[7.764,52.1391],[7.754,52.1383],[7.7441,52.1366],[7.7344,52.1338],[7.7243,52.1326],[7.7143,52.1345]]}},{"type":"Feature","properties":{"r":4,"n":"Overijsselsche Vecht"},"geometry":{"type":"LineString","coordinates":[[6.4971,52.5288],[6.4864,52.5306],[6.473,52.5237],[6.461,52.5199],[6.4513,52.5155],[6.4404,52.5173],[6.4301,52.5165],[6.42,52.5177],[6.409,52.5182],[6.398,52.5181],[6.3855,52.5149],[6.3753,52.5129],[6.3621,52.5173],[6.3458,52.5204]]}},{"type":"Feature","properties":{"r":4,"n":"Recker Aa"},"geometry":{"type":"LineString","coordinates":[[7.7462,52.3594],[7.7364,52.3635],[7.7261,52.3635],[7.7159,52.3644],[7.7054,52.3671],[7.6945,52.3678],[7.6844,52.3687],[7.6741,52.3697],[7.6644,52.3666],[7.6547,52.3632],[7.6443,52.3653],[7.6344,52.3669],[7.6245,52.3684],[7.6142,52.3688]]}},{"type":"Feature","properties":{"r":6,"n":"Boalserter Feart"},"geometry":{"type":"LineString","coordinates":[[5.5899,53.1162],[5.5999,53.1189],[5.6101,53.1188],[5.6202,53.1187],[5.6282,53.1248],[5.6379,53.1366],[5.6481,53.1382],[5.6576,53.1423],[5.6676,53.1429],[5.6701,53.1526],[5.6796,53.1582],[5.6851,53.1667],[5.6785,53.1751],[5.6861,53.1819]]}},{"type":"Feature","properties":{"r":6,"n":"Kanaal Wessem-Nederweert"},"geometry":{"type":"LineString","coordinates":[[5.7598,51.2753],[5.7671,51.2674],[5.7756,51.2584],[5.7829,51.2507],[5.7902,51.2429],[5.7975,51.2352],[5.8048,51.2274],[5.812,51.2196],[5.8192,51.2119],[5.8265,51.2042],[5.834,51.1962],[5.8411,51.1887],[5.8484,51.1809],[5.8578,51.1756]]}},{"type":"Feature","properties":{"r":4,"n":"Wipper"},"geometry":{"type":"LineString","coordinates":[[10.4293,51.3851],[10.4396,51.3845],[10.4493,51.3872],[10.4597,51.3896],[10.4694,51.396],[10.4768,51.4032],[10.4863,51.4069],[10.4963,51.4067],[10.507,51.4098],[10.5171,51.4094],[10.5272,51.4099],[10.5377,51.4105],[10.5476,51.4121],[10.5579,51.4112]]}},{"type":"Feature","properties":{"r":4,"n":"Holtlander Ehetief"},"geometry":{"type":"LineString","coordinates":[[7.7345,53.3153],[7.7247,53.3127],[7.7139,53.3104],[7.7034,53.3063],[7.6965,53.2989],[7.6886,53.2908],[7.6802,53.2853],[7.6704,53.282],[7.661,53.2779],[7.6502,53.2744],[7.6402,53.2712],[7.6302,53.2654],[7.6221,53.2587],[7.61,53.2559]]}},{"type":"Feature","properties":{"r":4,"n":"Reitdiep"},"geometry":{"type":"LineString","coordinates":[[6.5091,53.2564],[6.5064,53.2685],[6.5022,53.2792],[6.5033,53.2893],[6.5012,53.2992],[6.4932,53.3067],[6.4854,53.3142],[6.48,53.3229],[6.4697,53.3207],[6.4618,53.3271],[6.4507,53.3283],[6.4445,53.3184],[6.4358,53.3237],[6.426,53.3275]]}},{"type":"Feature","properties":{"r":6,"n":"Suderie"},"geometry":{"type":"LineString","coordinates":[[6.0074,53.3291],[6.0171,53.3319],[6.0271,53.3323],[6.0386,53.3351],[6.0475,53.34],[6.0576,53.3457],[6.0669,53.3519],[6.0769,53.3538],[6.0963,53.3533],[6.1064,53.3562],[6.1164,53.3561],[6.1275,53.3568],[6.1377,53.3572],[6.1476,53.3589]]}},{"type":"Feature","properties":{"r":4,"n":"Elbe"},"geometry":{"type":"LineString","coordinates":[[11.5649,53.0412],[11.5563,53.0472],[11.5475,53.0527],[11.5368,53.0512],[11.5267,53.0466],[11.5156,53.0462],[11.5052,53.0483],[11.4948,53.0532],[11.4812,53.0631],[11.4714,53.0699],[11.4628,53.0756],[11.4526,53.0785],[11.4418,53.0787],[11.4319,53.0763]]}},{"type":"Feature","properties":{"r":4,"n":"Neue Luppe"},"geometry":{"type":"LineString","coordinates":[[12.3139,51.3675],[12.3047,51.3715],[12.2944,51.3712],[12.2841,51.3723],[12.2756,51.3777],[12.2659,51.3816],[12.2559,51.3811],[12.2467,51.3762],[12.2369,51.3731],[12.2264,51.3736],[12.2136,51.3777],[12.2031,51.38],[12.1877,51.3785],[12.1781,51.3824]]}},{"type":"Feature","properties":{"r":6,"n":"Großer Havelländischer Hauptkanal"},"geometry":{"type":"LineString","coordinates":[[12.6827,52.6892],[12.6729,52.6825],[12.6646,52.6754],[12.6565,52.6684],[12.6464,52.6599],[12.6411,52.6503],[12.6314,52.6459],[12.6205,52.6424],[12.6058,52.6406],[12.5926,52.6392],[12.5813,52.6383],[12.5646,52.6356],[12.5516,52.6357],[12.5423,52.6396]]}},{"type":"Feature","properties":{"r":4,"n":"Warnow"},"geometry":{"type":"LineString","coordinates":[[11.6955,53.609],[11.685,53.6099],[11.6754,53.6137],[11.6653,53.6124],[11.6555,53.6092],[11.6457,53.6118],[11.6352,53.6139],[11.6255,53.6167],[11.6155,53.6163],[11.6059,53.6128],[11.5963,53.6097],[11.5861,53.6116],[11.5761,53.6115],[11.5783,53.6213]]}},{"type":"Feature","properties":{"r":4,"n":"Saale"},"geometry":{"type":"LineString","coordinates":[[11.7359,51.7972],[11.7456,51.8021],[11.7564,51.8032],[11.7675,51.7995],[11.7786,51.8016],[11.7815,51.8112],[11.787,51.8201],[11.7818,51.8291],[11.7772,51.8387],[11.768,51.8471],[11.7641,51.8586],[11.7684,51.8727],[11.7736,51.8835],[11.7788,51.8935]]}},{"type":"Feature","properties":{"r":4,"n":"Salzwedeler Dumme"},"geometry":{"type":"LineString","coordinates":[[11.0108,52.8103],[11.0211,52.813],[11.0301,52.8207],[11.0397,52.825],[11.053,52.8285],[11.0648,52.8291],[11.0747,52.8343],[11.0864,52.8379],[11.0968,52.8431],[11.1068,52.8488],[11.1205,52.8492],[11.1309,52.8482],[11.1414,52.8488],[11.1504,52.8533]]}},{"type":"Feature","properties":{"r":4,"n":"Marschwetter"},"geometry":{"type":"LineString","coordinates":[[10.7078,53.3393],[10.6965,53.343],[10.6867,53.3454],[10.6758,53.3454],[10.6647,53.3474],[10.6532,53.3473],[10.643,53.3472],[10.6321,53.3467],[10.6214,53.3472],[10.6114,53.3464],[10.6011,53.3464],[10.5908,53.3464],[10.5808,53.3465],[10.5696,53.3456]]}},{"type":"Feature","properties":{"r":4,"n":"Holtemme"},"geometry":{"type":"LineString","coordinates":[[10.7421,51.8206],[10.7518,51.8236],[10.7611,51.8273],[10.7712,51.829],[10.7795,51.8348],[10.7869,51.8421],[10.7949,51.8486],[10.8039,51.8545],[10.8133,51.861],[10.8234,51.8626],[10.8336,51.8637],[10.846,51.8648],[10.8561,51.8651],[10.8668,51.8662]]}},{"type":"Feature","properties":{"r":4,"n":"Aller"},"geometry":{"type":"LineString","coordinates":[[10.8685,52.4505],[10.8564,52.4461],[10.8451,52.4402],[10.8334,52.4352],[10.8212,52.4358],[10.811,52.437],[10.801,52.4376],[10.7919,52.4419],[10.7819,52.4417],[10.7719,52.442],[10.7588,52.4451],[10.7489,52.4475],[10.7389,52.4498],[10.7256,52.4512]]}},{"type":"Feature","properties":{"r":6,"n":"Alte Jäglitz"},"geometry":{"type":"LineString","coordinates":[[12.389,52.87],[12.3803,52.8635],[12.3684,52.8557],[12.36,52.8478],[12.3517,52.8419],[12.3464,52.832],[12.337,52.8244],[12.3419,52.8153],[12.3366,52.8062],[12.329,52.7995],[12.3183,52.7968],[12.308,52.7982],[12.2978,52.8008],[12.2882,52.7971]]}},{"type":"Feature","properties":{"r":4,"n":"Weiße Elster"},"geometry":{"type":"LineString","coordinates":[[12.1779,51.3829],[12.1683,51.3858],[12.1585,51.3878],[12.1476,51.3843],[12.1372,51.384],[12.1274,51.39],[12.116,51.3912],[12.106,51.3911],[12.0956,51.3889],[12.0854,51.3901],[12.0714,51.3905],[12.0599,51.3934],[12.0487,51.3957],[12.0383,51.3996]]}},{"type":"Feature","properties":{"r":6,"n":"Elbe-Havel-Kanal"},"geometry":{"type":"LineString","coordinates":[[12.191,52.4051],[12.2075,52.4035],[12.2221,52.4023],[12.2368,52.4011],[12.2482,52.4007],[12.2583,52.4019],[12.2706,52.3991],[12.2841,52.3968],[12.2969,52.3959],[12.308,52.3942],[12.3179,52.3927],[12.3281,52.3928],[12.3381,52.3925],[12.3532,52.3925]]}},{"type":"Feature","properties":{"r":6,"n":"Kleiner Havelländischer Hauptkanal"},"geometry":{"type":"LineString","coordinates":[[12.7989,52.7296],[12.7862,52.7306],[12.7749,52.7315],[12.7618,52.731],[12.7488,52.7299],[12.7386,52.7291],[12.7284,52.7286],[12.718,52.7286],[12.7032,52.7287],[12.6876,52.7289],[12.676,52.7294],[12.666,52.7309],[12.6561,52.7325],[12.636,52.7357]]}},{"type":"Feature","properties":{"r":4,"n":"Bóbr"},"geometry":{"type":"LineString","coordinates":[[15.4576,51.5607],[15.449,51.5662],[15.4387,51.566],[15.4288,51.5687],[15.4202,51.5749],[15.4103,51.5714],[15.3995,51.5723],[15.3897,51.5775],[15.38,51.581],[15.3697,51.5806],[15.3632,51.5884],[15.3535,51.5936],[15.3437,51.5956],[15.3343,51.6014]]}},{"type":"Feature","properties":{"r":4,"n":"Jeetze"},"geometry":{"type":"LineString","coordinates":[[11.1134,52.7646],[11.122,52.7698],[11.1297,52.7767],[11.1374,52.7849],[11.147,52.7881],[11.157,52.7885],[11.1673,52.7907],[11.1809,52.7926],[11.189,52.8],[11.1842,52.8101],[11.1803,52.8225],[11.171,52.8272],[11.1681,52.8368],[11.1587,52.841]]}},{"type":"Feature","properties":{"r":6,"n":"Sacrow-Paretzer Kanal"},"geometry":{"type":"LineString","coordinates":[[13.0546,52.4361],[13.0429,52.4394],[13.033,52.4419],[13.0143,52.4444],[13.0018,52.4464],[12.9901,52.4499],[12.9802,52.4515],[12.9664,52.4525],[12.9513,52.4526],[12.9397,52.4538],[12.9299,52.4569],[12.9153,52.4585],[12.9014,52.4596],[12.8863,52.4609]]}},{"type":"Feature","properties":{"r":4,"n":"Datze"},"geometry":{"type":"LineString","coordinates":[[13.4446,53.6031],[13.4552,53.6095],[13.4628,53.6182],[13.4727,53.6248],[13.4741,53.6365],[13.4817,53.646],[13.4907,53.6517],[13.5029,53.6552],[13.5161,53.658],[13.5261,53.6627],[13.5356,53.6659],[13.5457,53.6693],[13.5531,53.6761],[13.5584,53.6865]]}},{"type":"Feature","properties":{"r":4,"n":"Pulsnitz"},"geometry":{"type":"LineString","coordinates":[[13.7088,51.4016],[13.6989,51.4036],[13.6735,51.4049],[13.6577,51.4057],[13.6383,51.4095],[13.6262,51.4117],[13.615,51.4132],[13.6018,51.4162],[13.5911,51.419],[13.5716,51.4243],[13.561,51.427],[13.5468,51.4306],[13.5352,51.4368],[13.5234,51.4438]]}},{"type":"Feature","properties":{"r":4,"n":"Srebrna"},"geometry":{"type":"LineString","coordinates":[[15.3235,52.8275],[15.3334,52.826],[15.3227,52.822],[15.3142,52.8149],[15.3042,52.8114],[15.2943,52.809],[15.2842,52.8073],[15.2723,52.8089],[15.2623,52.8088],[15.256,52.801],[15.2485,52.7941],[15.2441,52.7851],[15.2367,52.7782],[15.2337,52.7683]]}},{"type":"Feature","properties":{"r":6,"n":"Elbe-Havel-Kanal"},"geometry":{"type":"LineString","coordinates":[[11.7492,52.2463],[11.7591,52.2499],[11.774,52.2552],[11.7855,52.2593],[11.7979,52.2648],[11.8081,52.2707],[11.82,52.2741],[11.8323,52.2771],[11.8459,52.281],[11.855,52.2852],[11.862,52.2941],[11.8675,52.3026],[11.8783,52.3065],[11.8894,52.3064]]}},{"type":"Feature","properties":{"r":4,"n":"Świniec"},"geometry":{"type":"LineString","coordinates":[[14.894,54.0377],[14.8904,54.0278],[14.8882,54.0148],[14.8871,54.0014],[14.8756,53.9979],[14.8648,53.9938],[14.8549,53.9895],[14.8446,53.9848],[14.8347,53.9829],[14.825,53.9796],[14.8165,53.9742],[14.8058,53.9741],[14.7954,53.9743],[14.7854,53.9728]]}},{"type":"Feature","properties":{"r":4,"n":"Malxe"},"geometry":{"type":"LineString","coordinates":[[14.4304,51.8587],[14.4192,51.8589],[14.4093,51.8554],[14.3992,51.858],[14.3876,51.8598],[14.3683,51.8617],[14.3467,51.8627],[14.3351,51.8628],[14.3239,51.8625],[14.3125,51.8636],[14.3014,51.8644],[14.2798,51.8614],[14.2704,51.8572],[14.2596,51.8542]]}},{"type":"Feature","properties":{"r":4,"n":"Pliszka"},"geometry":{"type":"LineString","coordinates":[[15.1307,52.2309],[15.1214,52.2347],[15.1113,52.234],[15.1012,52.2319],[15.0934,52.2256],[15.0872,52.2335],[15.0774,52.2289],[15.0677,52.2328],[15.0589,52.2275],[15.049,52.2246],[15.0387,52.2209],[15.028,52.2233],[15.0171,52.2224],[15.0065,52.2217]]}},{"type":"Feature","properties":{"r":4,"n":"Helme"},"geometry":{"type":"LineString","coordinates":[[10.626,51.5246],[10.6372,51.5233],[10.6471,51.5217],[10.6572,51.5207],[10.6673,51.5184],[10.6774,51.514],[10.6871,51.5111],[10.6968,51.508],[10.7065,51.5049],[10.7167,51.5021],[10.7266,51.4997],[10.7368,51.5007],[10.7472,51.4961],[10.7542,51.4888]]}},{"type":"Feature","properties":{"r":4,"n":"Rega"},"geometry":{"type":"LineString","coordinates":[[15.2684,54.0667],[15.2586,54.0646],[15.2494,54.0686],[15.2429,54.0769],[15.2367,54.0851],[15.2298,54.0933],[15.225,54.1021],[15.2329,54.1091],[15.2396,54.1173],[15.2496,54.1209],[15.2593,54.1238],[15.2693,54.1257],[15.2788,54.1321],[15.2849,54.1403]]}},{"type":"Feature","properties":{"r":4,"n":"Mała Ina"},"geometry":{"type":"LineString","coordinates":[[15.3849,53.1019],[15.3756,53.1058],[15.3656,53.1085],[15.3558,53.1115],[15.3472,53.1171],[15.3368,53.1198],[15.3291,53.1263],[15.3201,53.1325],[15.3102,53.1353],[15.3002,53.1384],[15.292,53.1443],[15.283,53.149],[15.2731,53.1513],[15.2622,53.15]]}},{"type":"Feature","properties":{"r":4,"n":"Warbel"},"geometry":{"type":"LineString","coordinates":[[12.5932,53.9456],[12.5864,53.9546],[12.5954,53.963],[12.6029,53.9704],[12.6109,53.9775],[12.6207,53.9802],[12.6309,53.979],[12.6417,53.9761],[12.6513,53.9725],[12.6616,53.97],[12.6717,53.9689],[12.6823,53.97],[12.6928,53.9702],[12.7042,53.9688]]}},{"type":"Feature","properties":{"r":4,"n":"Lausitzer Neiße / Nysa Łużycka"},"geometry":{"type":"LineString","coordinates":[[14.9205,51.4827],[14.9085,51.4839],[14.8983,51.482],[14.8887,51.4873],[14.878,51.4858],[14.8674,51.4887],[14.8574,51.49],[14.8468,51.4928],[14.8385,51.4985],[14.829,51.5047],[14.8188,51.5077],[14.8087,51.5103],[14.7991,51.5152],[14.7888,51.5171]]}},{"type":"Feature","properties":{"r":4,"n":"Krępiel"},"geometry":{"type":"LineString","coordinates":[[15.3123,53.4613],[15.3023,53.4605],[15.2922,53.4634],[15.2821,53.4632],[15.2719,53.4631],[15.2606,53.4648],[15.25,53.4663],[15.239,53.468],[15.2291,53.4644],[15.2189,53.4642],[15.2089,53.4654],[15.2018,53.4579],[15.1917,53.4586],[15.181,53.4589]]}},{"type":"Feature","properties":{"r":4,"n":"Odra"},"geometry":{"type":"LineString","coordinates":[[15.4689,52.0417],[15.4551,52.0451],[15.4448,52.0495],[15.4314,52.0488],[15.4242,52.0605],[15.4129,52.0612],[15.4029,52.0575],[15.3907,52.0569],[15.38,52.0522],[15.3619,52.0494],[15.3486,52.0471],[15.3375,52.0485],[15.3252,52.0498],[15.3154,52.0532]]}},{"type":"Feature","properties":{"r":4,"n":"Mołstowa"},"geometry":{"type":"LineString","coordinates":[[15.479,53.933],[15.4702,53.938],[15.461,53.9424],[15.4522,53.9473],[15.4438,53.9536],[15.4339,53.9556],[15.4238,53.9541],[15.4141,53.9566],[15.4041,53.9559],[15.3939,53.955],[15.3836,53.9554],[15.3741,53.9587],[15.3691,53.9682],[15.3663,53.9779]]}},{"type":"Feature","properties":{"r":6,"n":"Havelkanal"},"geometry":{"type":"LineString","coordinates":[[12.9672,52.5684],[12.9607,52.5574],[12.9543,52.5493],[12.9484,52.5411],[12.9426,52.5328],[12.9393,52.5221],[12.9401,52.5112],[12.9369,52.4982],[12.931,52.489],[12.9215,52.4847],[12.9097,52.479],[12.899,52.472],[12.8905,52.4663],[12.8794,52.4611]]}},{"type":"Feature","properties":{"r":4,"n":"Kamenice"},"geometry":{"type":"LineString","coordinates":[[15.1943,50.792],[15.2034,50.7872],[15.2135,50.7873],[15.2232,50.7842],[15.2326,50.7807],[15.2423,50.7764],[15.2509,50.7712],[15.2612,50.7676],[15.2704,50.7615],[15.2632,50.754],[15.2639,50.7438],[15.2726,50.7387],[15.2825,50.7369]]}},{"type":"Feature","properties":{"r":4,"n":"Ammer"},"geometry":{"type":"LineString","coordinates":[[11.073,47.583],[11.0658,47.5902],[11.0592,47.5979],[11.0537,47.6065],[11.046,47.6131],[11.0362,47.6152],[11.0271,47.6197],[11.0223,47.6295],[11.0143,47.6362],[11.0111,47.6459],[11.0011,47.6464],[10.9954,47.6549],[10.988,47.6619]]}},{"type":"Feature","properties":{"r":4,"n":"Isar"},"geometry":{"type":"LineString","coordinates":[[12.5104,48.635],[12.5227,48.6353],[12.5341,48.6428],[12.5449,48.6439],[12.5561,48.6449],[12.565,48.6498],[12.5876,48.6496],[12.602,48.6577],[12.6132,48.6596],[12.6255,48.6626],[12.636,48.6647],[12.646,48.6642],[12.6569,48.6664]]}},{"type":"Feature","properties":{"r":4,"n":"Aisch"},"geometry":{"type":"LineString","coordinates":[[10.7792,49.6948],[10.7887,49.6985],[10.7968,49.7047],[10.807,49.7004],[10.817,49.6994],[10.827,49.6982],[10.8373,49.6987],[10.8448,49.7055],[10.8549,49.7044],[10.8649,49.705],[10.8714,49.7129],[10.8814,49.7153],[10.8907,49.7192]]}},{"type":"Feature","properties":{"r":4,"n":"Enns"},"geometry":{"type":"LineString","coordinates":[[13.6554,47.3894],[13.6655,47.3903],[13.6756,47.3926],[13.6855,47.3964],[13.696,47.3981],[13.7061,47.3989],[13.7158,47.4027],[13.7263,47.4053],[13.7369,47.4096],[13.7483,47.4115],[13.7586,47.4133],[13.7699,47.4178],[13.7804,47.4186]]}},{"type":"Feature","properties":{"r":4,"n":"Traun"},"geometry":{"type":"LineString","coordinates":[[14.0895,48.1716],[14.0996,48.1721],[14.1098,48.1734],[14.1197,48.1765],[14.1329,48.1801],[14.1466,48.1837],[14.1564,48.1891],[14.1666,48.1936],[14.1816,48.1947],[14.191,48.1987],[14.2017,48.1998],[14.2118,48.2024],[14.2226,48.2062]]}},{"type":"Feature","properties":{"r":4,"n":"Chamb"},"geometry":{"type":"LineString","coordinates":[[12.8054,49.2628],[12.7954,49.2618],[12.7881,49.2548],[12.7781,49.2543],[12.7675,49.253],[12.7572,49.2517],[12.7488,49.2462],[12.739,49.2421],[12.7296,49.2386],[12.7225,49.231],[12.7126,49.2295],[12.7033,49.2249],[12.6939,49.2211]]}},{"type":"Feature","properties":{"r":4,"n":"Lužnice"},"geometry":{"type":"LineString","coordinates":[[14.7172,49.2367],[14.7094,49.2435],[14.7153,49.2521],[14.7069,49.2589],[14.6979,49.2636],[14.6974,49.2736],[14.7024,49.2824],[14.6959,49.2904],[14.6974,49.3003],[14.7082,49.3047],[14.7179,49.3077],[14.7164,49.3178],[14.706,49.3189]]}},{"type":"Feature","properties":{"r":4,"n":"Malše"},"geometry":{"type":"LineString","coordinates":[[14.4697,48.6485],[14.4601,48.6516],[14.4688,48.6577],[14.4758,48.6649],[14.4671,48.6707],[14.4653,48.6806],[14.4647,48.6906],[14.4726,48.6971],[14.4808,48.7029],[14.4879,48.71],[14.4981,48.7111],[14.4975,48.7213],[14.5048,48.7286]]}},{"type":"Feature","properties":{"r":4,"n":"Warme Steinach"},"geometry":{"type":"LineString","coordinates":[[11.7213,49.9397],[11.7111,49.9413],[11.7031,49.9481],[11.6981,49.9568],[11.6915,49.9648],[11.6829,49.97],[11.6731,49.9728],[11.665,49.9669],[11.6569,49.9601],[11.6472,49.957],[11.6375,49.9609],[11.627,49.9595],[11.6178,49.9552]]}},{"type":"Feature","properties":{"r":4,"n":"Pielach"},"geometry":{"type":"LineString","coordinates":[[15.3812,47.9397],[15.3805,47.9499],[15.3751,47.9586],[15.3706,47.9676],[15.3691,47.9776],[15.3622,47.9851],[15.3563,47.9932],[15.3632,48.0011],[15.3711,48.0082],[15.3817,48.0098],[15.3915,48.0138],[15.3995,48.0201],[15.4079,48.026]]}},{"type":"Feature","properties":{"r":4,"n":"Windach"},"geometry":{"type":"LineString","coordinates":[[11.0136,48.0025],[11.0213,48.009],[11.0158,48.0174],[11.0107,48.0262],[11.0132,48.0359],[11.0132,48.0459],[11.0211,48.0528],[11.0298,48.0584],[11.0369,48.0655],[11.0446,48.0725],[11.0547,48.0712],[11.0644,48.0682],[11.0721,48.0617]]}},{"type":"Feature","properties":{"r":4,"n":"Main"},"geometry":{"type":"LineString","coordinates":[[10.7698,49.9267],[10.7597,49.9277],[10.7525,49.936],[10.7455,49.9446],[10.7364,49.9499],[10.7253,49.9514],[10.7176,49.9586],[10.7088,49.9657],[10.6982,49.9697],[10.6885,49.9742],[10.678,49.9734],[10.6662,49.9738],[10.6558,49.974]]}},{"type":"Feature","properties":{"r":4,"n":"Nesse"},"geometry":{"type":"LineString","coordinates":[[10.5619,50.9928],[10.5518,50.9939],[10.5418,50.9901],[10.532,50.9931],[10.5221,50.989],[10.5132,50.9842],[10.5028,50.9841],[10.4925,50.9822],[10.4831,50.9776],[10.4729,50.9756],[10.4628,50.9757],[10.453,50.9778],[10.4431,50.976]]}},{"type":"Feature","properties":{"r":4,"n":"Ammer"},"geometry":{"type":"LineString","coordinates":[[10.9746,47.7362],[10.9654,47.7408],[10.9641,47.7511],[10.9547,47.755],[10.9524,47.7653],[10.9589,47.7739],[10.9692,47.7748],[10.9798,47.7714],[10.9904,47.7736],[11.0006,47.772],[11.0108,47.7728],[11.0218,47.7719],[11.0324,47.7721]]}},{"type":"Feature","properties":{"r":4,"n":"Loisach"},"geometry":{"type":"LineString","coordinates":[[11.3216,47.6494],[11.3303,47.6439],[11.347,47.652],[11.356,47.6603],[11.3662,47.6688],[11.3636,47.6789],[11.368,47.6928],[11.3673,47.7032],[11.3667,47.7138],[11.3714,47.7242],[11.3789,47.7309],[11.389,47.7319],[11.3997,47.7356]]}},{"type":"Feature","properties":{"r":4,"n":"Schwarzer Regen"},"geometry":{"type":"LineString","coordinates":[[13.0658,49.0206],[13.0549,49.0235],[13.0458,49.03],[13.0368,49.0344],[13.0268,49.033],[13.0171,49.03],[13.0149,49.0399],[13.0058,49.0442],[12.9958,49.0417],[13.0033,49.0486],[13.0138,49.0511],[13.0118,49.0609],[13.0045,49.0691]]}},{"type":"Feature","properties":{"r":4,"n":"Nesse"},"geometry":{"type":"LineString","coordinates":[[10.6849,51.0119],[10.6747,51.0096],[10.6653,51.0058],[10.655,51.0067],[10.646,51.0112],[10.6345,51.0114],[10.6242,51.01],[10.6137,51.0086],[10.6037,51.0051],[10.5944,51.0012],[10.585,50.9976],[10.5742,50.9939],[10.5638,50.9927]]}},{"type":"Feature","properties":{"r":4,"n":"Fichtelnaab"},"geometry":{"type":"LineString","coordinates":[[11.9031,49.9504],[11.913,49.9487],[11.923,49.9522],[11.933,49.9552],[11.9402,49.9481],[11.9438,49.9385],[11.9524,49.933],[11.9609,49.9272],[11.9698,49.9222],[11.973,49.9127],[11.9695,49.9028],[11.9711,49.8928],[11.979,49.8863]]}},{"type":"Feature","properties":{"r":4,"n":"Würschnitz"},"geometry":{"type":"LineString","coordinates":[[12.7952,50.7476],[12.8069,50.7498],[12.8169,50.7501],[12.8269,50.7526],[12.8367,50.7547],[12.847,50.7543],[12.8567,50.7571],[12.8637,50.7647],[12.8735,50.768],[12.8842,50.7699],[12.8942,50.7697],[12.9045,50.7721],[12.9147,50.7704]]}},{"type":"Feature","properties":{"r":4,"n":"Haidenaab"},"geometry":{"type":"LineString","coordinates":[[11.9841,49.674],[11.9917,49.6672],[11.997,49.6587],[12.0065,49.6553],[12.0161,49.6518],[12.0262,49.6513],[12.0366,49.6515],[12.0445,49.6451],[12.0541,49.6412],[12.0632,49.637],[12.0727,49.633],[12.0825,49.63],[12.0922,49.6267]]}},{"type":"Feature","properties":{"r":4,"n":"Isen"},"geometry":{"type":"LineString","coordinates":[[12.557,48.2782],[12.5669,48.2767],[12.5767,48.2793],[12.5866,48.2765],[12.5968,48.2781],[12.6069,48.2787],[12.6171,48.2797],[12.6253,48.2733],[12.6347,48.2675],[12.6451,48.2683],[12.6551,48.2666],[12.6664,48.266],[12.6752,48.2595]]}},{"type":"Feature","properties":{"r":4,"n":"Mže"},"geometry":{"type":"LineString","coordinates":[[12.9164,49.7664],[12.9266,49.7674],[12.9258,49.7571],[12.9163,49.7535],[12.9254,49.7489],[12.9354,49.7505],[12.9437,49.7448],[12.9531,49.7412],[12.9632,49.7419],[12.9724,49.7378],[12.9824,49.7399],[12.9933,49.7392],[12.9959,49.749]]}},{"type":"Feature","properties":{"r":4,"n":"Blanice"},"geometry":{"type":"LineString","coordinates":[[14.885,49.7096],[14.8954,49.7085],[14.9041,49.7141],[14.9111,49.7217],[14.9178,49.7299],[14.922,49.739],[14.9234,49.7495],[14.9196,49.7588],[14.9286,49.7639],[14.9305,49.7738],[14.9378,49.7814],[14.9319,49.7899],[14.9413,49.7939]]}},{"type":"Feature","properties":{"r":4,"n":"Lausitzer Neiße / Nysa Łużycka"},"geometry":{"type":"LineString","coordinates":[[14.9933,51.1436],[15.0009,51.1501],[14.9941,51.1577],[15.0011,51.1659],[15.0046,51.1753],[15.0071,51.1852],[15.0117,51.1947],[15.0076,51.204],[15.0102,51.214],[15.018,51.2205],[15.0219,51.2299],[15.029,51.2374],[15.037,51.2437]]}},{"type":"Feature","properties":{"r":6,"n":"Dortmund-Ems-Kanal"},"geometry":{"type":"LineString","coordinates":[[7.4261,51.7577],[7.4202,51.7667],[7.4139,51.7751],[7.4076,51.7838],[7.4022,51.7931],[7.4047,51.8029],[7.4123,51.8117],[7.4193,51.8196],[7.4279,51.8294],[7.4388,51.8377],[7.4504,51.8426],[7.4615,51.8462],[7.4713,51.8488]]}},{"type":"Feature","properties":{"r":4,"n":"Ems"},"geometry":{"type":"LineString","coordinates":[[7.6574,52.075],[7.6479,52.0799],[7.6371,52.0808],[7.6271,52.0792],[7.6174,52.0817],[7.6061,52.0858],[7.6031,52.096],[7.5964,52.1046],[7.5885,52.1111],[7.5948,52.1189],[7.6038,52.124],[7.6134,52.1276],[7.6066,52.1357]]}},{"type":"Feature","properties":{"r":6,"n":"Mittellandkanal"},"geometry":{"type":"LineString","coordinates":[[10.6214,52.4081],[10.6121,52.4],[10.5968,52.3895],[10.5882,52.384],[10.5763,52.3762],[10.5676,52.3704],[10.5585,52.3625],[10.5503,52.3554],[10.5423,52.3488],[10.5298,52.3421],[10.5165,52.3349],[10.5077,52.3301],[10.4966,52.3241]]}},{"type":"Feature","properties":{"r":6,"n":"A.G. Wildervanckkanaal"},"geometry":{"type":"LineString","coordinates":[[6.8978,53.0891],[6.9016,53.0792],[6.904,53.0549],[6.9049,53.0444],[6.9101,53.0357],[6.9223,53.0276],[6.9324,53.0212],[6.9503,53.0149],[6.9619,53.012],[6.9721,53.0093],[6.981,53.0033],[6.9868,52.9927],[6.9961,52.9807]]}},{"type":"Feature","properties":{"r":6,"n":"B.L. Tijdenskanaal"},"geometry":{"type":"LineString","coordinates":[[7.1867,53.1751],[7.1862,53.1599],[7.1863,53.1463],[7.1788,53.1393],[7.1799,53.1292],[7.1839,53.1152],[7.1869,53.1049],[7.1688,53.0886],[7.1504,53.0772],[7.1388,53.0693],[7.1297,53.063],[7.1296,53.0505],[7.1359,53.0408]]}},{"type":"Feature","properties":{"r":4,"n":"Nederrijn"},"geometry":{"type":"LineString","coordinates":[[5.9535,51.9501],[5.9421,51.955],[5.9344,51.9627],[5.9262,51.9697],[5.9164,51.9722],[5.907,51.9764],[5.8966,51.9815],[5.8856,51.9829],[5.8754,51.9789],[5.8674,51.9721],[5.8573,51.9694],[5.8429,51.9728],[5.8307,51.9734]]}},{"type":"Feature","properties":{"r":4,"n":"Fulda"},"geometry":{"type":"LineString","coordinates":[[9.4557,51.2197],[9.4646,51.2246],[9.4739,51.2284],[9.4687,51.2374],[9.4633,51.2461],[9.472,51.253],[9.4808,51.2584],[9.4904,51.255],[9.4963,51.2465],[9.5064,51.2488],[9.5015,51.2579],[9.4931,51.2648],[9.4897,51.2743]]}},{"type":"Feature","properties":{"r":6,"n":"Neues Greetsieler Sieltief"},"geometry":{"type":"LineString","coordinates":[[7.1656,53.4275],[7.1556,53.4292],[7.1456,53.4285],[7.1355,53.4315],[7.1258,53.434],[7.116,53.4365],[7.1219,53.4451],[7.1164,53.4536],[7.1067,53.4573],[7.0968,53.4589],[7.0967,53.469],[7.0921,53.478],[7.0874,53.4871]]}},{"type":"Feature","properties":{"r":4,"n":"Ruhr"},"geometry":{"type":"LineString","coordinates":[[8.3216,51.3511],[8.3116,51.35],[8.3016,51.3497],[8.2904,51.3491],[8.2798,51.3478],[8.27,51.3499],[8.2591,51.3495],[8.249,51.3516],[8.239,51.3502],[8.2301,51.345],[8.2201,51.347],[8.21,51.3471],[8.2001,51.3452]]}},{"type":"Feature","properties":{"r":4,"n":"Tiefe Hase"},"geometry":{"type":"LineString","coordinates":[[7.9944,52.4359],[8.0046,52.4373],[8.0122,52.4438],[8.0206,52.4494],[8.0263,52.4577],[8.0213,52.4665],[8.0187,52.4762],[8.015,52.4855],[8.0151,52.4955],[8.0148,52.5055],[8.0058,52.5102],[7.9983,52.5169],[7.9888,52.5226]]}},{"type":"Feature","properties":{"r":4,"n":"Frieda"},"geometry":{"type":"LineString","coordinates":[[10.223,51.2127],[10.2134,51.2159],[10.2031,51.2182],[10.1931,51.2187],[10.1842,51.2233],[10.174,51.2257],[10.1639,51.2296],[10.1545,51.2336],[10.1462,51.2277],[10.1393,51.2203],[10.1311,51.2144],[10.126,51.2057],[10.1273,51.1954]]}},{"type":"Feature","properties":{"r":4,"n":"Vechte"},"geometry":{"type":"LineString","coordinates":[[7.2211,52.0846],[7.218,52.0942],[7.2159,52.1047],[7.2185,52.1145],[7.2118,52.1221],[7.2139,52.132],[7.2192,52.1406],[7.2169,52.1504],[7.218,52.1604],[7.2223,52.1702],[7.2255,52.18],[7.2312,52.1885],[7.2377,52.1965]]}},{"type":"Feature","properties":{"r":6,"n":"Twentekanaal (zijtak Almelo)"},"geometry":{"type":"LineString","coordinates":[[6.6366,52.3704],[6.6263,52.3679],[6.6195,52.36],[6.6186,52.3482],[6.6239,52.3346],[6.6292,52.3234],[6.6331,52.3122],[6.6375,52.2993],[6.6415,52.2871],[6.6437,52.2738],[6.6455,52.2636],[6.6494,52.2521],[6.6511,52.2421]]}},{"type":"Feature","properties":{"r":4,"n":"Hönne"},"geometry":{"type":"LineString","coordinates":[[7.8539,51.3786],[7.849,51.3874],[7.8418,51.3953],[7.8373,51.4044],[7.8303,51.4117],[7.821,51.4158],[7.8161,51.4253],[7.807,51.4309],[7.7973,51.4337],[7.7876,51.4386],[7.7793,51.4446],[7.7742,51.4535],[7.7697,51.4626]]}},{"type":"Feature","properties":{"r":4,"n":"Leine"},"geometry":{"type":"LineString","coordinates":[[10.1083,51.3729],[10.0984,51.3707],[10.0887,51.3681],[10.0787,51.3659],[10.0686,51.3644],[10.0592,51.3683],[10.049,51.3702],[10.0378,51.3725],[10.0279,51.3746],[10.0179,51.3753],[10.0081,51.3724],[9.9978,51.3754],[9.9876,51.378]]}},{"type":"Feature","properties":{"r":4,"n":"Giegel-Aa"},"geometry":{"type":"LineString","coordinates":[[7.5932,52.3748],[7.5853,52.3815],[7.576,52.3852],[7.5657,52.3869],[7.5553,52.3865],[7.546,52.3826],[7.5349,52.386],[7.524,52.3912],[7.5153,52.3983],[7.5078,52.4073],[7.5017,52.4153],[7.4897,52.4243],[7.4809,52.4304]]}},{"type":"Feature","properties":{"r":4,"n":"Oste"},"geometry":{"type":"LineString","coordinates":[[9.2938,53.3158],[9.284,53.3184],[9.2743,53.3209],[9.2643,53.3202],[9.2549,53.3239],[9.2449,53.3236],[9.235,53.3213],[9.2258,53.3256],[9.2182,53.3322],[9.2086,53.3357],[9.1984,53.3331],[9.1877,53.3327],[9.1786,53.3375]]}},{"type":"Feature","properties":{"r":6,"n":"Eckwarder Sieltief"},"geometry":{"type":"LineString","coordinates":[[8.2607,53.5355],[8.2533,53.5431],[8.2629,53.5488],[8.2706,53.5553],[8.2781,53.5621],[8.2844,53.5708],[8.2914,53.5787],[8.2998,53.5842],[8.3096,53.5862],[8.3142,53.5956],[8.3243,53.5995],[8.3345,53.6005],[8.3445,53.6006]]}},{"type":"Feature","properties":{"r":4,"n":"Winsumerdiep"},"geometry":{"type":"LineString","coordinates":[[6.5903,53.3357],[6.5803,53.3353],[6.5699,53.3349],[6.5592,53.3348],[6.5481,53.3341],[6.5377,53.3347],[6.5271,53.3329],[6.5171,53.3317],[6.507,53.3326],[6.4957,53.3328],[6.4858,53.3311],[6.4757,53.3317],[6.4638,53.329]]}},{"type":"Feature","properties":{"r":6,"n":"Wesel-Datteln-Kanal"},"geometry":{"type":"LineString","coordinates":[[6.7689,51.6479],[6.7532,51.6457],[6.7408,51.6447],[6.7274,51.6436],[6.714,51.6425],[6.701,51.6414],[6.6911,51.6389],[6.6791,51.6347],[6.6677,51.6347],[6.6573,51.6346],[6.6475,51.6308],[6.6371,51.6284],[6.6255,51.6274]]}},{"type":"Feature","properties":{"r":6,"n":"Termunterzijldiep"},"geometry":{"type":"LineString","coordinates":[[6.9498,53.1799],[6.9502,53.1918],[6.9483,53.2024],[6.9488,53.2131],[6.954,53.2227],[6.9606,53.2304],[6.9677,53.2392],[6.9775,53.2424],[6.9686,53.2598],[6.9796,53.2658],[6.9914,53.2725],[7.0008,53.2791],[7.0138,53.2854]]}},{"type":"Feature","properties":{"r":4,"n":"Ems"},"geometry":{"type":"LineString","coordinates":[[8.5462,51.8274],[8.5368,51.8219],[8.5294,51.8146],[8.5205,51.8092],[8.5109,51.8051],[8.5012,51.8002],[8.4916,51.7973],[8.4806,51.7948],[8.4695,51.7967],[8.4599,51.7921],[8.4499,51.7917],[8.4413,51.797],[8.4322,51.8015]]}},{"type":"Feature","properties":{"r":4,"n":"Ruhr"},"geometry":{"type":"LineString","coordinates":[[7.0565,51.4272],[7.0653,51.4217],[7.0735,51.4156],[7.0811,51.4081],[7.0786,51.3976],[7.0735,51.3883],[7.0629,51.3884],[7.0567,51.3966],[7.0484,51.4035],[7.038,51.4071],[7.0265,51.4071],[7.0126,51.4035],[7.003,51.3986]]}},{"type":"Feature","properties":{"r":4,"n":"Erse"},"geometry":{"type":"LineString","coordinates":[[10.3776,52.3542],[10.3738,52.3644],[10.3631,52.3702],[10.3567,52.378],[10.3522,52.3884],[10.3442,52.395],[10.3371,52.4026],[10.3316,52.411],[10.3321,52.4212],[10.3249,52.4287],[10.3191,52.437],[10.311,52.4435],[10.3012,52.4461]]}},{"type":"Feature","properties":{"r":4,"n":"Linnau"},"geometry":{"type":"LineString","coordinates":[[9.2206,54.6891],[9.2095,54.6934],[9.1993,54.6954],[9.1863,54.6969],[9.1763,54.699],[9.1656,54.7007],[9.1553,54.7014],[9.1441,54.7011],[9.1341,54.7022],[9.124,54.6999],[9.1136,54.6992],[9.1033,54.7003],[9.0943,54.7048]]}},{"type":"Feature","properties":{"r":6,"n":"Urkervaart"},"geometry":{"type":"LineString","coordinates":[[5.7673,52.7077],[5.7562,52.7069],[5.7462,52.7044],[5.7308,52.698],[5.7149,52.6912],[5.7026,52.686],[5.6931,52.682],[5.6833,52.6778],[5.6736,52.6737],[5.6537,52.6652],[5.6392,52.6591],[5.6148,52.6576],[5.6037,52.6578]]}},{"type":"Feature","properties":{"r":4,"n":"Schmale Aue"},"geometry":{"type":"LineString","coordinates":[[10.0235,53.2085],[10.0203,53.2181],[10.0183,53.228],[10.0166,53.2379],[10.0196,53.2494],[10.0152,53.2584],[10.0131,53.2685],[10.0104,53.2796],[10.0035,53.2879],[9.9959,53.2945],[9.9922,53.3039],[9.9842,53.3101],[9.9799,53.3192]]}},{"type":"Feature","properties":{"r":6,"n":"Oranjekanaal"},"geometry":{"type":"LineString","coordinates":[[6.8925,52.7587],[6.8853,52.767],[6.8781,52.7744],[6.8703,52.7816],[6.8646,52.7904],[6.8602,52.8008],[6.8499,52.8046],[6.8409,52.81],[6.824,52.8216],[6.8075,52.8333],[6.7962,52.8387],[6.7808,52.8461],[6.7693,52.8515]]}},{"type":"Feature","properties":{"r":4,"n":"Dove Elbe"},"geometry":{"type":"LineString","coordinates":[[10.2015,53.4636],[10.1917,53.4667],[10.1814,53.4638],[10.1719,53.4689],[10.1579,53.4708],[10.1464,53.4701],[10.1373,53.4764],[10.1286,53.4816],[10.1181,53.4809],[10.1046,53.4828],[10.0941,53.4847],[10.0905,53.4943],[10.0814,53.4988]]}},{"type":"Feature","properties":{"r":4,"n":"Aa"},"geometry":{"type":"LineString","coordinates":[[7.8773,52.0706],[7.868,52.0757],[7.8581,52.0773],[7.8471,52.0782],[7.835,52.0788],[7.8254,52.0822],[7.8151,52.083],[7.8046,52.0813],[7.7948,52.0833],[7.7844,52.0852],[7.7744,52.0866],[7.7644,52.0887],[7.7542,52.0904]]}},{"type":"Feature","properties":{"r":4,"n":"Fulda"},"geometry":{"type":"LineString","coordinates":[[9.5485,51.1518],[9.5376,51.1542],[9.5325,51.1629],[9.5225,51.1644],[9.5135,51.1688],[9.5032,51.1769],[9.4955,51.1843],[9.4972,51.1943],[9.4874,51.1973],[9.4875,51.1865],[9.4843,51.1766],[9.4821,51.1865],[9.4771,51.1958]]}},{"type":"Feature","properties":{"r":4,"n":"Rhein"},"geometry":{"type":"LineString","coordinates":[[6.7149,51.3336],[6.7043,51.3376],[6.6856,51.3423],[6.6725,51.3455],[6.6607,51.3486],[6.6537,51.3558],[6.6604,51.3656],[6.6731,51.3697],[6.6873,51.372],[6.7015,51.3729],[6.7152,51.3755],[6.7264,51.3805],[6.7367,51.3874]]}},{"type":"Feature","properties":{"r":4,"n":"Elbe"},"geometry":{"type":"LineString","coordinates":[[12.805,51.7369],[12.8125,51.7438],[12.8224,51.7485],[12.8161,51.7587],[12.8071,51.7678],[12.8079,51.7779],[12.8041,51.7886],[12.8076,51.8008],[12.8132,51.8119],[12.8246,51.8163],[12.8347,51.8177],[12.8294,51.8262],[12.8149,51.8264]]}},{"type":"Feature","properties":{"r":6,"n":"Havelkanal"},"geometry":{"type":"LineString","coordinates":[[13.0859,52.6076],[13.0733,52.6072],[13.061,52.607],[13.051,52.6081],[13.0403,52.61],[13.0296,52.612],[13.0112,52.613],[13.0001,52.6128],[12.9891,52.6113],[12.9816,52.6037],[12.9789,52.5934],[12.9725,52.5853],[12.9688,52.5745]]}},{"type":"Feature","properties":{"r":4,"n":"Nebel"},"geometry":{"type":"LineString","coordinates":[[12.3472,53.6877],[12.3376,53.6906],[12.3274,53.6899],[12.3174,53.6898],[12.3074,53.691],[12.2991,53.6971],[12.2906,53.7025],[12.2823,53.7084],[12.2765,53.7167],[12.2709,53.7252],[12.2617,53.7292],[12.259,53.739],[12.2518,53.7463]]}},{"type":"Feature","properties":{"r":4,"n":"Parthe"},"geometry":{"type":"LineString","coordinates":[[12.5595,51.3105],[12.5565,51.3205],[12.5525,51.33],[12.544,51.3358],[12.5336,51.3404],[12.5313,51.3504],[12.5316,51.3604],[12.5413,51.3657],[12.5344,51.3735],[12.5275,51.3809],[12.517,51.3787],[12.508,51.374],[12.4983,51.3782]]}},{"type":"Feature","properties":{"r":4,"n":"Kleine Beke"},"geometry":{"type":"LineString","coordinates":[[11.832,53.9328],[11.8418,53.9354],[11.8517,53.9332],[11.8618,53.9327],[11.8718,53.9331],[11.8833,53.9361],[11.8936,53.9372],[11.9041,53.9404],[11.9127,53.9456],[11.9232,53.9454],[11.9336,53.9432],[11.9433,53.9403],[11.9497,53.9325]]}},{"type":"Feature","properties":{"r":4,"n":"Bóbr"},"geometry":{"type":"LineString","coordinates":[[15.2054,51.8331],[15.2062,51.8442],[15.1968,51.8477],[15.193,51.8571],[15.1829,51.8558],[15.1731,51.8582],[15.1793,51.8669],[15.1698,51.8702],[15.1638,51.8783],[15.1545,51.8835],[15.1461,51.8904],[15.1513,51.8995],[15.1398,51.899]]}},{"type":"Feature","properties":{"r":4,"n":"Krępiel"},"geometry":{"type":"LineString","coordinates":[[15.1799,53.4585],[15.1794,53.4485],[15.186,53.4407],[15.1937,53.4336],[15.1932,53.4233],[15.2041,53.4217],[15.212,53.4138],[15.2019,53.4102],[15.1945,53.4031],[15.1832,53.3975],[15.1748,53.3919],[15.1726,53.3819],[15.1795,53.3746]]}},{"type":"Feature","properties":{"r":4,"n":"Selke"},"geometry":{"type":"LineString","coordinates":[[11.3428,51.7659],[11.3356,51.7729],[11.3267,51.7778],[11.319,51.7842],[11.3122,51.7916],[11.3059,51.7995],[11.2987,51.8067],[11.2917,51.8144],[11.2844,51.8214],[11.277,51.8291],[11.2699,51.8362],[11.2626,51.8435],[11.2537,51.8482]]}},{"type":"Feature","properties":{"r":4,"n":"Schwarze Elster"},"geometry":{"type":"LineString","coordinates":[[14.02,51.5169],[14.0099,51.5162],[13.9975,51.5126],[13.9876,51.5077],[13.9797,51.5006],[13.9699,51.4962],[13.9598,51.489],[13.95,51.4828],[13.9372,51.4769],[13.9257,51.4717],[13.9161,51.4678],[13.8958,51.4644],[13.8853,51.4629]]}},{"type":"Feature","properties":{"r":6,"n":"Kanał Płoński"},"geometry":{"type":"LineString","coordinates":[[15.0453,53.1601],[15.0353,53.1617],[15.025,53.1654],[15.0129,53.1681],[15.002,53.1715],[14.9759,53.1799],[14.9665,53.1834],[14.9599,53.1912],[14.9499,53.1951],[14.9395,53.1973],[14.9292,53.1985],[14.9196,53.2024],[14.9142,53.211]]}},{"type":"Feature","properties":{"r":4,"n":"Unstrut"},"geometry":{"type":"LineString","coordinates":[[11.5295,51.2695],[11.5405,51.2688],[11.55,51.2728],[11.56,51.2744],[11.5707,51.2785],[11.5735,51.2885],[11.5778,51.2976],[11.5878,51.2982],[11.5968,51.2934],[11.6052,51.2873],[11.6153,51.2859],[11.6253,51.287],[11.6358,51.287]]}},{"type":"Feature","properties":{"r":4,"n":"Unstrut"},"geometry":{"type":"LineString","coordinates":[[11.1786,51.3001],[11.1821,51.31],[11.1897,51.3168],[11.1996,51.3184],[11.2092,51.3216],[11.2167,51.3285],[11.2256,51.3362],[11.2338,51.3426],[11.2447,51.3454],[11.2509,51.3534],[11.2578,51.3611],[11.2683,51.3603],[11.2796,51.3604]]}},{"type":"Feature","properties":{"r":4,"n":"Sąpólna"},"geometry":{"type":"LineString","coordinates":[[15.1823,53.5784],[15.1751,53.5857],[15.175,53.5957],[15.1715,53.6051],[15.1686,53.6147],[15.1646,53.6239],[15.1592,53.6325],[15.1565,53.6424],[15.153,53.6519],[15.1633,53.6569],[15.168,53.6667],[15.1715,53.6763],[15.1803,53.682]]}},{"type":"Feature","properties":{"r":4,"n":"Saale"},"geometry":{"type":"LineString","coordinates":[[11.6737,51.71],[11.671,51.7204],[11.6825,51.7233],[11.6921,51.728],[11.7026,51.7319],[11.7093,51.7427],[11.7102,51.7534],[11.7011,51.7598],[11.692,51.7652],[11.6999,51.7731],[11.7075,51.7803],[11.7178,51.7867],[11.727,51.7912]]}},{"type":"Feature","properties":{"r":4,"n":"Schaale"},"geometry":{"type":"LineString","coordinates":[[10.9459,53.534],[10.9432,53.5242],[10.9412,53.5142],[10.9373,53.5045],[10.9336,53.4951],[10.9259,53.4881],[10.9209,53.4783],[10.9187,53.4674],[10.9093,53.4635],[10.9055,53.4542],[10.8964,53.4491],[10.8873,53.4441],[10.8825,53.4351]]}},{"type":"Feature","properties":{"r":4,"n":"Warnow"},"geometry":{"type":"LineString","coordinates":[[11.8726,53.5432],[11.8617,53.543],[11.8519,53.5454],[11.8429,53.5516],[11.8327,53.5544],[11.824,53.5594],[11.8141,53.5621],[11.804,53.5612],[11.794,53.5616],[11.7962,53.5714],[11.7871,53.5767],[11.7772,53.5782],[11.7697,53.5873]]}},{"type":"Feature","properties":{"r":4,"n":"Czernica"},"geometry":{"type":"LineString","coordinates":[[15.0484,51.4381],[15.0392,51.4422],[15.0467,51.4512],[15.0566,51.4528],[15.0666,51.4553],[15.072,51.4638],[15.0748,51.4735],[15.0792,51.4829],[15.0888,51.4858],[15.0984,51.4894],[15.1081,51.4924],[15.1187,51.4929],[15.1289,51.4947]]}},{"type":"Feature","properties":{"r":4,"n":"Aller"},"geometry":{"type":"LineString","coordinates":[[11.0483,52.3889],[11.0393,52.3952],[11.0276,52.3959],[11.0175,52.3984],[11.0089,52.4043],[10.9945,52.4126],[10.9874,52.4203],[10.9777,52.4275],[10.9669,52.4322],[10.9584,52.4411],[10.9507,52.4481],[10.9421,52.4533],[10.9338,52.459]]}},{"type":"Feature","properties":{"r":4,"n":"Rekowa"},"geometry":{"type":"LineString","coordinates":[[15.4419,53.8258],[15.4374,53.8351],[15.4336,53.8444],[15.4277,53.8529],[15.4206,53.8607],[15.4087,53.8615],[15.3997,53.8554],[15.3942,53.8453],[15.3839,53.8454],[15.3743,53.8418],[15.3639,53.8409],[15.3535,53.8356],[15.3443,53.8298]]}},{"type":"Feature","properties":{"r":4,"n":"Krzekna"},"geometry":{"type":"LineString","coordinates":[[14.6979,53.2764],[14.709,53.276],[14.7191,53.2728],[14.7302,53.27],[14.7414,53.2674],[14.7515,53.2677],[14.759,53.2585],[14.7727,53.2523],[14.7821,53.2483],[14.7931,53.248],[14.8053,53.2452],[14.8165,53.2402],[14.8199,53.23]]}},{"type":"Feature","properties":{"r":4,"n":"Peenestrom"},"geometry":{"type":"LineString","coordinates":[[13.7601,54.0274],[13.7716,54.0415],[13.7813,54.0447],[13.7869,54.0537],[13.7924,54.0646],[13.7968,54.0846],[13.8042,54.0927],[13.8089,54.1033],[13.7898,54.1104],[13.7737,54.1199],[13.7661,54.1295],[13.756,54.1342],[13.7507,54.1427]]}},{"type":"Feature","properties":{"r":4,"n":"Werdawa"},"geometry":{"type":"LineString","coordinates":[[14.7505,51.7953],[14.742,51.8021],[14.7438,51.812],[14.7329,51.8168],[14.7308,51.8267],[14.7245,51.8346],[14.7353,51.8388],[14.746,51.8371],[14.7553,51.8418],[14.751,51.8513],[14.7439,51.8584],[14.7353,51.8638],[14.7253,51.8646]]}},{"type":"Feature","properties":{"r":4,"n":"Berste"},"geometry":{"type":"LineString","coordinates":[[13.7186,51.9552],[13.7303,51.9579],[13.7421,51.9563],[13.752,51.9544],[13.7619,51.9516],[13.7724,51.947],[13.7847,51.9415],[13.7987,51.9388],[13.8091,51.9349],[13.8244,51.9338],[13.8347,51.9341],[13.8461,51.9339],[13.8588,51.9363]]}},{"type":"Feature","properties":{"r":4,"n":"Löcknitz"},"geometry":{"type":"LineString","coordinates":[[11.7221,53.1925],[11.7189,53.1824],[11.7169,53.1719],[11.7127,53.1627],[11.7046,53.156],[11.7012,53.1465],[11.6962,53.1365],[11.6907,53.1279],[11.6818,53.1229],[11.6734,53.1169],[11.6663,53.1089],[11.6631,53.0983],[11.6613,53.0881]]}},{"type":"Feature","properties":{"r":4,"n":"Unterwarnow"},"geometry":{"type":"LineString","coordinates":[[12.1536,54.0878],[12.1464,54.0954],[12.1348,54.0945],[12.1238,54.0942],[12.1137,54.0968],[12.1041,54.1028],[12.0962,54.1124],[12.0928,54.1232],[12.0934,54.1357],[12.0926,54.1459],[12.0978,54.158],[12.0987,54.169],[12.0917,54.1829]]}},{"type":"Feature","properties":{"r":4,"n":"Regnitz"},"geometry":{"type":"LineString","coordinates":[[10.9965,49.599],[10.9948,49.6092],[10.9982,49.6198],[11.0066,49.6253],[11.0053,49.6356],[11.0125,49.6427],[11.0181,49.6521],[11.0252,49.6596],[11.0316,49.6674],[11.0409,49.6712],[11.0349,49.6801],[11.0442,49.6838]]}},{"type":"Feature","properties":{"r":4,"n":"Donau"},"geometry":{"type":"LineString","coordinates":[[11.6008,48.7771],[11.6114,48.7742],[11.6241,48.7732],[11.6366,48.7736],[11.6469,48.7772],[11.6588,48.7849],[11.6791,48.7883],[11.6905,48.7941],[11.7016,48.8011],[11.7121,48.8069],[11.7241,48.8115],[11.7369,48.8153]]}},{"type":"Feature","properties":{"r":4,"n":"Reiche Ebrach"},"geometry":{"type":"LineString","coordinates":[[10.5312,49.7675],[10.5411,49.7653],[10.5512,49.7642],[10.5613,49.764],[10.5713,49.7634],[10.5814,49.7625],[10.5914,49.7628],[10.6014,49.7603],[10.6112,49.7577],[10.6197,49.7522],[10.6284,49.7472],[10.6382,49.7446]]}},{"type":"Feature","properties":{"r":4,"n":"Vltava"},"geometry":{"type":"LineString","coordinates":[[14.3485,50.3161],[14.3596,50.3138],[14.3703,50.3142],[14.388,50.3185],[14.3986,50.3194],[14.409,50.3171],[14.4272,50.3176],[14.4422,50.318],[14.4554,50.3199],[14.4694,50.3231],[14.4774,50.3297],[14.478,50.3421]]}},{"type":"Feature","properties":{"r":4,"n":"Mur"},"geometry":{"type":"LineString","coordinates":[[14.5548,47.2069],[14.5651,47.2076],[14.5748,47.2028],[14.5853,47.2012],[14.5895,47.1911],[14.5995,47.1904],[14.6077,47.1845],[14.6181,47.1834],[14.6276,47.1776],[14.6376,47.1771],[14.6482,47.1732],[14.6595,47.1723]]}},{"type":"Feature","properties":{"r":4,"n":"Großer Regen"},"geometry":{"type":"LineString","coordinates":[[13.2055,49.1222],[13.1956,49.1198],[13.1874,49.1135],[13.1912,49.104],[13.1957,49.095],[13.2005,49.0861],[13.2078,49.0792],[13.2159,49.0731],[13.2235,49.0663],[13.2323,49.0602],[13.233,49.0497],[13.2252,49.0433]]}},{"type":"Feature","properties":{"r":4,"n":"Apfelstädt"},"geometry":{"type":"LineString","coordinates":[[10.8059,50.9058],[10.8167,50.907],[10.827,50.9049],[10.8365,50.9014],[10.8468,50.9004],[10.8574,50.9006],[10.8679,50.9017],[10.8787,50.9022],[10.8896,50.9041],[10.8995,50.9058],[10.9103,50.9084],[10.9188,50.9149]]}},{"type":"Feature","properties":{"r":4,"n":"Itz"},"geometry":{"type":"LineString","coordinates":[[10.9846,50.2751],[10.9753,50.2713],[10.9659,50.2667],[10.9588,50.2596],[10.9616,50.2498],[10.9669,50.2408],[10.9716,50.2316],[10.9766,50.2228],[10.9826,50.2145],[10.9745,50.2086],[10.9649,50.2046],[10.9568,50.1987]]}},{"type":"Feature","properties":{"r":4,"n":"Weißach"},"geometry":{"type":"LineString","coordinates":[[11.7131,47.6216],[11.7231,47.6226],[11.7332,47.6222],[11.7429,47.625],[11.7468,47.6352],[11.7464,47.6457],[11.7518,47.6542],[11.7564,47.6635],[11.7641,47.6706],[11.7658,47.6806],[11.7568,47.688],[11.7474,47.6923]]}},{"type":"Feature","properties":{"r":6,"n":"Nová řeka"},"geometry":{"type":"LineString","coordinates":[[14.8489,48.9869],[14.8538,48.9957],[14.856,49.0062],[14.8633,49.0134],[14.8627,49.0236],[14.8592,49.033],[14.8576,49.0432],[14.8475,49.0505],[14.8551,49.0587],[14.8661,49.0634],[14.8695,49.0729],[14.8697,49.0831]]}},{"type":"Feature","properties":{"r":4,"n":"Steyrling"},"geometry":{"type":"LineString","coordinates":[[14.0694,47.7736],[14.0733,47.7829],[14.0819,47.789],[14.0903,47.7945],[14.0932,47.8041],[14.1027,47.8075],[14.1129,47.8062],[14.1229,47.8065],[14.1327,47.8044],[14.1429,47.804],[14.1529,47.8035],[14.1629,47.8044]]}},{"type":"Feature","properties":{"r":4,"n":"Zwickauer Mulde"},"geometry":{"type":"LineString","coordinates":[[12.6893,50.9305],[12.6993,50.9311],[12.7088,50.9352],[12.717,50.929],[12.7267,50.9318],[12.7368,50.9328],[12.7467,50.9353],[12.7565,50.9432],[12.7666,50.9427],[12.7656,50.9527],[12.7555,50.9542],[12.7568,50.9646]]}},{"type":"Feature","properties":{"r":4,"n":"Ploučnice"},"geometry":{"type":"LineString","coordinates":[[14.7336,50.6653],[14.7274,50.6574],[14.7334,50.6491],[14.7366,50.6396],[14.7347,50.6297],[14.7247,50.6299],[14.714,50.6316],[14.705,50.6269],[14.6961,50.6222],[14.6861,50.6225],[14.6768,50.6263],[14.6699,50.6336]]}},{"type":"Feature","properties":{"r":6,"n":"Přivaděč Ohře-Bílina"},"geometry":{"type":"LineString","coordinates":[[13.2571,50.4275],[13.2671,50.4297],[13.2774,50.4318],[13.2874,50.4335],[13.2989,50.4388],[13.3086,50.4414],[13.3193,50.4451],[13.3294,50.4445],[13.3424,50.4423],[13.3521,50.445],[13.361,50.4496],[13.3711,50.4498]]}},{"type":"Feature","properties":{"r":4,"n":"Faule Aschach"},"geometry":{"type":"LineString","coordinates":[[13.7023,48.3011],[13.7114,48.3058],[13.7204,48.3121],[13.7286,48.3186],[13.7393,48.3201],[13.7491,48.3181],[13.7587,48.3214],[13.7653,48.3293],[13.7756,48.3291],[13.7881,48.3276],[13.7984,48.3259],[13.8076,48.3206]]}},{"type":"Feature","properties":{"r":4,"n":"Große Naarn"},"geometry":{"type":"LineString","coordinates":[[14.8162,48.3856],[14.8061,48.3845],[14.7962,48.3828],[14.7862,48.3814],[14.7771,48.377],[14.7708,48.3692],[14.7607,48.3654],[14.7537,48.3582],[14.7513,48.3484],[14.7435,48.342],[14.7335,48.3419],[14.7235,48.3433]]}},{"type":"Feature","properties":{"r":4,"n":"Kaiserbach"},"geometry":{"type":"LineString","coordinates":[[12.285,47.5765],[12.2759,47.5807],[12.2664,47.5841],[12.2565,47.5856],[12.2471,47.5896],[12.2372,47.5928],[12.2272,47.5921],[12.2173,47.5903],[12.2073,47.5913],[12.1973,47.5915],[12.1874,47.5936],[12.1789,47.5997]]}},{"type":"Feature","properties":{"r":4,"n":"Melach"},"geometry":{"type":"LineString","coordinates":[[11.1545,47.1936],[11.1643,47.1961],[11.1732,47.2007],[11.1827,47.2041],[11.1927,47.2044],[11.2018,47.2092],[11.2112,47.2128],[11.2205,47.2169],[11.2288,47.2228],[11.2381,47.2269],[11.2459,47.2333],[11.2547,47.2383]]}},{"type":"Feature","properties":{"r":4,"n":"Aschauer Ache"},"geometry":{"type":"LineString","coordinates":[[12.3088,47.411],[12.3114,47.4208],[12.3156,47.4299],[12.3174,47.4402],[12.3212,47.4497],[12.3311,47.4521],[12.341,47.455],[12.3468,47.4632],[12.3456,47.4736],[12.3491,47.4833],[12.3502,47.4934],[12.3555,47.5019]]}},{"type":"Feature","properties":{"r":4,"n":"Vils"},"geometry":{"type":"LineString","coordinates":[[10.5227,47.4862],[10.5184,47.4969],[10.5101,47.5026],[10.5002,47.5053],[10.4905,47.5027],[10.4805,47.5045],[10.4715,47.5096],[10.4624,47.515],[10.4535,47.5216],[10.4554,47.5315],[10.4561,47.5415],[10.4651,47.5467]]}},{"type":"Feature","properties":{"r":4,"n":"Salza"},"geometry":{"type":"LineString","coordinates":[[15.4427,47.7839],[15.4488,47.775],[15.4427,47.7669],[15.4323,47.768],[15.4228,47.7647],[15.4125,47.7618],[15.4025,47.7626],[15.3925,47.7616],[15.3822,47.7607],[15.3717,47.7588],[15.3624,47.7625],[15.3525,47.7643]]}},{"type":"Feature","properties":{"r":4,"n":"Lainsitz"},"geometry":{"type":"LineString","coordinates":[[14.8411,48.674],[14.8517,48.6788],[14.8611,48.683],[14.8703,48.6873],[14.8705,48.6974],[14.8807,48.6997],[14.8905,48.7018],[14.8965,48.7101],[14.895,48.7201],[14.904,48.7246],[14.8973,48.7322],[14.9025,48.7411]]}},{"type":"Feature","properties":{"r":4,"n":"Teplá Vltava"},"geometry":{"type":"LineString","coordinates":[[13.6617,48.9906],[13.669,48.9835],[13.6709,48.9736],[13.6789,48.9675],[13.6893,48.9664],[13.6994,48.966],[13.7062,48.9586],[13.712,48.9502],[13.7219,48.9485],[13.7313,48.952],[13.7414,48.9555],[13.7511,48.9583]]}},{"type":"Feature","properties":{"r":6,"n":"Schwarzenberský kanál / Schwarzenbergscher Schwemmkanal"},"geometry":{"type":"LineString","coordinates":[[13.9053,48.7795],[13.9147,48.7831],[13.9216,48.7741],[13.9293,48.767],[13.9382,48.7617],[13.947,48.7569],[13.9567,48.7519],[13.9669,48.7446],[13.9716,48.7356],[13.98,48.73],[13.9818,48.7198],[13.9766,48.7112]]}},{"type":"Feature","properties":{"r":4,"n":"Vltava"},"geometry":{"type":"LineString","coordinates":[[14.4189,49.8483],[14.4099,49.8535],[14.3993,49.8555],[14.3965,49.8652],[14.3923,49.8755],[14.3929,49.8868],[14.4026,49.8913],[14.3976,49.9051],[14.3879,49.911],[14.3787,49.917],[14.3723,49.9255],[14.3708,49.9354]]}},{"type":"Feature","properties":{"r":4,"n":"Urslau"},"geometry":{"type":"LineString","coordinates":[[12.9618,47.3979],[12.9529,47.393],[12.9434,47.3893],[12.934,47.3858],[12.9234,47.3861],[12.9136,47.3889],[12.9056,47.395],[12.9006,47.4041],[12.8919,47.4096],[12.8818,47.4113],[12.8718,47.412],[12.8627,47.4168]]}},{"type":"Feature","properties":{"r":4,"n":"Ilm"},"geometry":{"type":"LineString","coordinates":[[11.1655,50.8024],[11.1725,50.8101],[11.1812,50.8151],[11.1787,50.825],[11.179,50.835],[11.187,50.8412],[11.1935,50.8488],[11.203,50.8528],[11.2126,50.8557],[11.2232,50.8565],[11.2336,50.8578],[11.2432,50.8607]]}},{"type":"Feature","properties":{"r":4,"n":"Leutascher Ache"},"geometry":{"type":"LineString","coordinates":[[11.1448,47.3668],[11.1527,47.373],[11.1627,47.3728],[11.1717,47.3779],[11.1756,47.3872],[11.1786,47.3969],[11.1888,47.3997],[11.1978,47.4047],[11.2065,47.4102],[11.2153,47.4154],[11.2241,47.4205],[11.2319,47.4269]]}},{"type":"Feature","properties":{"r":4,"n":"Stübmingbach"},"geometry":{"type":"LineString","coordinates":[[15.3996,47.5783],[15.3898,47.5761],[15.3802,47.573],[15.3702,47.5705],[15.36,47.5674],[15.3513,47.5622],[15.3425,47.5567],[15.333,47.5534],[15.3236,47.5489],[15.315,47.5435],[15.3059,47.5388],[15.2956,47.5382]]}},{"type":"Feature","properties":{"r":4,"n":"Attel"},"geometry":{"type":"LineString","coordinates":[[12.0655,48.0047],[12.0724,48.012],[12.082,48.0151],[12.0896,48.0216],[12.0974,48.029],[12.1022,48.0378],[12.1103,48.0446],[12.1201,48.0475],[12.1301,48.0477],[12.1379,48.0412],[12.1425,48.032],[12.1483,48.0237]]}},{"type":"Feature","properties":{"r":4,"n":"Kleine Vils"},"geometry":{"type":"LineString","coordinates":[[12.3125,48.4887],[12.3216,48.493],[12.3316,48.4933],[12.3415,48.4952],[12.3512,48.4984],[12.3614,48.5001],[12.371,48.4965],[12.381,48.4964],[12.3917,48.497],[12.4018,48.4956],[12.4116,48.498],[12.4217,48.4986]]}},{"type":"Feature","properties":{"r":4,"n":"Kleiner Regen"},"geometry":{"type":"LineString","coordinates":[[13.3311,49.0142],[13.3216,49.0105],[13.3124,49.0062],[13.3033,49.0017],[13.2935,49.004],[13.2837,49.0066],[13.2742,49.0105],[13.2654,49.0153],[13.2554,49.0151],[13.2463,49.0109],[13.237,49.0071],[13.2286,49.0126]]}},{"type":"Feature","properties":{"r":4,"n":"Kollbach"},"geometry":{"type":"LineString","coordinates":[[12.8536,48.5793],[12.8642,48.5813],[12.8741,48.5828],[12.8843,48.5846],[12.8947,48.587],[12.9032,48.5929],[12.9092,48.6009],[12.9193,48.6008],[12.9301,48.6024],[12.9399,48.5999],[12.9469,48.6077],[12.9565,48.6115]]}},{"type":"Feature","properties":{"r":4,"n":"Fuscher Ache"},"geometry":{"type":"LineString","coordinates":[[12.817,47.1753],[12.8232,47.1837],[12.8275,47.1929],[12.8329,47.2014],[12.8315,47.2115],[12.8273,47.2209],[12.8262,47.231],[12.8267,47.2411],[12.8261,47.2511],[12.8254,47.2615],[12.8263,47.2717],[12.8309,47.2808]]}},{"type":"Feature","properties":{"r":4,"n":"Otava"},"geometry":{"type":"LineString","coordinates":[[13.548,49.2481],[13.557,49.2536],[13.5672,49.2563],[13.5772,49.2598],[13.5869,49.2628],[13.5979,49.2675],[13.6082,49.2663],[13.6164,49.2726],[13.627,49.2722],[13.6371,49.273],[13.6398,49.2827],[13.6469,49.2908]]}},{"type":"Feature","properties":{"r":4,"n":"Úhlava"},"geometry":{"type":"LineString","coordinates":[[13.2176,49.187],[13.208,49.1919],[13.1985,49.196],[13.1888,49.2004],[13.1805,49.2062],[13.1704,49.2079],[13.1609,49.2114],[13.1622,49.2214],[13.1621,49.2315],[13.1569,49.2401],[13.1554,49.2517],[13.1455,49.2579]]}},{"type":"Feature","properties":{"r":4,"n":"Schleuse"},"geometry":{"type":"LineString","coordinates":[[10.8813,50.5416],[10.8784,50.5318],[10.8762,50.522],[10.8681,50.5161],[10.8586,50.5127],[10.8502,50.5072],[10.8396,50.5048],[10.8293,50.5024],[10.8212,50.4965],[10.814,50.4873],[10.8037,50.4839],[10.7822,50.4917]]}},{"type":"Feature","properties":{"r":4,"n":"Pölsbach"},"geometry":{"type":"LineString","coordinates":[[14.4656,47.387],[14.4622,47.3775],[14.4656,47.3679],[14.4688,47.3582],[14.4696,47.3482],[14.4711,47.3378],[14.4732,47.3276],[14.4789,47.319],[14.4823,47.3095],[14.488,47.301],[14.4886,47.2907],[14.4821,47.2831]]}},{"type":"Feature","properties":{"r":4,"n":"Zwickauer Mulde"},"geometry":{"type":"LineString","coordinates":[[12.6052,50.8719],[12.6176,50.8738],[12.624,50.8817],[12.6261,50.8915],[12.6365,50.8934],[12.6469,50.8954],[12.6565,50.8993],[12.6667,50.9023],[12.6768,50.9002],[12.6734,50.9097],[12.6835,50.9141],[12.6875,50.9236]]}},{"type":"Feature","properties":{"r":4,"n":"Weser (Rechter Nebenarm)"},"geometry":{"type":"LineString","coordinates":[[8.4829,53.2593],[8.4924,53.2626],[8.5014,53.2686],[8.5042,53.2822],[8.5029,53.293],[8.5091,53.302],[8.5143,53.3115],[8.518,53.3226],[8.5158,53.3329],[8.5159,53.3431],[8.5144,53.353],[8.5055,53.3608]]}},{"type":"Feature","properties":{"r":4,"n":"Örtze"},"geometry":{"type":"LineString","coordinates":[[10.0958,52.9831],[10.1036,52.9768],[10.113,52.971],[10.1202,52.964],[10.1233,52.9543],[10.1189,52.9453],[10.1123,52.9376],[10.1057,52.93],[10.1154,52.9267],[10.1207,52.918],[10.1285,52.9114],[10.1218,52.9035]]}},{"type":"Feature","properties":{"r":4,"n":"Oker"},"geometry":{"type":"LineString","coordinates":[[10.3818,52.4347],[10.3728,52.4409],[10.3639,52.4461],[10.3559,52.4527],[10.3485,52.4595],[10.3385,52.4612],[10.3459,52.4683],[10.3476,52.4782],[10.3565,52.4834],[10.3584,52.4934],[10.3586,52.5034],[10.3562,52.5135]]}},{"type":"Feature","properties":{"r":4,"n":"Aller"},"geometry":{"type":"LineString","coordinates":[[10.3609,52.524],[10.3512,52.5275],[10.3396,52.5287],[10.3304,52.5333],[10.3254,52.542],[10.315,52.5466],[10.3101,52.5559],[10.3,52.5583],[10.2904,52.5622],[10.2822,52.569],[10.2722,52.5687],[10.2622,52.5681]]}},{"type":"Feature","properties":{"r":4,"n":"Vechte"},"geometry":{"type":"LineString","coordinates":[[7.0576,52.4392],[7.0486,52.4437],[7.0442,52.4532],[7.0397,52.4623],[7.0296,52.4649],[7.0204,52.4694],[7.0149,52.478],[7.0082,52.4856],[7.0003,52.4919],[6.9916,52.4993],[6.9837,52.5065],[6.9741,52.5097]]}},{"type":"Feature","properties":{"r":6,"n":"Stichkanal Hildesheim"},"geometry":{"type":"LineString","coordinates":[[9.9292,52.1742],[9.9304,52.1863],[9.9373,52.1952],[9.9414,52.2056],[9.9399,52.2165],[9.9404,52.2271],[9.9473,52.2409],[9.952,52.2516],[9.9556,52.2619],[9.9596,52.2727],[9.9598,52.2844],[9.9585,52.2948]]}},{"type":"Feature","properties":{"r":4,"n":"Vehne"},"geometry":{"type":"LineString","coordinates":[[8.064,53.0901],[8.0567,53.0974],[8.0469,53.1044],[8.0378,53.1092],[8.0279,53.1121],[8.0169,53.1101],[8.0069,53.1116],[7.9951,53.1121],[7.9852,53.1066],[7.9751,53.1065],[7.9665,53.1119],[7.9556,53.1148]]}},{"type":"Feature","properties":{"r":4,"n":"Gerdau"},"geometry":{"type":"LineString","coordinates":[[10.2611,52.9374],[10.2711,52.9384],[10.2819,52.9415],[10.2918,52.9441],[10.3024,52.9503],[10.3117,52.9564],[10.3199,52.9622],[10.3259,52.9708],[10.3363,52.974],[10.3477,52.9706],[10.3577,52.9704],[10.3686,52.9706]]}},{"type":"Feature","properties":{"r":4,"n":"Hopstener Aa"},"geometry":{"type":"LineString","coordinates":[[7.5932,52.3748],[7.5829,52.3762],[7.5723,52.3747],[7.5633,52.37],[7.5531,52.3677],[7.5429,52.3678],[7.533,52.3702],[7.5232,52.3672],[7.5136,52.362],[7.5031,52.3596],[7.4919,52.3586],[7.4814,52.3622]]}},{"type":"Feature","properties":{"r":4,"n":"Trave"},"geometry":{"type":"LineString","coordinates":[[10.3685,53.9799],[10.359,53.976],[10.3486,53.9766],[10.3399,53.9705],[10.3262,53.9703],[10.3167,53.9668],[10.3074,53.9705],[10.2973,53.9696],[10.2873,53.9727],[10.282,53.964],[10.2824,53.954],[10.2892,53.9451]]}},{"type":"Feature","properties":{"r":4,"n":"Trave"},"geometry":{"type":"LineString","coordinates":[[10.4256,53.8132],[10.435,53.8169],[10.4454,53.8201],[10.4555,53.818],[10.4656,53.8176],[10.4756,53.8193],[10.4857,53.8145],[10.4934,53.8077],[10.504,53.8081],[10.5148,53.8108],[10.5261,53.8098],[10.5372,53.8108]]}},{"type":"Feature","properties":{"r":4,"n":"Bückeburger Aue"},"geometry":{"type":"LineString","coordinates":[[9.0843,52.2896],[9.0746,52.2933],[9.0644,52.2936],[9.0542,52.295],[9.044,52.294],[9.0344,52.2882],[9.0247,52.2846],[9.016,52.2789],[9.0046,52.2743],[8.9945,52.2754],[8.9859,52.2811],[8.9864,52.2916]]}},{"type":"Feature","properties":{"r":4,"n":"Wieste"},"geometry":{"type":"LineString","coordinates":[[9.2448,53.1455],[9.2371,53.1382],[9.2331,53.1286],[9.2306,53.1188],[9.2206,53.1164],[9.2137,53.1089],[9.2036,53.1087],[9.194,53.1056],[9.1841,53.1036],[9.1742,53.1004],[9.1643,53.1025],[9.154,53.1032]]}},{"type":"Feature","properties":{"r":4,"n":"Ems"},"geometry":{"type":"LineString","coordinates":[[8.1094,51.9669],[8.0996,51.9646],[8.0896,51.9619],[8.0793,51.9628],[8.0689,51.9632],[8.0581,51.9589],[8.0463,51.9556],[8.0356,51.9542],[8.0256,51.9532],[8.0154,51.955],[8.0056,51.9524],[7.9955,51.9524]]}},{"type":"Feature","properties":{"r":4,"n":"Lahe"},"geometry":{"type":"LineString","coordinates":[[7.9513,53.0475],[7.9405,53.0536],[7.9303,53.0546],[7.9184,53.059],[7.9083,53.0641],[7.8962,53.0681],[7.8897,53.0758],[7.8776,53.0779],[7.8672,53.0762],[7.8565,53.0741],[7.8475,53.0693],[7.8393,53.0751]]}},{"type":"Feature","properties":{"r":4,"n":"Mehe"},"geometry":{"type":"LineString","coordinates":[[8.9786,53.5567],[8.9935,53.5581],[9.0062,53.5564],[9.0164,53.555],[9.0268,53.555],[9.0368,53.5581],[9.0472,53.5643],[9.0573,53.5643],[9.0684,53.5594],[9.0756,53.552],[9.0867,53.5493],[9.0973,53.5519]]}},{"type":"Feature","properties":{"r":4,"n":"Bückeburger Aue"},"geometry":{"type":"LineString","coordinates":[[9.2371,52.2301],[9.2294,52.237],[9.2177,52.2348],[9.2071,52.2337],[9.197,52.2323],[9.1867,52.2311],[9.1763,52.2284],[9.166,52.2272],[9.1555,52.2264],[9.1454,52.2252],[9.1353,52.2222],[9.125,52.2225]]}},{"type":"Feature","properties":{"r":4,"n":"Garlstorfer Aubach"},"geometry":{"type":"LineString","coordinates":[[10.1092,53.246],[10.1133,53.2554],[10.1169,53.2656],[10.114,53.2753],[10.1211,53.2826],[10.1246,53.2937],[10.132,53.3013],[10.1415,53.3047],[10.1516,53.303],[10.165,53.302],[10.1737,53.307],[10.1785,53.3169]]}},{"type":"Feature","properties":{"r":4,"n":"Möhne"},"geometry":{"type":"LineString","coordinates":[[8.3005,51.4866],[8.2905,51.4867],[8.2797,51.4873],[8.2689,51.485],[8.2589,51.4838],[8.2487,51.4815],[8.2389,51.484],[8.2301,51.4792],[8.2198,51.4816],[8.2098,51.481],[8.2008,51.4756],[8.1903,51.4764]]}},{"type":"Feature","properties":{"r":6,"n":"Boker-Heide-Kanal"},"geometry":{"type":"LineString","coordinates":[[8.6426,51.7671],[8.6233,51.7655],[8.6121,51.7652],[8.6018,51.764],[8.5923,51.7608],[8.583,51.7564],[8.5713,51.7525],[8.5544,51.7487],[8.5413,51.748],[8.5274,51.7443],[8.5153,51.7398],[8.5046,51.735]]}},{"type":"Feature","properties":{"r":4,"n":"Nördlicher Sielgraben"},"geometry":{"type":"LineString","coordinates":[[9.1734,53.8544],[9.1574,53.8541],[9.1433,53.8539],[9.1325,53.8532],[9.1211,53.8535],[9.1046,53.8534],[9.0933,53.8524],[9.0818,53.8508],[9.0695,53.8483],[9.0587,53.8477],[9.0473,53.8421],[9.0379,53.8349]]}},{"type":"Feature","properties":{"r":4,"n":"Pinnau"},"geometry":{"type":"LineString","coordinates":[[9.6701,53.6783],[9.6589,53.6767],[9.6484,53.6758],[9.6376,53.6755],[9.6275,53.6734],[9.6169,53.6734],[9.6065,53.6746],[9.5954,53.6741],[9.5849,53.673],[9.5739,53.6704],[9.5635,53.6697],[9.5516,53.6737]]}},{"type":"Feature","properties":{"r":4,"n":"Luhe"},"geometry":{"type":"LineString","coordinates":[[10.0304,53.0974],[10.0407,53.0983],[10.0505,53.1025],[10.0608,53.1046],[10.071,53.1067],[10.0804,53.1108],[10.0908,53.1117],[10.1008,53.1135],[10.1106,53.1169],[10.12,53.1215],[10.1298,53.1236],[10.1386,53.1311]]}},{"type":"Feature","properties":{"r":4,"n":"Aller"},"geometry":{"type":"LineString","coordinates":[[9.8227,52.6795],[9.8212,52.6693],[9.8098,52.6661],[9.7985,52.668],[9.7877,52.6689],[9.7764,52.67],[9.764,52.6707],[9.7532,52.6693],[9.7408,52.6692],[9.7312,52.6747],[9.7209,52.6773],[9.7106,52.6815]]}},{"type":"Feature","properties":{"r":4,"n":"Ruhr"},"geometry":{"type":"LineString","coordinates":[[7.2201,51.4125],[7.2099,51.4167],[7.1997,51.4188],[7.1895,51.4182],[7.1818,51.4106],[7.1731,51.4056],[7.1624,51.4047],[7.163,51.3947],[7.1526,51.3922],[7.1479,51.4011],[7.1465,51.4115],[7.1466,51.4216]]}},{"type":"Feature","properties":{"r":6,"n":"Omleidingskanaal"},"geometry":{"type":"LineString","coordinates":[[7.0271,52.3413],[7.0344,52.3486],[7.039,52.3575],[7.0387,52.3697],[7.0365,52.3798],[7.0303,52.3896],[7.0198,52.398],[7.0078,52.4021],[6.998,52.4042],[6.9892,52.4125],[6.9786,52.4137],[6.9682,52.4155]]}},{"type":"Feature","properties":{"r":4,"n":"Wümme - Nordarm"},"geometry":{"type":"LineString","coordinates":[[9.0844,53.1153],[9.0743,53.1162],[9.0641,53.12],[9.0538,53.1212],[9.0437,53.1228],[9.0337,53.123],[9.0236,53.1226],[9.0135,53.1218],[9.0035,53.1229],[8.9934,53.1245],[8.9833,53.1256],[8.9734,53.1232]]}},{"type":"Feature","properties":{"r":4,"n":"Heve"},"geometry":{"type":"LineString","coordinates":[[8.2407,51.4527],[8.2307,51.4513],[8.2208,51.4497],[8.2108,51.4508],[8.2009,51.4487],[8.1908,51.4481],[8.1808,51.4472],[8.1712,51.4504],[8.1609,51.4515],[8.1521,51.4568],[8.1425,51.4603],[8.133,51.4643]]}},{"type":"Feature","properties":{"r":6,"n":"Lemstervaart"},"geometry":{"type":"LineString","coordinates":[[5.7673,52.7077],[5.7678,52.7179],[5.7683,52.7308],[5.7677,52.7452],[5.7646,52.7575],[5.7613,52.7685],[5.7568,52.7836],[5.753,52.7931],[5.7484,52.8032],[5.74,52.8214],[5.7315,52.8306],[5.7214,52.8363]]}},{"type":"Feature","properties":{"r":4,"n":"Vareler Wattfahrwasser"},"geometry":{"type":"LineString","coordinates":[[8.198,53.4115],[8.2055,53.4188],[8.2133,53.4253],[8.221,53.432],[8.2246,53.4417],[8.2251,53.4522],[8.2248,53.465],[8.2077,53.4775],[8.1955,53.487],[8.184,53.4975],[8.181,53.5096],[8.1754,53.5264]]}},{"type":"Feature","properties":{"r":4,"n":"Graft"},"geometry":{"type":"LineString","coordinates":[[8.4272,52.5164],[8.4354,52.5224],[8.4445,52.5291],[8.4505,52.5376],[8.4551,52.5472],[8.4558,52.5572],[8.4516,52.5667],[8.449,52.5768],[8.4464,52.5866],[8.4365,52.5883],[8.4234,52.5923],[8.4128,52.5946]]}},{"type":"Feature","properties":{"r":4,"n":"Oste"},"geometry":{"type":"LineString","coordinates":[[9.1753,53.3385],[9.1662,53.3437],[9.1566,53.3466],[9.1515,53.3557],[9.143,53.3631],[9.136,53.3704],[9.1325,53.3799],[9.1283,53.389],[9.1281,53.399],[9.1276,53.409],[9.1185,53.4144],[9.1226,53.4236]]}},{"type":"Feature","properties":{"r":4,"n":"Weser"},"geometry":{"type":"LineString","coordinates":[[9.0719,52.4986],[9.0821,52.4962],[9.093,52.4963],[9.0867,52.5059],[9.0799,52.515],[9.0869,52.5229],[9.0992,52.5219],[9.1089,52.5246],[9.1059,52.5351],[9.1057,52.5454],[9.1119,52.5541],[9.1108,52.5642]]}},{"type":"Feature","properties":{"r":4,"n":"Eider"},"geometry":{"type":"LineString","coordinates":[[9.4042,54.2739],[9.3989,54.2833],[9.3888,54.2876],[9.3787,54.2878],[9.3704,54.2936],[9.3612,54.2884],[9.3548,54.2796],[9.3438,54.2803],[9.3336,54.2834],[9.3238,54.2804],[9.3133,54.2762],[9.3041,54.2715]]}},{"type":"Feature","properties":{"r":4,"n":"Veerse"},"geometry":{"type":"LineString","coordinates":[[9.6901,53.1089],[9.68,53.1098],[9.6698,53.1118],[9.6596,53.1117],[9.6478,53.1124],[9.6379,53.1139],[9.6276,53.1149],[9.6176,53.1142],[9.6071,53.1141],[9.5971,53.1177],[9.5869,53.1177],[9.5769,53.1186]]}},{"type":"Feature","properties":{"r":4,"n":"Overijsselsche Vecht"},"geometry":{"type":"LineString","coordinates":[[6.211,52.5186],[6.2011,52.5222],[6.1908,52.5198],[6.1792,52.5224],[6.166,52.5233],[6.1523,52.5245],[6.1443,52.5307],[6.1382,52.539],[6.1302,52.5458],[6.122,52.5517],[6.1119,52.5567],[6.1024,52.5602]]}},{"type":"Feature","properties":{"r":4,"n":"Hamel"},"geometry":{"type":"LineString","coordinates":[[9.4791,52.1635],[9.4728,52.1557],[9.4649,52.1493],[9.4592,52.1409],[9.4577,52.131],[9.448,52.1279],[9.4396,52.1221],[9.4306,52.1176],[9.4214,52.1135],[9.412,52.1099],[9.4021,52.1082],[9.3936,52.1028]]}},{"type":"Feature","properties":{"r":4,"n":"Söse"},"geometry":{"type":"LineString","coordinates":[[10.3076,51.7376],[10.2982,51.7333],[10.2895,51.7281],[10.2795,51.7263],[10.2688,51.7266],[10.2571,51.7274],[10.2461,51.7304],[10.2342,51.7327],[10.2218,51.7393],[10.2128,51.7446],[10.2112,51.7547],[10.2067,51.7638]]}},{"type":"Feature","properties":{"r":4,"n":"Ennepe"},"geometry":{"type":"LineString","coordinates":[[7.3464,51.3241],[7.3552,51.3289],[7.3652,51.3302],[7.3747,51.3334],[7.3842,51.3373],[7.3937,51.3407],[7.4043,51.3422],[7.4138,51.3456],[7.4234,51.3508],[7.4332,51.3529],[7.4438,51.3538],[7.4536,51.3566]]}},{"type":"Feature","properties":{"r":6,"n":"Van Starkenborghkanaal"},"geometry":{"type":"LineString","coordinates":[[6.3129,53.2491],[6.3361,53.2515],[6.3507,53.253],[6.3659,53.2542],[6.3788,53.2535],[6.3889,53.2527],[6.3997,53.2552],[6.4163,53.2576],[6.4381,53.2604],[6.4529,53.2611],[6.468,53.2605],[6.4826,53.26]]}},{"type":"Feature","properties":{"r":4,"n":"Brede Å"},"geometry":{"type":"LineString","coordinates":[[8.824,55.0637],[8.8098,55.0731],[8.7987,55.0772],[8.7895,55.0847],[8.7798,55.0906],[8.771,55.0958],[8.7621,55.1007],[8.7416,55.107],[8.7319,55.1125],[8.7196,55.1188],[8.7016,55.1282],[8.6914,55.1298]]}},{"type":"Feature","properties":{"r":4,"n":"Fladderkanal"},"geometry":{"type":"LineString","coordinates":[[8.1889,52.7181],[8.1733,52.7177],[8.1624,52.7186],[8.1493,52.7197],[8.1051,52.7168],[8.0947,52.7154],[8.0821,52.7135],[8.0697,52.7115],[8.0595,52.7111],[8.049,52.7111],[8.0388,52.709],[8.0281,52.7077]]}},{"type":"Feature","properties":{"r":6,"n":"Prinses Margrietkanaal"},"geometry":{"type":"LineString","coordinates":[[5.8493,53.0996],[5.857,53.1065],[5.8704,53.1122],[5.8788,53.1227],[5.8846,53.131],[5.8914,53.1384],[5.9012,53.1417],[5.9154,53.1474],[5.9247,53.1541],[5.9321,53.1613],[5.9356,53.1711],[5.9481,53.1777]]}},{"type":"Feature","properties":{"r":4,"n":"De Tsjonger of De Kuunder"},"geometry":{"type":"LineString","coordinates":[[6.0853,52.9368],[6.0436,52.9183],[6.0317,52.9209],[6.0043,52.9336],[5.9878,52.929],[5.9774,52.9272],[5.9669,52.9285],[5.957,52.927],[5.9487,52.9209],[5.9401,52.9138],[5.9324,52.9073],[5.9216,52.9027]]}},{"type":"Feature","properties":{"r":4,"n":"Emmer"},"geometry":{"type":"LineString","coordinates":[[9.1921,51.935],[9.2008,51.93],[9.2091,51.9359],[9.2189,51.9333],[9.229,51.9364],[9.2366,51.9432],[9.2415,51.9521],[9.2435,51.9619],[9.239,51.971],[9.2467,51.9782],[9.2571,51.9764],[9.2672,51.9753]]}},{"type":"Feature","properties":{"r":4,"n":"Grenzaa"},"geometry":{"type":"LineString","coordinates":[[6.8862,52.651],[6.8762,52.6519],[6.8662,52.6505],[6.8555,52.6496],[6.8455,52.65],[6.8355,52.6518],[6.8257,52.6486],[6.8157,52.6487],[6.8059,52.6511],[6.7946,52.6507],[6.7847,52.6525],[6.7744,52.6503]]}},{"type":"Feature","properties":{"r":4,"n":"Vechtaer Moorbach"},"geometry":{"type":"LineString","coordinates":[[8.3409,52.7382],[8.3398,52.728],[8.3314,52.7219],[8.3216,52.7191],[8.3116,52.7188],[8.3038,52.7252],[8.2936,52.7259],[8.2831,52.7246],[8.2728,52.7209],[8.262,52.72],[8.2517,52.7196],[8.2414,52.7208]]}},{"type":"Feature","properties":{"r":6,"n":"Fehntjer Tief"},"geometry":{"type":"LineString","coordinates":[[7.2276,53.3588],[7.2385,53.3595],[7.249,53.3605],[7.2595,53.3624],[7.2715,53.3613],[7.2794,53.3551],[7.2897,53.3521],[7.3014,53.3499],[7.3129,53.3495],[7.3229,53.3502],[7.3334,53.3499],[7.3443,53.3471]]}},{"type":"Feature","properties":{"r":4,"n":"Sønderå"},"geometry":{"type":"LineString","coordinates":[[9.265,54.907],[9.255,54.9051],[9.245,54.9037],[9.2352,54.9007],[9.2252,54.903],[9.2152,54.9015],[9.2036,54.9008],[9.1941,54.9043],[9.1836,54.9047],[9.1735,54.9056],[9.1636,54.9034],[9.1531,54.9051]]}},{"type":"Feature","properties":{"r":4,"n":"Rhein"},"geometry":{"type":"LineString","coordinates":[[6.7386,51.3891],[6.7455,51.4001],[6.743,51.4112],[6.7355,51.4184],[6.7244,51.4259],[6.7154,51.4317],[6.7119,51.443],[6.7192,51.4508],[6.7238,51.4599],[6.716,51.4685],[6.7048,51.4709],[6.6908,51.4724]]}},{"type":"Feature","properties":{"r":4,"n":"Rhein"},"geometry":{"type":"LineString","coordinates":[[6.3192,51.7922],[6.3066,51.8037],[6.2936,51.8095],[6.2822,51.8131],[6.2699,51.8196],[6.2583,51.825],[6.2443,51.8279],[6.2297,51.8291],[6.2152,51.8291],[6.2032,51.8295],[6.1912,51.8313],[6.1749,51.8377]]}},{"type":"Feature","properties":{"r":4,"n":"Rhein"},"geometry":{"type":"LineString","coordinates":[[6.7248,51.5059],[6.7176,51.5166],[6.7067,51.5223],[6.6932,51.5262],[6.6817,51.5317],[6.6758,51.54],[6.68,51.551],[6.6861,51.5599],[6.6857,51.5703],[6.6704,51.5771],[6.6568,51.578],[6.6438,51.5754]]}},{"type":"Feature","properties":{"r":6,"n":"Finowkanal"},"geometry":{"type":"LineString","coordinates":[[13.3943,52.8647],[13.4096,52.8651],[13.4213,52.8644],[13.433,52.8607],[13.447,52.8605],[13.4573,52.8598],[13.47,52.86],[13.4846,52.8577],[13.4948,52.8579],[13.5059,52.8568],[13.5219,52.8537],[13.5334,52.8495]]}},{"type":"Feature","properties":{"r":4,"n":"Elbe"},"geometry":{"type":"LineString","coordinates":[[12.6918,51.8555],[12.6812,51.8584],[12.6718,51.8623],[12.6611,51.8611],[12.6512,51.8574],[12.6402,51.8576],[12.6291,51.8595],[12.6169,51.8621],[12.6065,51.862],[12.5975,51.8565],[12.5873,51.8561],[12.582,51.8652]]}},{"type":"Feature","properties":{"r":4,"n":"Dosse"},"geometry":{"type":"LineString","coordinates":[[12.3253,53.3213],[12.3357,53.3171],[12.348,53.3139],[12.3603,53.3078],[12.3708,53.3061],[12.3811,53.3024],[12.3928,53.3023],[12.396,53.292],[12.3982,53.2804],[12.4083,53.2798],[12.4181,53.2768],[12.4286,53.2744]]}},{"type":"Feature","properties":{"r":4,"n":"Luppe"},"geometry":{"type":"LineString","coordinates":[[12.1762,51.3681],[12.1657,51.3693],[12.1556,51.3675],[12.1459,51.3647],[12.1358,51.3641],[12.1259,51.3626],[12.1158,51.3611],[12.1058,51.3635],[12.0954,51.3643],[12.0852,51.3638],[12.0755,51.3612],[12.0652,51.3608]]}},{"type":"Feature","properties":{"r":4,"n":"Grzybnica"},"geometry":{"type":"LineString","coordinates":[[14.6997,53.7844],[14.6915,53.7902],[14.6865,53.799],[14.6923,53.8072],[14.6989,53.8307],[14.707,53.8394],[14.713,53.8558],[14.7204,53.8633],[14.7257,53.8723],[14.7344,53.8773],[14.7408,53.8851],[14.7418,53.8952]]}},{"type":"Feature","properties":{"r":4,"n":"Eine"},"geometry":{"type":"LineString","coordinates":[[11.3477,51.6382],[11.3512,51.6476],[11.3552,51.6568],[11.3656,51.6593],[11.3756,51.6597],[11.3851,51.6638],[11.3827,51.6736],[11.3905,51.6806],[11.3997,51.6846],[11.409,51.6895],[11.4178,51.6944],[11.4207,51.7043]]}},{"type":"Feature","properties":{"r":4,"n":"Elbe"},"geometry":{"type":"LineString","coordinates":[[11.6811,53.0062],[11.67,53.0102],[11.6571,53.0077],[11.6475,53.0048],[11.6365,53.0061],[11.626,53.0119],[11.6277,53.0233],[11.6367,53.0292],[11.6402,53.0389],[11.6275,53.0421],[11.6175,53.0417],[11.6058,53.0386]]}},{"type":"Feature","properties":{"r":4,"n":"Bode"},"geometry":{"type":"LineString","coordinates":[[11.2292,51.8731],[11.2194,51.8751],[11.2109,51.881],[11.2012,51.8835],[11.1914,51.8862],[11.1824,51.891],[11.1823,51.9011],[11.1755,51.9085],[11.1834,51.9149],[11.1871,51.9242],[11.1966,51.9275],[11.2056,51.9324]]}},{"type":"Feature","properties":{"r":4,"n":"Alte Elde"},"geometry":{"type":"LineString","coordinates":[[11.4508,53.193],[11.4556,53.1842],[11.4485,53.1766],[11.445,53.1672],[11.4404,53.1581],[11.4336,53.1505],[11.4252,53.1448],[11.4164,53.1389],[11.4221,53.1304],[11.4324,53.1253],[11.4301,53.1148],[11.4201,53.1106]]}},{"type":"Feature","properties":{"r":4,"n":"Jäglitz"},"geometry":{"type":"LineString","coordinates":[[12.4024,52.9712],[12.407,52.9606],[12.41,52.9508],[12.4024,52.9437],[12.4064,52.9341],[12.4069,52.924],[12.413,52.9137],[12.4149,52.9008],[12.4083,52.8926],[12.401,52.8835],[12.403,52.8736],[12.3926,52.8705]]}},{"type":"Feature","properties":{"r":4,"n":"Wipper"},"geometry":{"type":"LineString","coordinates":[[10.9206,51.3551],[10.9404,51.3496],[10.9515,51.3488],[10.9615,51.353],[10.9705,51.3485],[10.9795,51.3434],[10.9894,51.3412],[10.9995,51.3418],[11.0096,51.3472],[11.0113,51.3373],[11.0215,51.3376],[11.03,51.3323]]}},{"type":"Feature","properties":{"r":6,"n":"Störkanal"},"geometry":{"type":"LineString","coordinates":[[11.5212,53.5231],[11.5299,53.5174],[11.5415,53.5099],[11.5517,53.5032],[11.5618,53.4966],[11.572,53.4899],[11.5821,53.4832],[11.5914,53.4773],[11.6029,53.4702],[11.6151,53.4656],[11.6283,53.4639],[11.6398,53.4624]]}},{"type":"Feature","properties":{"r":4,"n":"Kwisa"},"geometry":{"type":"LineString","coordinates":[[15.3806,51.4751],[15.3714,51.4798],[15.3709,51.4898],[15.3697,51.4999],[15.3739,51.5093],[15.3787,51.5183],[15.3764,51.5281],[15.3826,51.5362],[15.3888,51.5447],[15.3945,51.5532],[15.396,51.5634],[15.3897,51.5718]]}},{"type":"Feature","properties":{"r":6,"n":"Elbe-Seitenkanal"},"geometry":{"type":"LineString","coordinates":[[10.6654,52.563],[10.6723,52.5711],[10.6769,52.5802],[10.6784,52.591],[10.6803,52.6057],[10.679,52.6157],[10.6729,52.6237],[10.664,52.6298],[10.6548,52.6356],[10.6473,52.6441],[10.6468,52.655],[10.6496,52.6655]]}},{"type":"Feature","properties":{"r":4,"n":"Spree"},"geometry":{"type":"LineString","coordinates":[[14.4723,51.2159],[14.48,51.2232],[14.4869,51.2307],[14.4948,51.2374],[14.5004,51.2463],[14.5091,51.2534],[14.5178,51.2586],[14.5273,51.2621],[14.5337,51.2698],[14.5439,51.2732],[14.5542,51.2747],[14.5636,51.2786]]}},{"type":"Feature","properties":{"r":4,"n":"Unstrut"},"geometry":{"type":"LineString","coordinates":[[11.3463,51.3288],[11.3561,51.325],[11.3666,51.3208],[11.3763,51.3181],[11.3838,51.3113],[11.3924,51.3061],[11.4017,51.3024],[11.4114,51.2996],[11.4203,51.295],[11.4296,51.2908],[11.4397,51.2876],[11.449,51.2818]]}},{"type":"Feature","properties":{"r":4,"n":"Słubia"},"geometry":{"type":"LineString","coordinates":[[14.3641,52.851],[14.3539,52.849],[14.3453,52.8431],[14.3364,52.8381],[14.3265,52.8337],[14.3227,52.8242],[14.3185,52.8151],[14.3153,52.8056],[14.3082,52.7983],[14.3026,52.7896],[14.294,52.7843],[14.284,52.7834]]}},{"type":"Feature","properties":{"r":4,"n":"Stara Świna"},"geometry":{"type":"LineString","coordinates":[[14.4161,53.8643],[14.4028,53.8623],[14.391,53.8589],[14.3783,53.8555],[14.3649,53.8558],[14.3529,53.8629],[14.3434,53.8713],[14.3311,53.8717],[14.3167,53.87],[14.3056,53.8658],[14.295,53.8582],[14.2849,53.8594]]}},{"type":"Feature","properties":{"r":4,"n":"Mühlgraben"},"geometry":{"type":"LineString","coordinates":[[11.426,51.9637],[11.4169,51.959],[11.422,51.9501],[11.4297,51.9437],[11.4398,51.9413],[11.448,51.9353],[11.4598,51.9358],[11.4697,51.9338],[11.4841,51.9337],[11.4942,51.9324],[11.5044,51.9317],[11.5145,51.9308]]}},{"type":"Feature","properties":{"r":4,"n":"Postomia"},"geometry":{"type":"LineString","coordinates":[[15.0066,52.5893],[14.9929,52.5889],[14.9796,52.5877],[14.964,52.5862],[14.9473,52.5842],[14.9369,52.5819],[14.9267,52.5756],[14.9171,52.5713],[14.9068,52.57],[14.8965,52.5688],[14.8867,52.5658],[14.8766,52.5653]]}},{"type":"Feature","properties":{"r":4,"n":"Pęzinka"},"geometry":{"type":"LineString","coordinates":[[15.3997,53.3385],[15.3902,53.3352],[15.3804,53.3377],[15.3705,53.336],[15.3616,53.3314],[15.3517,53.3291],[15.3421,53.3321],[15.3321,53.3307],[15.3219,53.3326],[15.3098,53.3326],[15.2997,53.3339],[15.2865,53.3374]]}},{"type":"Feature","properties":{"r":4,"n":"Welse"},"geometry":{"type":"LineString","coordinates":[[14.0272,53.1011],[14.0333,53.1097],[14.0426,53.1152],[14.0518,53.1203],[14.0615,53.1228],[14.0733,53.126],[14.0825,53.1311],[14.092,53.1352],[14.0988,53.1435],[14.1072,53.1499],[14.114,53.1577],[14.1237,53.1609]]}},{"type":"Feature","properties":{"r":6,"n":"Müritz-Elde-Wasserstraße"},"geometry":{"type":"LineString","coordinates":[[12.1864,53.4688],[12.1762,53.4659],[12.1666,53.4703],[12.1625,53.4797],[12.1523,53.4818],[12.1431,53.4883],[12.1306,53.4912],[12.1204,53.4904],[12.11,53.4872],[12.0996,53.4881],[12.0888,53.4894],[12.0788,53.4934]]}},{"type":"Feature","properties":{"r":4,"n":"Biese"},"geometry":{"type":"LineString","coordinates":[[11.5601,52.7631],[11.5683,52.7696],[11.5786,52.7713],[11.5883,52.774],[11.5982,52.777],[11.6082,52.7785],[11.6162,52.7847],[11.6257,52.788],[11.6359,52.7874],[11.6461,52.7889],[11.6565,52.7907],[11.6678,52.7907]]}},{"type":"Feature","properties":{"r":4,"n":"Lausitzer Neiße / Nysa Łużycka"},"geometry":{"type":"LineString","coordinates":[[14.7528,51.6672],[14.7474,51.6757],[14.7377,51.6785],[14.7363,51.6886],[14.724,51.6908],[14.714,51.6974],[14.7052,51.7023],[14.6958,51.7068],[14.6872,51.7124],[14.6793,51.719],[14.6708,51.7249],[14.6641,51.7328]]}},{"type":"Feature","properties":{"r":4,"n":"Schwarze Elster"},"geometry":{"type":"LineString","coordinates":[[13.5081,51.4528],[13.4908,51.4591],[13.48,51.4615],[13.4663,51.475],[13.4408,51.4827],[13.4277,51.4906],[13.4194,51.4978],[13.4137,51.5066],[13.4059,51.515],[13.3965,51.5186],[13.3865,51.5238],[13.381,51.5324]]}},{"type":"Feature","properties":{"r":4,"n":"Oker"},"geometry":{"type":"LineString","coordinates":[[10.5031,51.9357],[10.5146,51.9404],[10.5259,51.948],[10.5351,51.9521],[10.5439,51.9571],[10.5537,51.9602],[10.5639,51.9591],[10.5741,51.9578],[10.5803,51.9659],[10.5849,51.9748],[10.5856,51.9848],[10.5772,51.9906]]}},{"type":"Feature","properties":{"r":4,"n":"Elbe"},"geometry":{"type":"LineString","coordinates":[[12.8743,51.6652],[12.863,51.6642],[12.8529,51.6671],[12.8444,51.6724],[12.8422,51.683],[12.8489,51.6912],[12.8447,51.7007],[12.8415,51.7109],[12.8289,51.715],[12.8187,51.7178],[12.8087,51.7215],[12.8027,51.7305]]}},{"type":"Feature","properties":{"r":4,"n":"Großer Graben"},"geometry":{"type":"LineString","coordinates":[[11.0989,52.0324],[11.1094,52.0309],[11.121,52.0306],[11.1312,52.0319],[11.1422,52.03],[11.1522,52.0276],[11.1626,52.026],[11.1724,52.0239],[11.184,52.0216],[11.2039,52.0224],[11.2144,52.0233],[11.2244,52.0235]]}},{"type":"Feature","properties":{"r":4,"n":"Vilskanal"},"geometry":{"type":"LineString","coordinates":[[12.6935,48.606],[12.7031,48.6092],[12.7138,48.6139],[12.7249,48.617],[12.7345,48.6201],[12.7445,48.6242],[12.7549,48.6244],[12.7652,48.6289],[12.7755,48.6309],[12.7855,48.6315],[12.7952,48.634]]}},{"type":"Feature","properties":{"r":4,"n":"Bobritzsch"},"geometry":{"type":"LineString","coordinates":[[13.4431,50.8856],[13.4398,50.8952],[13.4357,50.9048],[13.4308,50.9136],[13.4303,50.9236],[13.4363,50.9317],[13.427,50.9354],[13.4169,50.9366],[13.4082,50.9416],[13.4035,50.9507],[13.3958,50.9575]]}},{"type":"Feature","properties":{"r":4,"n":"Obersulzbach"},"geometry":{"type":"LineString","coordinates":[[12.2719,47.1481],[12.2701,47.158],[12.2678,47.1678],[12.2619,47.1759],[12.2585,47.1856],[12.2608,47.1959],[12.2549,47.2041],[12.2479,47.2117],[12.246,47.2216],[12.2464,47.2316],[12.2506,47.2411]]}},{"type":"Feature","properties":{"r":4,"n":"Vltava"},"geometry":{"type":"LineString","coordinates":[[14.4016,49.9956],[14.4001,50.0064],[14.3963,50.0161],[14.3978,50.0271],[14.4045,50.0355],[14.4125,50.0497],[14.4156,50.0625],[14.4119,50.0736],[14.4108,50.085],[14.4177,50.0933],[14.4285,50.0943]]}},{"type":"Feature","properties":{"r":4,"n":"Ischl"},"geometry":{"type":"LineString","coordinates":[[13.4856,47.7222],[13.4961,47.7229],[13.5064,47.7212],[13.5169,47.7189],[13.527,47.7167],[13.5382,47.7158],[13.5483,47.7139],[13.5593,47.7125],[13.5693,47.7146],[13.5792,47.7166],[13.5892,47.7171]]}},{"type":"Feature","properties":{"r":4,"n":"Thörlbach"},"geometry":{"type":"LineString","coordinates":[[15.2199,47.5174],[15.2273,47.5105],[15.2324,47.5018],[15.2375,47.4928],[15.2417,47.4836],[15.252,47.478],[15.2551,47.4684],[15.2559,47.4583],[15.2647,47.4532],[15.2742,47.4475],[15.2828,47.4421]]}},{"type":"Feature","properties":{"r":6,"n":"Alzkanal"},"geometry":{"type":"LineString","coordinates":[[12.7417,48.1742],[12.7536,48.1785],[12.7643,48.1813],[12.7751,48.1842],[12.7858,48.1851],[12.7958,48.1862],[12.8066,48.1912],[12.8182,48.1899],[12.8296,48.1858],[12.8403,48.1843],[12.8503,48.1838]]}},{"type":"Feature","properties":{"r":4,"n":"Kirnitzsch"},"geometry":{"type":"LineString","coordinates":[[14.3108,50.9167],[14.3033,50.9236],[14.293,50.9252],[14.2827,50.9243],[14.2731,50.9276],[14.2667,50.9355],[14.2563,50.9339],[14.2478,50.9284],[14.2378,50.9264],[14.2277,50.9258],[14.2175,50.9263]]}},{"type":"Feature","properties":{"r":4,"n":"Mühlbach"},"geometry":{"type":"LineString","coordinates":[[14.6308,48.1949],[14.6395,48.1892],[14.6471,48.1824],[14.6574,48.1793],[14.6675,48.1793],[14.6731,48.1706],[14.6833,48.1696],[14.6932,48.1716],[14.7024,48.1764],[14.7123,48.1795],[14.7237,48.1817]]}},{"type":"Feature","properties":{"r":4,"n":"Welser Mühlbach"},"geometry":{"type":"LineString","coordinates":[[14.0122,48.1527],[14.0218,48.1558],[14.0311,48.1602],[14.0408,48.1636],[14.0511,48.1645],[14.0609,48.1669],[14.0694,48.1722],[14.0786,48.1782],[14.0881,48.1815],[14.0984,48.1807],[14.1079,48.186]]}},{"type":"Feature","properties":{"r":4,"n":"Schwarze Laber"},"geometry":{"type":"LineString","coordinates":[[11.6267,49.2379],[11.6342,49.2311],[11.6393,49.2224],[11.6381,49.2124],[11.6461,49.2063],[11.6535,49.1987],[11.6637,49.1978],[11.6715,49.1912],[11.6781,49.1835],[11.6864,49.1776],[11.6944,49.1714]]}},{"type":"Feature","properties":{"r":4,"n":"Aschach"},"geometry":{"type":"LineString","coordinates":[[13.9988,48.3504],[14.0051,48.3422],[14.0151,48.3395],[14.0237,48.3342],[14.032,48.3276],[14.0439,48.3245],[14.0543,48.3226],[14.0632,48.3178],[14.0729,48.3122],[14.0829,48.3103],[14.0929,48.3072]]}},{"type":"Feature","properties":{"r":4,"n":"Untersulzbach"},"geometry":{"type":"LineString","coordinates":[[12.3264,47.1571],[12.3192,47.1641],[12.3128,47.1734],[12.3059,47.1812],[12.2994,47.1889],[12.2926,47.1964],[12.2864,47.2044],[12.2801,47.2126],[12.2742,47.2209],[12.2683,47.2293],[12.2624,47.2375]]}},{"type":"Feature","properties":{"r":4,"n":"Eger"},"geometry":{"type":"LineString","coordinates":[[12.1038,50.1348],[12.114,50.1315],[12.1236,50.1278],[12.1335,50.1256],[12.1441,50.1263],[12.1549,50.1241],[12.1632,50.1171],[12.1726,50.1135],[12.1825,50.1104],[12.1927,50.109],[12.2027,50.1079]]}},{"type":"Feature","properties":{"r":4,"n":"Ach"},"geometry":{"type":"LineString","coordinates":[[11.1585,47.7008],[11.1516,47.7087],[11.1445,47.7158],[11.1358,47.7208],[11.1322,47.7302],[11.1248,47.7372],[11.1161,47.7427],[11.1127,47.7523],[11.1167,47.7616],[11.1172,47.772],[11.1092,47.7782]]}},{"type":"Feature","properties":{"r":4,"n":"Mitternacher Ohe"},"geometry":{"type":"LineString","coordinates":[[13.2805,48.8732],[13.2883,48.8666],[13.2981,48.8646],[13.3065,48.8589],[13.3091,48.849],[13.3154,48.8412],[13.3172,48.8313],[13.3283,48.8303],[13.338,48.8277],[13.3451,48.8204],[13.3548,48.823]]}},{"type":"Feature","properties":{"r":6,"n":"Innwerkkanal"},"geometry":{"type":"LineString","coordinates":[[12.4728,48.2456],[12.4832,48.248],[12.493,48.2509],[12.5047,48.2506],[12.5147,48.2513],[12.526,48.2517],[12.536,48.2493],[12.5486,48.2506],[12.562,48.2528],[12.572,48.2544],[12.5828,48.2517]]}},{"type":"Feature","properties":{"r":4,"n":"Schmutter"},"geometry":{"type":"LineString","coordinates":[[10.6547,48.289],[10.6614,48.2966],[10.67,48.3022],[10.6779,48.3085],[10.6862,48.3141],[10.6963,48.3141],[10.7064,48.3148],[10.7148,48.3203],[10.723,48.3261],[10.7224,48.3361],[10.7324,48.3379]]}},{"type":"Feature","properties":{"r":4,"n":"Schwarzach"},"geometry":{"type":"LineString","coordinates":[[12.2561,49.4149],[12.2461,49.4151],[12.2357,49.4144],[12.23,49.4059],[12.22,49.4063],[12.2101,49.4044],[12.2015,49.3991],[12.1918,49.3959],[12.1819,49.3939],[12.1718,49.395],[12.1611,49.3929]]}},{"type":"Feature","properties":{"r":4,"n":"Enns"},"geometry":{"type":"LineString","coordinates":[[14.4776,47.5825],[14.487,47.5879],[14.4972,47.5884],[14.5071,47.592],[14.5171,47.5929],[14.5265,47.5893],[14.5367,47.588],[14.5446,47.5818],[14.5547,47.5802],[14.5647,47.5813],[14.5747,47.5803]]}},{"type":"Feature","properties":{"r":4,"n":"Apfelstädt"},"geometry":{"type":"LineString","coordinates":[[10.6262,50.8104],[10.6343,50.8167],[10.6425,50.8231],[10.6519,50.8273],[10.6615,50.8308],[10.6719,50.8316],[10.6817,50.8342],[10.6894,50.8408],[10.699,50.8441],[10.706,50.8518],[10.7153,50.8562]]}},{"type":"Feature","properties":{"r":4,"n":"Vils"},"geometry":{"type":"LineString","coordinates":[[12.4575,48.5207],[12.4663,48.5261],[12.476,48.5288],[12.484,48.5359],[12.4942,48.5358],[12.5034,48.5401],[12.5123,48.5451],[12.5204,48.5511],[12.5302,48.5491],[12.5403,48.5503],[12.5498,48.5536]]}},{"type":"Feature","properties":{"r":4,"n":"Kwisa"},"geometry":{"type":"LineString","coordinates":[[15.3506,50.9016],[15.3439,50.9092],[15.3445,50.9192],[15.3523,50.9255],[15.3569,50.9345],[15.3607,50.9439],[15.3685,50.9504],[15.3749,50.9582],[15.3824,50.9652],[15.3894,50.9724],[15.3875,50.9823]]}},{"type":"Feature","properties":{"r":4,"n":"Mur"},"geometry":{"type":"LineString","coordinates":[[15.0214,47.3338],[15.0317,47.3344],[15.0403,47.3405],[15.0525,47.3407],[15.0524,47.3517],[15.0607,47.3582],[15.071,47.3596],[15.081,47.3577],[15.0911,47.3572],[15.0963,47.366],[15.0942,47.3765]]}},{"type":"Feature","properties":{"r":4,"n":"Lonka"},"geometry":{"type":"LineString","coordinates":[[13.6649,47.2083],[13.672,47.2012],[13.6796,47.1945],[13.6872,47.1879],[13.6968,47.1849],[13.7036,47.1775],[13.7107,47.1704],[13.7142,47.161],[13.7217,47.1543],[13.7305,47.1491],[13.7385,47.1428]]}},{"type":"Feature","properties":{"r":4,"n":"Antiesen"},"geometry":{"type":"LineString","coordinates":[[13.4602,48.2453],[13.4545,48.2537],[13.4549,48.2637],[13.4503,48.2731],[13.4477,48.2831],[13.4428,48.292],[13.4347,48.2981],[13.429,48.3064],[13.4303,48.3166],[13.4273,48.3264],[13.4173,48.327]]}},{"type":"Feature","properties":{"r":4,"n":"Berounka"},"geometry":{"type":"LineString","coordinates":[[13.4188,49.765],[13.416,49.7751],[13.4227,49.7839],[13.4331,49.7864],[13.4282,49.7776],[13.4382,49.7743],[13.446,49.7811],[13.4551,49.787],[13.4595,49.796],[13.4693,49.7987],[13.4792,49.8005]]}},{"type":"Feature","properties":{"r":4,"n":"Blanice"},"geometry":{"type":"LineString","coordinates":[[14.0263,48.8734],[14.0161,48.8735],[14.0058,48.8743],[13.9959,48.8761],[13.9911,48.8851],[13.9915,48.8953],[13.9827,48.9005],[13.9785,48.9097],[13.9765,48.9201],[13.9698,48.9277],[13.9595,48.931]]}},{"type":"Feature","properties":{"r":4,"n":"Mur"},"geometry":{"type":"LineString","coordinates":[[15.1324,47.3928],[15.1427,47.3954],[15.1521,47.3992],[15.1627,47.4001],[15.1731,47.4029],[15.184,47.4021],[15.1953,47.4065],[15.2039,47.4128],[15.2131,47.4081],[15.2232,47.4053],[15.2323,47.4007]]}},{"type":"Feature","properties":{"r":4,"n":"Wörnitz"},"geometry":{"type":"LineString","coordinates":[[10.616,48.9374],[10.6094,48.9296],[10.6056,48.9198],[10.6084,48.9098],[10.6154,48.9025],[10.618,48.8928],[10.6193,48.8828],[10.6233,48.8735],[10.6281,48.8646],[10.6326,48.8555],[10.6383,48.847]]}},{"type":"Feature","properties":{"r":4,"n":"Sebnitz"},"geometry":{"type":"LineString","coordinates":[[14.233,50.9662],[14.223,50.9639],[14.2169,50.9554],[14.2104,50.9477],[14.2002,50.9461],[14.1897,50.9454],[14.1798,50.9472],[14.1711,50.942],[14.1601,50.9405],[14.15,50.9395],[14.1411,50.9443]]}},{"type":"Feature","properties":{"r":4,"n":"Steinberger Ache"},"geometry":{"type":"LineString","coordinates":[[11.8071,47.493],[11.8025,47.5019],[11.8103,47.5082],[11.8169,47.5158],[11.8273,47.5182],[11.8374,47.5179],[11.8473,47.5201],[11.8571,47.5223],[11.8669,47.5245],[11.877,47.5244],[11.8868,47.5224]]}},{"type":"Feature","properties":{"r":4,"n":"Roda"},"geometry":{"type":"LineString","coordinates":[[11.729,50.8389],[11.7252,50.8482],[11.727,50.8583],[11.7218,50.867],[11.7114,50.8685],[11.7016,50.8665],[11.6917,50.8691],[11.6815,50.87],[11.6713,50.8701],[11.6617,50.8669],[11.6526,50.8714]]}},{"type":"Feature","properties":{"r":4,"n":"Labe"},"geometry":{"type":"LineString","coordinates":[[14.9373,50.171],[14.9264,50.1706],[14.9179,50.1653],[14.9075,50.1675],[14.8969,50.1726],[14.8859,50.1702],[14.8744,50.1722],[14.8639,50.1725],[14.8541,50.178],[14.8414,50.1809],[14.83,50.1786]]}},{"type":"Feature","properties":{"r":4,"n":"Naab"},"geometry":{"type":"LineString","coordinates":[[11.9589,49.0704],[11.9575,49.0604],[11.9637,49.0522],[11.9697,49.043],[11.9798,49.0436],[11.9907,49.0436],[11.9882,49.033],[11.993,49.0237],[12.0048,49.0209],[12.018,49.0161],[12.0288,49.0158]]}},{"type":"Feature","properties":{"r":4,"n":"Bretsteinbach"},"geometry":{"type":"LineString","coordinates":[[14.3693,47.3597],[14.3789,47.3557],[14.3878,47.3509],[14.3972,47.3465],[14.4057,47.341],[14.4142,47.3349],[14.4238,47.3292],[14.4314,47.3213],[14.44,47.3161],[14.4489,47.3107],[14.4567,47.3043]]}},{"type":"Feature","properties":{"r":4,"n":"Langer Grund Ache"},"geometry":{"type":"LineString","coordinates":[[12.0324,47.2901],[12.0392,47.2978],[12.0468,47.3044],[12.0549,47.3103],[12.0626,47.3167],[12.0717,47.3211],[12.0789,47.3282],[12.0845,47.3368],[12.0913,47.3442],[12.0992,47.3504],[12.1082,47.3551]]}},{"type":"Feature","properties":{"r":4,"n":"Leitzach"},"geometry":{"type":"LineString","coordinates":[[11.9089,47.7604],[11.9074,47.7706],[11.8977,47.7736],[11.8872,47.7754],[11.8774,47.7788],[11.8846,47.7858],[11.8839,47.796],[11.8891,47.8047],[11.8796,47.8086],[11.8764,47.8183],[11.8839,47.8251]]}},{"type":"Feature","properties":{"r":4,"n":"Klabava"},"geometry":{"type":"LineString","coordinates":[[13.5765,49.7474],[13.5665,49.748],[13.555,49.752],[13.5451,49.7505],[13.5352,49.7527],[13.5246,49.7537],[13.5141,49.755],[13.504,49.7551],[13.5061,49.7649],[13.5089,49.7746],[13.5145,49.7834]]}},{"type":"Feature","properties":{"r":4,"n":"Weida"},"geometry":{"type":"LineString","coordinates":[[12.0267,50.7287],[12.0367,50.7278],[12.0445,50.7342],[12.0542,50.7367],[12.0587,50.746],[12.0639,50.755],[12.0607,50.7647],[12.0635,50.7748],[12.073,50.779],[12.0732,50.789],[12.0833,50.7903]]}},{"type":"Feature","properties":{"r":4,"n":"Labe"},"geometry":{"type":"LineString","coordinates":[[14.4913,50.3061],[14.4922,50.3164],[14.4884,50.3263],[14.4916,50.3361],[14.4835,50.3426],[14.4744,50.3475],[14.4652,50.3548],[14.4576,50.3638],[14.4516,50.3725],[14.4562,50.3858],[14.4565,50.3962]]}},{"type":"Feature","properties":{"r":4,"n":"Traun"},"geometry":{"type":"LineString","coordinates":[[13.9715,48.1258],[13.9766,48.1353],[13.9868,48.1384],[13.997,48.1411],[14.0124,48.1458],[14.0214,48.1511],[14.0323,48.1551],[14.0515,48.157],[14.0632,48.1606],[14.0736,48.1643],[14.0828,48.1698]]}},{"type":"Feature","properties":{"r":4,"n":"Vils"},"geometry":{"type":"LineString","coordinates":[[12.5904,48.5698],[12.6,48.5729],[12.6102,48.5725],[12.6184,48.5786],[12.6273,48.5834],[12.6388,48.5867],[12.6481,48.5908],[12.6611,48.595],[12.6705,48.5992],[12.6799,48.6028],[12.6906,48.6051]]}},{"type":"Feature","properties":{"r":4,"n":"Donau"},"geometry":{"type":"LineString","coordinates":[[10.6751,48.6451],[10.6889,48.6482],[10.6995,48.6514],[10.7069,48.659],[10.7033,48.6694],[10.7116,48.6779],[10.7228,48.6825],[10.7323,48.686],[10.7419,48.6895],[10.7524,48.6905],[10.7612,48.6966]]}},{"type":"Feature","properties":{"r":4,"n":"Bílina"},"geometry":{"type":"LineString","coordinates":[[13.5345,50.5216],[13.5449,50.5283],[13.5549,50.5276],[13.5648,50.5302],[13.5751,50.5301],[13.5834,50.5358],[13.5903,50.5438],[13.5997,50.5486],[13.6101,50.5482],[13.6189,50.5408],[13.6269,50.5346]]}},{"type":"Feature","properties":{"r":4,"n":"Teplá Vltava"},"geometry":{"type":"LineString","coordinates":[[13.7571,48.954],[13.7646,48.9472],[13.7746,48.948],[13.7844,48.9451],[13.7927,48.9392],[13.7937,48.9292],[13.7896,48.9199],[13.7996,48.9194],[13.8095,48.9215],[13.8193,48.9188],[13.8236,48.9093]]}},{"type":"Feature","properties":{"r":4,"n":"Střela"},"geometry":{"type":"LineString","coordinates":[[13.3986,49.9252],[13.4069,49.9196],[13.4172,49.9205],[13.4241,49.9128],[13.4334,49.9167],[13.4438,49.9162],[13.4534,49.9126],[13.4619,49.9069],[13.4718,49.9095],[13.4818,49.9078],[13.4917,49.9109]]}},{"type":"Feature","properties":{"r":4,"n":"Radbuza"},"geometry":{"type":"LineString","coordinates":[[12.7819,49.5695],[12.792,49.5691],[12.8015,49.5725],[12.8111,49.5758],[12.8199,49.571],[12.8268,49.5637],[12.837,49.5662],[12.8457,49.5612],[12.8489,49.5517],[12.8566,49.5453],[12.8638,49.5382]]}},{"type":"Feature","properties":{"r":4,"n":"Norderelbe"},"geometry":{"type":"LineString","coordinates":[[10.0856,53.451],[10.0736,53.457],[10.0648,53.462],[10.062,53.4723],[10.0571,53.4816],[10.0507,53.4902],[10.0546,53.5032],[10.0597,53.5124],[10.0512,53.5218],[10.0413,53.5264],[10.0291,53.5308]]}},{"type":"Feature","properties":{"r":4,"n":"Leine"},"geometry":{"type":"LineString","coordinates":[[9.5818,52.4045],[9.5719,52.4028],[9.5617,52.4053],[9.5524,52.4096],[9.5434,52.4143],[9.5334,52.416],[9.5233,52.4185],[9.5136,52.4216],[9.5036,52.4236],[9.4939,52.4262],[9.4878,52.4344]]}},{"type":"Feature","properties":{"r":6,"n":"Dortmund-Ems-Kanal"},"geometry":{"type":"LineString","coordinates":[[7.5099,51.8558],[7.5198,51.8608],[7.5303,51.8635],[7.5493,51.8681],[7.562,51.8719],[7.5743,51.8785],[7.5856,51.8835],[7.5964,51.8877],[7.6065,51.8881],[7.6178,51.8902],[7.6316,51.8908]]}},{"type":"Feature","properties":{"r":6,"n":"Mittellandkanal"},"geometry":{"type":"LineString","coordinates":[[8.4469,52.3401],[8.4341,52.3383],[8.4219,52.3353],[8.4019,52.3301],[8.3879,52.3264],[8.3777,52.3247],[8.3637,52.3228],[8.3534,52.3224],[8.3414,52.3248],[8.3299,52.3313],[8.3186,52.3342]]}},{"type":"Feature","properties":{"r":4,"n":"Große Aue"},"geometry":{"type":"LineString","coordinates":[[8.5872,52.4195],[8.5858,52.4301],[8.5912,52.4389],[8.6018,52.446],[8.6099,52.4527],[8.6098,52.4634],[8.619,52.4739],[8.6231,52.4837],[8.6336,52.4882],[8.6447,52.4927],[8.6536,52.4977]]}},{"type":"Feature","properties":{"r":4,"n":"Neetze"},"geometry":{"type":"LineString","coordinates":[[10.4081,53.3528],[10.3994,53.3594],[10.3888,53.3635],[10.3788,53.3656],[10.3686,53.3679],[10.3586,53.3668],[10.3488,53.3696],[10.3389,53.3674],[10.3286,53.364],[10.3186,53.3641],[10.3081,53.3621]]}},{"type":"Feature","properties":{"r":4,"n":"Fuhse"},"geometry":{"type":"LineString","coordinates":[[10.1659,52.5023],[10.1718,52.5122],[10.1755,52.5216],[10.1778,52.5315],[10.1702,52.5382],[10.1632,52.5466],[10.1542,52.5516],[10.1442,52.5526],[10.1253,52.5609],[10.1156,52.5642],[10.1042,52.566]]}},{"type":"Feature","properties":{"r":4,"n":"Stever"},"geometry":{"type":"LineString","coordinates":[[7.4131,51.7092],[7.403,51.7091],[7.3926,51.71],[7.3862,51.7185],[7.3754,51.7193],[7.3656,51.7214],[7.3553,51.7222],[7.3451,51.72],[7.3381,51.7273],[7.3279,51.7288],[7.3212,51.7369]]}},{"type":"Feature","properties":{"r":4,"n":"Ems"},"geometry":{"type":"LineString","coordinates":[[8.3131,51.9098],[8.3035,51.9164],[8.2927,51.9202],[8.283,51.9249],[8.2749,51.9318],[8.2646,51.9327],[8.2545,51.9333],[8.243,51.9362],[8.2328,51.9395],[8.2218,51.9441],[8.212,51.947]]}},{"type":"Feature","properties":{"r":4,"n":"Berkel"},"geometry":{"type":"LineString","coordinates":[[7.1476,51.941],[7.1377,51.9377],[7.128,51.9352],[7.118,51.9366],[7.1108,51.9437],[7.1007,51.946],[7.0903,51.9465],[7.0805,51.9424],[7.0713,51.9382],[7.0615,51.9414],[7.0514,51.9421]]}},{"type":"Feature","properties":{"r":4,"n":"Wietze"},"geometry":{"type":"LineString","coordinates":[[9.7959,52.5572],[9.8008,52.5672],[9.8031,52.5774],[9.8086,52.5864],[9.8104,52.5968],[9.8088,52.6074],[9.8144,52.6171],[9.8357,52.631],[9.845,52.6353],[9.8548,52.6379],[9.8542,52.6479]]}},{"type":"Feature","properties":{"r":4,"n":"Veerse"},"geometry":{"type":"LineString","coordinates":[[9.5559,53.1255],[9.5475,53.1326],[9.539,53.1382],[9.5298,53.1431],[9.52,53.1451],[9.5095,53.145],[9.5001,53.1411],[9.49,53.1421],[9.4799,53.1445],[9.47,53.1465],[9.4604,53.1496]]}},{"type":"Feature","properties":{"r":4,"n":"Ruhr"},"geometry":{"type":"LineString","coordinates":[[7.709,51.4731],[7.6982,51.474],[7.6883,51.4716],[7.6761,51.4682],[7.6647,51.4661],[7.6544,51.4651],[7.6452,51.4577],[7.6359,51.4529],[7.6259,51.4508],[7.6158,51.4482],[7.6057,51.443]]}},{"type":"Feature","properties":{"r":4,"n":"Niers"},"geometry":{"type":"LineString","coordinates":[[6.0299,51.7121],[6.0279,51.7013],[6.0314,51.6917],[6.0188,51.6913],[6.011,51.6999],[6.0026,51.7057],[5.9926,51.7036],[5.9833,51.6994],[5.9718,51.7018],[5.9636,51.709],[5.9554,51.7154]]}},{"type":"Feature","properties":{"r":4,"n":"Hemelter Bach"},"geometry":{"type":"LineString","coordinates":[[7.5553,52.2674],[7.545,52.2701],[7.5336,52.2724],[7.5237,52.2752],[7.5138,52.2772],[7.5039,52.2814],[7.4939,52.2828],[7.4822,52.2821],[7.4721,52.2837],[7.4615,52.2833],[7.4517,52.2809]]}},{"type":"Feature","properties":{"r":6,"n":"Wischhafener Schleusenfleth"},"geometry":{"type":"LineString","coordinates":[[9.1989,53.7947],[9.2121,53.7946],[9.2224,53.7929],[9.2335,53.7925],[9.2484,53.792],[9.2621,53.7917],[9.2734,53.7904],[9.2835,53.7887],[9.2963,53.7843],[9.3069,53.7778],[9.317,53.7761]]}},{"type":"Feature","properties":{"r":4,"n":"Issel"},"geometry":{"type":"LineString","coordinates":[[6.637,51.6952],[6.6313,51.7035],[6.6211,51.7099],[6.6146,51.7176],[6.6106,51.7284],[6.6051,51.7368],[6.5994,51.7452],[6.5963,51.7548],[6.5921,51.7639],[6.582,51.7684],[6.5715,51.7695]]}},{"type":"Feature","properties":{"r":4,"n":"Pekel-Aa"},"geometry":{"type":"LineString","coordinates":[[7.026,53.1125],[7.0349,53.1185],[7.0442,53.1252],[7.0542,53.1314],[7.0636,53.1356],[7.074,53.1399],[7.0841,53.1433],[7.0945,53.1433],[7.1054,53.1439],[7.115,53.1475],[7.126,53.1515]]}},{"type":"Feature","properties":{"r":6,"n":"Grauwall-Kanal"},"geometry":{"type":"LineString","coordinates":[[8.6055,53.6995],[8.6038,53.6878],[8.5899,53.6713],[8.5835,53.6629],[8.5775,53.6537],[8.5704,53.6429],[8.5637,53.6321],[8.5619,53.6209],[8.5567,53.6122],[8.5468,53.6086],[8.539,53.6016]]}},{"type":"Feature","properties":{"r":6,"n":"Defensiekanaal"},"geometry":{"type":"LineString","coordinates":[[5.7561,51.6269],[5.7487,51.6341],[5.7441,51.6446],[5.741,51.6551],[5.7455,51.6641],[5.7528,51.6718],[5.7618,51.6778],[5.7726,51.6828],[5.7772,51.6917],[5.7705,51.7022],[5.7656,51.7116]]}},{"type":"Feature","properties":{"r":6,"n":"Helenavaart"},"geometry":{"type":"LineString","coordinates":[[5.911,51.3426],[5.8953,51.365],[5.9066,51.3712],[5.9181,51.3776],[5.9212,51.3874],[5.9181,51.3981],[5.9102,51.4056],[5.9024,51.4139],[5.8939,51.423],[5.8847,51.4379],[5.8777,51.4454]]}},{"type":"Feature","properties":{"r":4,"n":"Bekau"},"geometry":{"type":"LineString","coordinates":[[9.481,53.9893],[9.4715,53.9861],[9.4622,53.9818],[9.4539,53.9756],[9.4442,53.9716],[9.4363,53.9653],[9.4304,53.9569],[9.4236,53.9491],[9.4257,53.9391],[9.4308,53.9304],[9.4412,53.928]]}},{"type":"Feature","properties":{"r":4,"n":"Fuhse"},"geometry":{"type":"LineString","coordinates":[[10.2094,52.3351],[10.1977,52.341],[10.1889,52.346],[10.1796,52.3504],[10.1747,52.3603],[10.1745,52.3706],[10.1775,52.3807],[10.1778,52.3918],[10.1832,52.4009],[10.1913,52.4068],[10.1988,52.4149]]}},{"type":"Feature","properties":{"r":4,"n":"Ems"},"geometry":{"type":"LineString","coordinates":[[7.2925,52.5257],[7.2836,52.5314],[7.2735,52.5307],[7.2663,52.5377],[7.2667,52.548],[7.2768,52.5494],[7.2651,52.5529],[7.2739,52.558],[7.2642,52.5621],[7.2602,52.5713],[7.252,52.5772]]}},{"type":"Feature","properties":{"r":6,"n":"Meppelerdiep"},"geometry":{"type":"LineString","coordinates":[[6.1788,52.696],[6.1671,52.6925],[6.1573,52.6892],[6.1494,52.6825],[6.1389,52.678],[6.1281,52.6724],[6.1166,52.6676],[6.1049,52.6643],[6.0996,52.6556],[6.0902,52.6504],[6.0828,52.6431]]}},{"type":"Feature","properties":{"r":6,"n":"Hoendiep"},"geometry":{"type":"LineString","coordinates":[[6.4891,53.2122],[6.4789,53.2102],[6.469,53.208],[6.4572,53.2081],[6.4425,53.2097],[6.4315,53.211],[6.4131,53.2131],[6.405,53.2227],[6.3955,53.2342],[6.3889,53.2423],[6.3807,53.2512]]}},{"type":"Feature","properties":{"r":6,"n":"Bünne-Wehdeler-Grenzkanal"},"geometry":{"type":"LineString","coordinates":[[8.0735,52.6387],[8.0648,52.6448],[8.0557,52.6493],[8.0475,52.6551],[8.0409,52.664],[8.0343,52.6736],[8.0254,52.68],[8.0142,52.6849],[8.002,52.6874],[7.9912,52.6895],[7.977,52.6964]]}},{"type":"Feature","properties":{"r":4,"n":"Despe"},"geometry":{"type":"LineString","coordinates":[[9.8765,52.0685],[9.8677,52.0753],[9.8546,52.0806],[9.8446,52.0815],[9.8347,52.0832],[9.8258,52.0879],[9.8156,52.0904],[9.8055,52.0893],[9.7946,52.0895],[9.7843,52.0904],[9.7724,52.0895]]}},{"type":"Feature","properties":{"r":6,"n":"Frjentsjerter Feart"},"geometry":{"type":"LineString","coordinates":[[5.6711,53.1044],[5.6678,53.1148],[5.6628,53.1241],[5.6545,53.1312],[5.6463,53.1373],[5.6377,53.1436],[5.6288,53.1491],[5.6188,53.1532],[5.6108,53.1595],[5.6028,53.1664],[5.5959,53.1738]]}},{"type":"Feature","properties":{"r":6,"n":"Feinsumer Feart"},"geometry":{"type":"LineString","coordinates":[[5.735,53.2889],[5.74,53.2802],[5.7502,53.2802],[5.7613,53.2803],[5.771,53.2777],[5.7816,53.2775],[5.7927,53.2772],[5.8045,53.2769],[5.8145,53.2777],[5.8261,53.2757],[5.8375,53.2751]]}},{"type":"Feature","properties":{"r":4,"n":"Dokkumer Grutdjip"},"geometry":{"type":"LineString","coordinates":[[6.0355,53.3243],[6.0459,53.3238],[6.0559,53.3243],[6.0667,53.3236],[6.0772,53.324],[6.0875,53.3249],[6.0974,53.3231],[6.1103,53.3213],[6.1206,53.3206],[6.1385,53.3164],[6.151,53.3159]]}},{"type":"Feature","properties":{"r":4,"n":"Overijsselsche Vecht"},"geometry":{"type":"LineString","coordinates":[[6.3355,52.5213],[6.3191,52.5219],[6.3027,52.5192],[6.2937,52.5132],[6.2873,52.5054],[6.2755,52.5033],[6.2634,52.5036],[6.2504,52.5019],[6.2406,52.5074],[6.2307,52.5091],[6.2211,52.5141]]}},{"type":"Feature","properties":{"r":4,"n":"Fulda"},"geometry":{"type":"LineString","coordinates":[[9.5293,51.324],[9.5407,51.3226],[9.5491,51.3291],[9.5597,51.3283],[9.5697,51.3314],[9.566,51.3428],[9.5578,51.3504],[9.5509,51.3583],[9.5411,51.3609],[9.5314,51.364],[9.5418,51.3656]]}},{"type":"Feature","properties":{"r":4,"n":"Medem"},"geometry":{"type":"LineString","coordinates":[[8.9189,53.745],[8.9157,53.7547],[8.9138,53.7647],[8.9085,53.7732],[8.8995,53.7777],[8.8911,53.7835],[8.8994,53.7901],[8.9094,53.7927],[8.9002,53.7976],[8.8978,53.8076],[8.8922,53.816]]}},{"type":"Feature","properties":{"r":4,"n":"Weser"},"geometry":{"type":"LineString","coordinates":[[8.982,52.362],[8.9779,52.3744],[8.9713,52.3823],[8.9754,52.3916],[8.9855,52.3954],[8.9804,52.4059],[8.9795,52.4161],[8.9908,52.4199],[9.0035,52.4198],[9.0168,52.4179],[9.0276,52.422]]}},{"type":"Feature","properties":{"r":4,"n":"Oker"},"geometry":{"type":"LineString","coordinates":[[10.4535,52.3262],[10.4454,52.3326],[10.4415,52.342],[10.4327,52.3472],[10.4253,52.3541],[10.4187,52.3617],[10.4141,52.3716],[10.4091,52.3803],[10.4067,52.3903],[10.3989,52.3967],[10.406,52.4043]]}},{"type":"Feature","properties":{"r":6,"n":"Ems-Jade-Kanal"},"geometry":{"type":"LineString","coordinates":[[7.4519,53.4505],[7.4634,53.4585],[7.4721,53.464],[7.4819,53.4588],[7.4963,53.4544],[7.5077,53.4521],[7.5208,53.4491],[7.5319,53.4466],[7.5463,53.4456],[7.5603,53.4492],[7.5723,53.4525]]}},{"type":"Feature","properties":{"r":4,"n":"Este"},"geometry":{"type":"LineString","coordinates":[[9.7099,53.4877],[9.7175,53.4949],[9.7266,53.4994],[9.7337,53.5065],[9.727,53.5144],[9.7327,53.5227],[9.7409,53.5287],[9.7518,53.5312],[9.7667,53.5314],[9.7766,53.533],[9.787,53.5331]]}},{"type":"Feature","properties":{"r":6,"n":"Braker Sieltief"},"geometry":{"type":"LineString","coordinates":[[8.3819,53.3486],[8.3934,53.3498],[8.3988,53.3413],[8.4079,53.337],[8.4187,53.3349],[8.4303,53.3339],[8.4402,53.3367],[8.4505,53.3345],[8.462,53.3315],[8.4723,53.3304],[8.4829,53.3336]]}},{"type":"Feature","properties":{"r":4,"n":"Exter"},"geometry":{"type":"LineString","coordinates":[[9.0939,52.1102],[9.0989,52.1194],[9.0914,52.1264],[9.0868,52.1354],[9.0831,52.1447],[9.0898,52.1524],[9.0975,52.1589],[9.1072,52.1617],[9.0994,52.168],[9.0956,52.1774],[9.0901,52.1859]]}},{"type":"Feature","properties":{"r":4,"n":"Wümme"},"geometry":{"type":"LineString","coordinates":[[9.3536,53.0964],[9.3439,53.0931],[9.3343,53.0892],[9.3239,53.0894],[9.3136,53.0863],[9.3024,53.0853],[9.2926,53.0828],[9.2821,53.0828],[9.2718,53.084],[9.2613,53.0837],[9.2517,53.0807]]}},{"type":"Feature","properties":{"r":4,"n":"Maas"},"geometry":{"type":"LineString","coordinates":[[5.8694,51.756],[5.8592,51.7585],[5.849,51.7592],[5.8384,51.7585],[5.8214,51.7575],[5.8105,51.7567],[5.7949,51.7544],[5.7805,51.7523],[5.7696,51.7524],[5.7589,51.754],[5.7471,51.7582]]}},{"type":"Feature","properties":{"r":6,"n":"Frjentsjerter Feart"},"geometry":{"type":"LineString","coordinates":[[5.6559,53.0349],[5.6482,53.0413],[5.6383,53.0465],[5.6308,53.0534],[5.6307,53.0638],[5.6325,53.074],[5.636,53.0836],[5.6455,53.0869],[5.6542,53.0919],[5.6626,53.0979],[5.6709,53.1037]]}},{"type":"Feature","properties":{"r":6,"n":"Oranjekanaal"},"geometry":{"type":"LineString","coordinates":[[6.5742,52.8881],[6.559,52.888],[6.5442,52.8894],[6.5341,52.8905],[6.5235,52.8934],[6.5111,52.8966],[6.5005,52.8977],[6.4898,52.8984],[6.4623,52.9045],[6.4452,52.9081],[6.4324,52.9107]]}},{"type":"Feature","properties":{"r":4,"n":"Steinfurter Aa"},"geometry":{"type":"LineString","coordinates":[[7.4194,52.0244],[7.4201,52.0345],[7.4104,52.0397],[7.4004,52.0405],[7.3896,52.0508],[7.3948,52.0594],[7.3893,52.0682],[7.3871,52.0781],[7.3784,52.0865],[7.3731,52.0962],[7.3617,52.1008]]}},{"type":"Feature","properties":{"r":4,"n":"Volme"},"geometry":{"type":"LineString","coordinates":[[7.6167,51.129],[7.6159,51.1393],[7.6107,51.1481],[7.6035,51.1552],[7.5942,51.1604],[7.5847,51.1638],[7.5859,51.1741],[7.5799,51.1824],[7.5709,51.1869],[7.5756,51.1959],[7.5818,51.204]]}},{"type":"Feature","properties":{"r":6,"n":"Oude Vaart"},"geometry":{"type":"LineString","coordinates":[[6.3184,52.8237],[6.3107,52.8166],[6.3058,52.8052],[6.2968,52.7969],[6.292,52.7881],[6.2837,52.7815],[6.2748,52.776],[6.2657,52.7706],[6.2551,52.7608],[6.2474,52.7541],[6.2382,52.7457]]}},{"type":"Feature","properties":{"r":4,"n":"Elbe"},"geometry":{"type":"LineString","coordinates":[[12.4082,51.8664],[12.3972,51.8629],[12.387,51.8631],[12.3811,51.8546],[12.3737,51.8469],[12.3623,51.8476],[12.354,51.8547],[12.3469,51.8625],[12.3338,51.8664],[12.3229,51.8697],[12.3182,51.8796]]}},{"type":"Feature","properties":{"r":4,"n":"Elbe"},"geometry":{"type":"LineString","coordinates":[[12.4873,51.8787],[12.4808,51.8707],[12.4807,51.8599],[12.4708,51.8568],[12.4583,51.8588],[12.4487,51.8638],[12.4513,51.8745],[12.4427,51.882],[12.4308,51.8777],[12.4185,51.8753],[12.41,51.8686]]}},{"type":"Feature","properties":{"r":4,"n":"Elbe"},"geometry":{"type":"LineString","coordinates":[[12.5778,51.8677],[12.5663,51.8679],[12.5547,51.8627],[12.5438,51.8621],[12.5356,51.8687],[12.5239,51.8704],[12.516,51.8627],[12.5055,51.8596],[12.5032,51.8698],[12.5009,51.8796],[12.4901,51.8801]]}},{"type":"Feature","properties":{"r":6,"n":"Gnevsdorfer Vorfluter"},"geometry":{"type":"LineString","coordinates":[[12.0004,52.8796],[11.9891,52.8772],[11.9784,52.8766],[11.9702,52.8826],[11.9601,52.8883],[11.9423,52.8922],[11.9317,52.8945],[11.9141,52.8942],[11.9045,52.8973],[11.8958,52.9042],[11.8862,52.9073]]}},{"type":"Feature","properties":{"r":4,"n":"Alte Elde"},"geometry":{"type":"LineString","coordinates":[[11.5743,53.2842],[11.5667,53.2777],[11.5571,53.2749],[11.5517,53.2664],[11.5428,53.2615],[11.5349,53.2551],[11.5248,53.2542],[11.514,53.2539],[11.5037,53.255],[11.4937,53.2548],[11.4835,53.2547]]}},{"type":"Feature","properties":{"r":6,"n":"Löcknitz"},"geometry":{"type":"LineString","coordinates":[[11.2627,53.145],[11.2502,53.1473],[11.2421,53.1538],[11.2307,53.1559],[11.2196,53.155],[11.2096,53.1576],[11.1997,53.1613],[11.1887,53.1626],[11.1791,53.1665],[11.1687,53.1653],[11.1585,53.1677]]}},{"type":"Feature","properties":{"r":6,"n":"Havelkanal"},"geometry":{"type":"LineString","coordinates":[[13.2113,52.6188],[13.2011,52.6153],[13.1891,52.6134],[13.1737,52.6116],[13.1583,52.6098],[13.1475,52.6087],[13.1315,52.6087],[13.1211,52.6085],[13.1101,52.6082],[13.0987,52.6079],[13.0873,52.6076]]}},{"type":"Feature","properties":{"r":6,"n":"Nottekanal"},"geometry":{"type":"LineString","coordinates":[[13.4253,52.2069],[13.435,52.2117],[13.444,52.2163],[13.4534,52.2225],[13.4655,52.2267],[13.4769,52.2312],[13.4893,52.2365],[13.5019,52.2419],[13.5117,52.2462],[13.5222,52.2513],[13.5319,52.2556]]}},{"type":"Feature","properties":{"r":4,"n":"Seege"},"geometry":{"type":"LineString","coordinates":[[11.4721,53.0224],[11.4631,53.0277],[11.4531,53.0319],[11.4457,53.0394],[11.4356,53.0383],[11.4297,53.0466],[11.4192,53.0462],[11.4088,53.0443],[11.3989,53.0477],[11.3917,53.0551],[11.3853,53.0632]]}},{"type":"Feature","properties":{"r":4,"n":"Warta"},"geometry":{"type":"LineString","coordinates":[[15.4042,52.7355],[15.3821,52.7299],[15.3681,52.7281],[15.3555,52.7273],[15.3424,52.728],[15.3295,52.7274],[15.3147,52.7272],[15.2942,52.7225],[15.2824,52.7258],[15.2709,52.7269],[15.2609,52.7263]]}},{"type":"Feature","properties":{"r":4,"n":"Zorge"},"geometry":{"type":"LineString","coordinates":[[10.7421,51.5513],[10.752,51.5495],[10.7614,51.5452],[10.7655,51.5358],[10.7755,51.5334],[10.7793,51.5238],[10.7826,51.5133],[10.785,51.5033],[10.7916,51.4957],[10.8034,51.4941],[10.8149,51.4917]]}},{"type":"Feature","properties":{"r":4,"n":"Dosse"},"geometry":{"type":"LineString","coordinates":[[12.4187,52.8221],[12.4111,52.8144],[12.4036,52.8067],[12.3988,52.7957],[12.3896,52.791],[12.3795,52.7879],[12.3709,52.7822],[12.3602,52.7814],[12.3495,52.7822],[12.339,52.7846],[12.3285,52.786]]}},{"type":"Feature","properties":{"r":4,"n":"Nuthe"},"geometry":{"type":"LineString","coordinates":[[13.2067,52.132],[13.2024,52.145],[13.1942,52.1513],[13.1872,52.1592],[13.2016,52.1713],[13.1964,52.1799],[13.1957,52.1901],[13.1959,52.2019],[13.2058,52.2138],[13.2057,52.2238],[13.2128,52.2334]]}},{"type":"Feature","properties":{"r":4,"n":"Milde"},"geometry":{"type":"LineString","coordinates":[[11.389,52.5381],[11.3914,52.552],[11.3992,52.5622],[11.4037,52.5716],[11.3976,52.5804],[11.3949,52.5904],[11.3976,52.6012],[11.3929,52.6142],[11.3907,52.6244],[11.3937,52.6342],[11.3907,52.6443]]}},{"type":"Feature","properties":{"r":4,"n":"Große Röder"},"geometry":{"type":"LineString","coordinates":[[13.4719,51.3768],[13.4695,51.3866],[13.4593,51.3885],[13.4514,51.3947],[13.4468,51.4039],[13.4424,51.4133],[13.4463,51.4226],[13.4462,51.4328],[13.4485,51.4426],[13.4556,51.4508],[13.4529,51.4611]]}},{"type":"Feature","properties":{"r":4,"n":"Jeetze"},"geometry":{"type":"LineString","coordinates":[[11.0603,52.6206],[11.069,52.6262],[11.0773,52.6328],[11.0849,52.6419],[11.0914,52.6523],[11.092,52.6632],[11.0897,52.6758],[11.0801,52.6789],[11.0819,52.6888],[11.0901,52.696],[11.0868,52.7061]]}},{"type":"Feature","properties":{"r":4,"n":"Oder/Odra"},"geometry":{"type":"LineString","coordinates":[[14.6857,52.1948],[14.6949,52.2022],[14.705,52.2082],[14.7114,52.2189],[14.7131,52.2289],[14.7114,52.239],[14.7031,52.2472],[14.6945,52.2548],[14.6835,52.2575],[14.6712,52.2594],[14.6586,52.2624]]}},{"type":"Feature","properties":{"r":4,"n":"Kleine Elster"},"geometry":{"type":"LineString","coordinates":[[13.9095,51.6362],[13.9026,51.645],[13.8922,51.6476],[13.882,51.6494],[13.8717,51.6527],[13.8634,51.6595],[13.8533,51.6628],[13.8425,51.6675],[13.8302,51.6679],[13.8196,51.6666],[13.8091,51.6663]]}},{"type":"Feature","properties":{"r":4,"n":"Kleine Spree"},"geometry":{"type":"LineString","coordinates":[[14.4559,51.3077],[14.4463,51.3118],[14.4335,51.3171],[14.4214,51.3208],[14.4136,51.3278],[14.4043,51.3317],[14.3957,51.3384],[14.3905,51.3485],[14.3968,51.3563],[14.4036,51.3639],[14.4061,51.3751]]}},{"type":"Feature","properties":{"r":4,"n":"Recknitz"},"geometry":{"type":"LineString","coordinates":[[12.6642,54.117],[12.6596,54.1259],[12.6531,54.1343],[12.6435,54.1377],[12.6312,54.1421],[12.6225,54.1477],[12.6118,54.1529],[12.6017,54.156],[12.593,54.1619],[12.5865,54.1704],[12.5818,54.1793]]}},{"type":"Feature","properties":{"r":4,"n":"Recknitz"},"geometry":{"type":"LineString","coordinates":[[12.5624,54.2008],[12.5539,54.2061],[12.5479,54.2143],[12.5426,54.223],[12.5324,54.2265],[12.5247,54.2338],[12.5144,54.234],[12.5045,54.237],[12.4957,54.2426],[12.4852,54.2413],[12.4758,54.2455]]}},{"type":"Feature","properties":{"r":4,"n":"Hammergraben"},"geometry":{"type":"LineString","coordinates":[[14.4105,51.8204],[14.4141,51.8298],[14.4199,51.8382],[14.4231,51.8479],[14.4112,51.85],[14.3943,51.8525],[14.3828,51.8539],[14.3726,51.853],[14.3623,51.8531],[14.3518,51.8529],[14.341,51.851]]}},{"type":"Feature","properties":{"r":4,"n":"Wriezener Alte Oder"},"geometry":{"type":"LineString","coordinates":[[14.0633,52.8098],[14.0481,52.8068],[14.0365,52.8059],[14.0266,52.8034],[14.0171,52.8084],[14.0103,52.8162],[14.0013,52.8216],[13.9904,52.8255],[13.993,52.8361],[14.005,52.8399],[14.0148,52.845]]}},{"type":"Feature","properties":{"r":4,"n":"Karthane"},"geometry":{"type":"LineString","coordinates":[[12.0191,52.9578],[12.007,52.9604],[11.9967,52.9615],[11.9888,52.9685],[11.9792,52.9718],[11.9682,52.9726],[11.9634,52.9815],[11.9541,52.9855],[11.9444,52.9825],[11.9344,52.9807],[11.9365,52.9709]]}},{"type":"Feature","properties":{"r":6,"n":"Großer Havelländischer Hauptkanal"},"geometry":{"type":"LineString","coordinates":[[12.5253,52.6491],[12.5171,52.656],[12.5122,52.6672],[12.5042,52.6733],[12.4933,52.6849],[12.4847,52.6924],[12.469,52.6951],[12.4581,52.6946],[12.4474,52.6938],[12.4348,52.6879],[12.4246,52.6824]]}},{"type":"Feature","properties":{"r":6,"n":"Elbe-Seitenkanal"},"geometry":{"type":"LineString","coordinates":[[10.599,53.0565],[10.6025,53.0671],[10.603,53.0773],[10.5979,53.0866],[10.591,53.094],[10.5838,53.1015],[10.5785,53.1108],[10.5778,53.1214],[10.5731,53.1308],[10.5656,53.139],[10.5573,53.147]]}},{"type":"Feature","properties":{"r":4,"n":"Krępiel"},"geometry":{"type":"LineString","coordinates":[[15.1479,53.3417],[15.1376,53.3415],[15.1329,53.3325],[15.1248,53.3265],[15.115,53.3244],[15.1053,53.3186],[15.0967,53.3239],[15.0866,53.3209],[15.076,53.3188],[15.0657,53.318],[15.0552,53.3181]]}},{"type":"Feature","properties":{"r":4,"n":"Niemica"},"geometry":{"type":"LineString","coordinates":[[14.9142,53.8628],[14.9069,53.8697],[14.9008,53.8819],[14.8931,53.8905],[14.8851,53.8969],[14.8785,53.9058],[14.872,53.9138],[14.8644,53.9217],[14.8595,53.9305],[14.8546,53.9393],[14.8465,53.9455]]}},{"type":"Feature","properties":{"r":4,"n":"Gardominka"},"geometry":{"type":"LineString","coordinates":[[15.1392,53.7901],[15.1466,53.797],[15.1418,53.8061],[15.1449,53.8157],[15.1488,53.8269],[15.1477,53.837],[15.1578,53.8402],[15.168,53.8427],[15.1781,53.8454],[15.1876,53.8488],[15.1903,53.8591]]}},{"type":"Feature","properties":{"r":4,"n":"Unstrut"},"geometry":{"type":"LineString","coordinates":[[11.1254,51.2281],[11.1159,51.2326],[11.1176,51.2425],[11.1261,51.2484],[11.1355,51.2525],[11.1452,51.2551],[11.1538,51.261],[11.1623,51.2673],[11.1696,51.2751],[11.1749,51.2836],[11.1664,51.2892]]}},{"type":"Feature","properties":{"r":4,"n":"Warme Bode"},"geometry":{"type":"LineString","coordinates":[[10.6925,51.6965],[10.7027,51.694],[10.7127,51.6955],[10.7234,51.6971],[10.7327,51.7016],[10.7373,51.7107],[10.7472,51.7126],[10.7568,51.7159],[10.7656,51.7208],[10.7636,51.7308],[10.7677,51.74]]}},{"type":"Feature","properties":{"r":4,"n":"Kleine Elster"},"geometry":{"type":"LineString","coordinates":[[13.6727,51.672],[13.6629,51.6699],[13.6528,51.6711],[13.6429,51.6696],[13.633,51.6665],[13.6235,51.6632],[13.6133,51.6613],[13.6021,51.6619],[13.5922,51.664],[13.581,51.6655],[13.5701,51.6651]]}},{"type":"Feature","properties":{"r":4,"n":"Schaale"},"geometry":{"type":"LineString","coordinates":[[10.8824,53.4346],[10.8726,53.4311],[10.863,53.4283],[10.8534,53.4252],[10.8453,53.4192],[10.8361,53.4149],[10.8274,53.4099],[10.8185,53.4047],[10.8124,53.3965],[10.8113,53.3865],[10.8162,53.3777]]}},{"type":"Feature","properties":{"r":4,"n":"Kosa"},"geometry":{"type":"LineString","coordinates":[[14.6754,52.8158],[14.6864,52.8149],[14.6958,52.8102],[14.706,52.808],[14.7166,52.7995],[14.7249,52.7932],[14.7275,52.7829],[14.733,52.7743],[14.7371,52.7648],[14.7285,52.7581],[14.72,52.7521]]}},{"type":"Feature","properties":{"r":6,"n":"Kanał Dychowski"},"geometry":{"type":"LineString","coordinates":[[15.157,51.8713],[15.1446,51.8793],[15.1343,51.8889],[15.1011,51.9098],[15.0926,51.9221],[15.0869,51.9312],[15.0778,51.9364],[15.0688,51.9465],[15.0649,51.9574],[15.0608,51.9694],[15.0545,51.9788]]}},{"type":"Feature","properties":{"r":4,"n":"Kurzyca"},"geometry":{"type":"LineString","coordinates":[[14.4753,52.7793],[14.4798,52.77],[14.4712,52.7641],[14.4664,52.7552],[14.4639,52.7455],[14.4579,52.7371],[14.4493,52.7304],[14.4405,52.7244],[14.4321,52.7189],[14.4228,52.7143],[14.4096,52.709]]}},{"type":"Feature","properties":{"r":4,"n":"Uecker"},"geometry":{"type":"LineString","coordinates":[[13.9745,53.5019],[13.9828,53.5085],[13.9915,53.5139],[13.9984,53.5216],[14.0005,53.5317],[14.0008,53.5428],[14.0017,53.5533],[14.0024,53.5635],[14.0092,53.5712],[14.021,53.571],[14.0305,53.5793]]}},{"type":"Feature","properties":{"r":4,"n":"Schunter"},"geometry":{"type":"LineString","coordinates":[[10.803,52.332],[10.7944,52.3374],[10.7838,52.3386],[10.7747,52.343],[10.7651,52.3472],[10.757,52.3541],[10.746,52.3551],[10.7329,52.3545],[10.7203,52.354],[10.7098,52.3511],[10.6996,52.3513]]}},{"type":"Feature","properties":{"r":6,"n":"Amper Werkkanal"},"geometry":{"type":"LineString","coordinates":[[11.7472,48.4521],[11.7581,48.4496],[11.7685,48.4483],[11.7813,48.4508],[11.7914,48.4528],[11.8116,48.4543],[11.8241,48.4545],[11.8343,48.4542],[11.8489,48.4574],[11.8605,48.4582]]}},{"type":"Feature","properties":{"r":4,"n":"Elbe"},"geometry":{"type":"LineString","coordinates":[[13.5278,51.1314],[13.5176,51.1354],[13.506,51.1373],[13.4954,51.1439],[13.4877,51.1514],[13.4793,51.157],[13.4749,51.166],[13.4685,51.1737],[13.4589,51.1774],[13.4507,51.1844]]}},{"type":"Feature","properties":{"r":4,"n":"Mandau"},"geometry":{"type":"LineString","coordinates":[[14.7409,50.9248],[14.7473,50.917],[14.7512,50.9077],[14.7595,50.9015],[14.7691,50.8981],[14.7787,50.895],[14.7889,50.8938],[14.7989,50.894],[14.8093,50.889],[14.8205,50.8893]]}},{"type":"Feature","properties":{"r":4,"n":"Mandau"},"geometry":{"type":"LineString","coordinates":[[14.6519,50.9052],[14.6599,50.899],[14.6699,50.897],[14.6797,50.8948],[14.6908,50.8978],[14.6986,50.9046],[14.7062,50.9112],[14.7148,50.9183],[14.7238,50.9229],[14.7342,50.9241]]}},{"type":"Feature","properties":{"r":4,"n":"Ilm"},"geometry":{"type":"LineString","coordinates":[[11.3699,50.9219],[11.3794,50.9252],[11.3891,50.9277],[11.3987,50.9317],[11.3931,50.9401],[11.385,50.9464],[11.3755,50.9498],[11.3657,50.9526],[11.3569,50.9574],[11.3485,50.9632]]}},{"type":"Feature","properties":{"r":4,"n":"Aisch"},"geometry":{"type":"LineString","coordinates":[[10.8928,49.7191],[10.9024,49.7162],[10.9116,49.7211],[10.9224,49.724],[10.9324,49.7261],[10.9422,49.7302],[10.9491,49.7378],[10.9585,49.7413],[10.9673,49.7467],[10.975,49.7531]]}},{"type":"Feature","properties":{"r":4,"n":"Landwasser"},"geometry":{"type":"LineString","coordinates":[[14.6675,50.9783],[14.6778,50.9758],[14.6884,50.9756],[14.6989,50.9768],[14.7069,50.9701],[14.7147,50.963],[14.7233,50.957],[14.7322,50.952],[14.7402,50.9459],[14.7476,50.9391]]}},{"type":"Feature","properties":{"r":4,"n":"Pleiße"},"geometry":{"type":"LineString","coordinates":[[12.4465,51.069],[12.4478,51.0795],[12.4393,51.085],[12.4357,51.095],[12.431,51.1046],[12.4275,51.114],[12.4368,51.1185],[12.4499,51.1227],[12.4449,51.1317],[12.4451,51.1418]]}},{"type":"Feature","properties":{"r":4,"n":"Sur"},"geometry":{"type":"LineString","coordinates":[[12.7728,47.8573],[12.7829,47.8588],[12.7932,47.858],[12.8032,47.8547],[12.8134,47.8534],[12.8234,47.8513],[12.8334,47.8535],[12.8334,47.8635],[12.8241,47.8675],[12.8238,47.8801]]}},{"type":"Feature","properties":{"r":4,"n":"Schwarzach"},"geometry":{"type":"LineString","coordinates":[[12.5966,49.3459],[12.5864,49.3473],[12.5763,49.3455],[12.5681,49.3379],[12.5581,49.3408],[12.5474,49.3389],[12.5374,49.3388],[12.5272,49.3407],[12.5175,49.3378],[12.5073,49.3376]]}},{"type":"Feature","properties":{"r":4,"n":"Dürre Ager"},"geometry":{"type":"LineString","coordinates":[[13.5136,47.9822],[13.5225,47.9882],[13.5319,47.9924],[13.5423,47.9949],[13.5525,47.9939],[13.5629,47.9944],[13.5744,47.9939],[13.5851,47.9928],[13.5952,47.9912],[13.6049,47.9945]]}},{"type":"Feature","properties":{"r":4,"n":"Weißer Regen"},"geometry":{"type":"LineString","coordinates":[[13.0649,49.1833],[13.0572,49.19],[13.0473,49.1926],[13.0371,49.1921],[13.027,49.192],[13.0162,49.1935],[13.007,49.1976],[12.9968,49.2002],[12.9866,49.2016],[12.9764,49.2024]]}},{"type":"Feature","properties":{"r":4,"n":"Grießelbach"},"geometry":{"type":"LineString","coordinates":[[12.5818,47.5853],[12.5916,47.5874],[12.6017,47.5874],[12.6123,47.5868],[12.6224,47.5845],[12.6323,47.583],[12.6424,47.5821],[12.6525,47.5813],[12.6625,47.58],[12.6725,47.5788]]}},{"type":"Feature","properties":{"r":4,"n":"Weiße Laber"},"geometry":{"type":"LineString","coordinates":[[11.5223,49.1291],[11.5168,49.1205],[11.5108,49.1123],[11.5171,49.1044],[11.5263,49.1002],[11.5358,49.0967],[11.5449,49.0924],[11.5537,49.0876],[11.5555,49.0777],[11.562,49.07]]}},{"type":"Feature","properties":{"r":4,"n":"Schwarzach"},"geometry":{"type":"LineString","coordinates":[[11.3271,49.173],[11.3283,49.163],[11.3271,49.153],[11.3279,49.143],[11.3234,49.134],[11.3181,49.1255],[11.3118,49.1173],[11.3067,49.1085],[11.3006,49.1004],[11.2971,49.0909]]}},{"type":"Feature","properties":{"r":4,"n":"Löbauer Wasser"},"geometry":{"type":"LineString","coordinates":[[14.6673,51.0758],[14.6747,51.0836],[14.6699,51.0924],[14.6782,51.098],[14.6866,51.1036],[14.6895,51.1133],[14.6951,51.1216],[14.6937,51.1316],[14.7021,51.1374],[14.7111,51.1421]]}},{"type":"Feature","properties":{"r":4,"n":"Hartlaber"},"geometry":{"type":"LineString","coordinates":[[12.3308,48.866],[12.3412,48.8648],[12.3508,48.8682],[12.3591,48.8739],[12.3672,48.8804],[12.3757,48.8859],[12.3848,48.8903],[12.3939,48.8955],[12.4022,48.9012],[12.4106,48.9073]]}},{"type":"Feature","properties":{"r":4,"n":"Preßnitz"},"geometry":{"type":"LineString","coordinates":[[13.1429,50.5759],[13.1384,50.5854],[13.1292,50.5894],[13.1225,50.5973],[13.1143,50.6037],[13.106,50.6098],[13.0995,50.6174],[13.0895,50.6184],[13.084,50.627],[13.0769,50.6344]]}},{"type":"Feature","properties":{"r":4,"n":"Schwarzach"},"geometry":{"type":"LineString","coordinates":[[11.3134,49.2565],[11.3076,49.2471],[11.2991,49.2403],[11.2969,49.2305],[11.3042,49.2235],[11.3118,49.2168],[11.3191,49.2095],[11.3224,49.2],[11.3298,49.1928],[11.3311,49.1827]]}},{"type":"Feature","properties":{"r":4,"n":"Wethau"},"geometry":{"type":"LineString","coordinates":[[11.8666,51.0679],[11.863,51.0774],[11.8538,51.0832],[11.8442,51.0872],[11.8361,51.0934],[11.845,51.0986],[11.8534,51.1041],[11.8489,51.1133],[11.8542,51.1221],[11.8598,51.1304]]}},{"type":"Feature","properties":{"r":6,"n":"Main-Donau-Kanal"},"geometry":{"type":"LineString","coordinates":[[11.1765,49.2111],[11.1674,49.2157],[11.1584,49.2204],[11.151,49.2275],[11.1474,49.238],[11.1436,49.2558],[11.1411,49.2657],[11.1341,49.2752],[11.1247,49.2822],[11.1135,49.2907]]}},{"type":"Feature","properties":{"r":4,"n":"Schmutter"},"geometry":{"type":"LineString","coordinates":[[10.8291,48.5664],[10.8249,48.5765],[10.8263,48.5865],[10.8225,48.596],[10.8226,48.606],[10.8167,48.6141],[10.8158,48.6242],[10.8187,48.6344],[10.8242,48.6438],[10.8181,48.6521]]}},{"type":"Feature","properties":{"r":4,"n":"Habach"},"geometry":{"type":"LineString","coordinates":[[12.3703,47.1772],[12.3626,47.1839],[12.3564,47.1918],[12.3486,47.1983],[12.3465,47.2082],[12.3431,47.2177],[12.3374,47.2261],[12.3322,47.2348],[12.3264,47.243],[12.3179,47.2487]]}},{"type":"Feature","properties":{"r":4,"n":"Kleine Laber"},"geometry":{"type":"LineString","coordinates":[[12.2343,48.7676],[12.2439,48.7708],[12.2532,48.7745],[12.2636,48.7751],[12.2724,48.78],[12.2803,48.7862],[12.2904,48.7863],[12.3,48.7916],[12.3072,48.7988],[12.315,48.8051]]}},{"type":"Feature","properties":{"r":4,"n":"Halblech"},"geometry":{"type":"LineString","coordinates":[[10.8588,47.6075],[10.8471,47.6043],[10.8371,47.6075],[10.827,47.6103],[10.819,47.617],[10.8195,47.627],[10.8166,47.637],[10.8107,47.6457],[10.7998,47.6461],[10.7919,47.6526]]}},{"type":"Feature","properties":{"r":4,"n":"Pleiße"},"geometry":{"type":"LineString","coordinates":[[12.4219,50.8582],[12.4208,50.8684],[12.4242,50.8782],[12.4281,50.8875],[12.434,50.8963],[12.4392,50.9051],[12.4397,50.9151],[12.4378,50.9253],[12.4279,50.9286],[12.4209,50.9358]]}},{"type":"Feature","properties":{"r":4,"n":"Pegnitz"},"geometry":{"type":"LineString","coordinates":[[11.3196,49.5141],[11.3095,49.5132],[11.2992,49.5137],[11.2891,49.5126],[11.2789,49.5094],[11.2717,49.5018],[11.2617,49.5021],[11.2534,49.4965],[11.2453,49.4906],[11.2355,49.4883]]}},{"type":"Feature","properties":{"r":4,"n":"Waldzeller Ache (Pollinger Bach)"},"geometry":{"type":"LineString","coordinates":[[13.3639,48.2032],[13.3553,48.2085],[13.3453,48.2116],[13.3356,48.2148],[13.3255,48.2162],[13.3155,48.2188],[13.305,48.2208],[13.2946,48.2232],[13.2848,48.2271],[13.2753,48.2309]]}},{"type":"Feature","properties":{"r":4,"n":"Inn"},"geometry":{"type":"LineString","coordinates":[[13.0338,48.2608],[13.0487,48.2639],[13.0586,48.2667],[13.0677,48.2713],[13.0806,48.2771],[13.0912,48.2783],[13.1032,48.2777],[13.1162,48.2773],[13.1283,48.2784],[13.1472,48.2845]]}},{"type":"Feature","properties":{"r":4,"n":"Miedzianka"},"geometry":{"type":"LineString","coordinates":[[14.9952,50.8926],[14.9852,50.8918],[14.9768,50.8976],[14.9666,50.898],[14.9578,50.9029],[14.9513,50.9105],[14.9465,50.9196],[14.9382,50.9259],[14.9283,50.9283],[14.9201,50.9345]]}},{"type":"Feature","properties":{"r":4,"n":"Enns"},"geometry":{"type":"LineString","coordinates":[[13.4023,47.39],[13.4123,47.3869],[13.4218,47.3834],[13.4316,47.3795],[13.4424,47.3795],[13.453,47.3814],[13.4636,47.3833],[13.4739,47.3845],[13.484,47.3857],[13.4945,47.3853]]}},{"type":"Feature","properties":{"r":4,"n":"Alm"},"geometry":{"type":"LineString","coordinates":[[13.9754,47.9723],[13.965,47.9717],[13.9558,47.9767],[13.9466,47.981],[13.9367,47.9848],[13.9337,47.9946],[13.9357,48.0052],[13.9366,48.0153],[13.9262,48.0173],[13.9284,48.0275]]}},{"type":"Feature","properties":{"r":4,"n":"Kleine Erlauf"},"geometry":{"type":"LineString","coordinates":[[15.0276,48.0521],[15.0366,48.0572],[15.0458,48.0613],[15.0559,48.0664],[15.0659,48.0661],[15.0744,48.0718],[15.085,48.0751],[15.0944,48.0792],[15.1034,48.0838],[15.1122,48.089]]}},{"type":"Feature","properties":{"r":4,"n":"Donau"},"geometry":{"type":"LineString","coordinates":[[14.1706,48.3271],[14.1839,48.3312],[14.1965,48.3254],[14.2054,48.3203],[14.2173,48.3116],[14.2272,48.3085],[14.2392,48.3084],[14.2506,48.3097],[14.265,48.307],[14.277,48.3059]]}},{"type":"Feature","properties":{"r":4,"n":"Hollersbach"},"geometry":{"type":"LineString","coordinates":[[12.4302,47.1751],[12.4265,47.1844],[12.4235,47.194],[12.4186,47.2029],[12.4169,47.2129],[12.4138,47.2226],[12.4138,47.2327],[12.4133,47.2427],[12.4099,47.2523],[12.4097,47.2627]]}},{"type":"Feature","properties":{"r":4,"n":"Mže"},"geometry":{"type":"LineString","coordinates":[[12.4872,49.8416],[12.4968,49.838],[12.5067,49.8353],[12.5155,49.8303],[12.5244,49.8256],[12.534,49.8221],[12.544,49.8207],[12.5537,49.8172],[12.5626,49.8111],[12.5742,49.8053]]}},{"type":"Feature","properties":{"r":4,"n":"Volyňka"},"geometry":{"type":"LineString","coordinates":[[13.7254,49.001],[13.7302,49.01],[13.7258,49.019],[13.7208,49.0278],[13.7247,49.0371],[13.7287,49.0464],[13.7388,49.0453],[13.7491,49.0455],[13.759,49.0476],[13.7687,49.0505]]}},{"type":"Feature","properties":{"r":4,"n":"Weitenbach"},"geometry":{"type":"LineString","coordinates":[[15.2567,48.3043],[15.2612,48.2948],[15.2671,48.2865],[15.2735,48.2787],[15.2806,48.2713],[15.2746,48.2631],[15.2792,48.2534],[15.2872,48.2468],[15.2866,48.2368],[15.2948,48.2307]]}},{"type":"Feature","properties":{"r":4,"n":"Enns"},"geometry":{"type":"LineString","coordinates":[[13.54,47.3979],[13.55,47.4],[13.56,47.4013],[13.5705,47.4016],[13.5804,47.3995],[13.5892,47.3943],[13.5989,47.3888],[13.6089,47.3867],[13.6193,47.3884],[13.6295,47.388]]}},{"type":"Feature","properties":{"r":4,"n":"Warme Steinach"},"geometry":{"type":"LineString","coordinates":[[11.7811,49.9985],[11.7754,49.9899],[11.7676,49.9834],[11.7676,49.9734],[11.7642,49.9638],[11.7596,49.9546],[11.7547,49.9458],[11.7464,49.94],[11.7363,49.9381],[11.7261,49.938]]}},{"type":"Feature","properties":{"r":4,"n":"Trattnach"},"geometry":{"type":"LineString","coordinates":[[13.8803,48.2207],[13.8904,48.2204],[13.9018,48.2237],[13.9114,48.2268],[13.9217,48.2257],[13.9322,48.2257],[13.9426,48.2251],[13.951,48.231],[13.9601,48.2352],[13.9684,48.241]]}},{"type":"Feature","properties":{"r":4,"n":"Url"},"geometry":{"type":"LineString","coordinates":[[14.6572,48.0543],[14.6672,48.0531],[14.6771,48.0552],[14.6873,48.0542],[14.6977,48.0566],[14.7084,48.0586],[14.7185,48.0589],[14.7287,48.0563],[14.7381,48.0598],[14.7482,48.0613]]}},{"type":"Feature","properties":{"r":4,"n":"Schwarze Pockau"},"geometry":{"type":"LineString","coordinates":[[13.2519,50.5949],[13.2531,50.6055],[13.2452,50.6117],[13.2395,50.6204],[13.2374,50.6302],[13.2458,50.6361],[13.2363,50.6393],[13.2281,50.6451],[13.2189,50.6502],[13.2111,50.6572]]}},{"type":"Feature","properties":{"r":4,"n":"Lammer"},"geometry":{"type":"LineString","coordinates":[[13.2673,47.577],[13.2567,47.5793],[13.2457,47.5805],[13.2344,47.5817],[13.2239,47.585],[13.2137,47.5867],[13.2018,47.5907],[13.1912,47.5898],[13.1836,47.5833],[13.1726,47.5849]]}},{"type":"Feature","properties":{"r":4,"n":"Rettenbach"},"geometry":{"type":"LineString","coordinates":[[13.7245,47.6905],[13.7145,47.6905],[13.704,47.6931],[13.6933,47.694],[13.6829,47.6925],[13.673,47.6954],[13.6636,47.6994],[13.6537,47.7018],[13.6428,47.7068],[13.6349,47.7131]]}},{"type":"Feature","properties":{"r":4,"n":"Wilder Graben"},"geometry":{"type":"LineString","coordinates":[[10.7092,50.954],[10.7046,50.9634],[10.6961,50.969],[10.684,50.975],[10.6746,50.9789],[10.6675,50.9863],[10.6627,50.9954],[10.6514,50.9986],[10.6426,51.0035],[10.6332,51.0071]]}},{"type":"Feature","properties":{"r":4,"n":"Götzinger Achen"},"geometry":{"type":"LineString","coordinates":[[12.8141,47.9994],[12.8184,48.0089],[12.824,48.0172],[12.834,48.0193],[12.8284,48.0278],[12.8194,48.0328],[12.809,48.0361],[12.7994,48.039],[12.7917,48.0457],[12.7862,48.0546]]}},{"type":"Feature","properties":{"r":6,"n":"Aisch-Flutkanal"},"geometry":{"type":"LineString","coordinates":[[10.4354,49.4988],[10.4444,49.504],[10.4594,49.5127],[10.4689,49.5203],[10.4772,49.5267],[10.4808,49.5364],[10.4948,49.5457],[10.5062,49.5507],[10.5178,49.5531],[10.5284,49.5569]]}},{"type":"Feature","properties":{"r":4,"n":"Erla"},"geometry":{"type":"LineString","coordinates":[[14.5469,48.1898],[14.5515,48.1988],[14.5596,48.2062],[14.5699,48.2052],[14.5786,48.1994],[14.5874,48.1919],[14.5982,48.1917],[14.6084,48.1932],[14.6167,48.185],[14.6266,48.1804]]}},{"type":"Feature","properties":{"r":4,"n":"Orla"},"geometry":{"type":"LineString","coordinates":[[11.633,50.7124],[11.623,50.7098],[11.613,50.7084],[11.6097,50.7181],[11.6049,50.7282],[11.5923,50.7314],[11.5851,50.7386],[11.5757,50.7422],[11.5662,50.7454],[11.5564,50.7495]]}},{"type":"Feature","properties":{"r":6,"n":"Loisach-Isar-Kanal"},"geometry":{"type":"LineString","coordinates":[[11.4159,47.8288],[11.4129,47.8414],[11.4181,47.8534],[11.424,47.8619],[11.4234,47.8746],[11.4227,47.8851],[11.4189,47.8946],[11.4293,47.8995],[11.4391,47.9033],[11.4485,47.907]]}},{"type":"Feature","properties":{"r":4,"n":"Ammer"},"geometry":{"type":"LineString","coordinates":[[10.988,47.6619],[10.9904,47.6718],[10.9847,47.6803],[10.9762,47.686],[10.9744,47.6959],[10.9665,47.7026],[10.9752,47.708],[10.9795,47.7176],[10.9725,47.7248],[10.9768,47.7342]]}},{"type":"Feature","properties":{"r":4,"n":"Innbach"},"geometry":{"type":"LineString","coordinates":[[13.9713,48.2421],[13.9738,48.2518],[13.9803,48.2594],[13.9885,48.2652],[13.9965,48.2716],[14.0023,48.2799],[14.0118,48.2834],[14.0209,48.2878],[14.0306,48.2903],[14.0406,48.2921]]}},{"type":"Feature","properties":{"r":4,"n":"Labe"},"geometry":{"type":"LineString","coordinates":[[15.3077,50.0237],[15.2971,50.025],[15.2869,50.0241],[15.277,50.0221],[15.2676,50.0179],[15.257,50.0189],[15.2449,50.0176],[15.2339,50.02],[15.2246,50.0239],[15.2138,50.0288]]}},{"type":"Feature","properties":{"r":4,"n":"Labe"},"geometry":{"type":"LineString","coordinates":[[15.455,50.0484],[15.4457,50.0447],[15.4357,50.0431],[15.4265,50.0368],[15.4166,50.0388],[15.4058,50.0403],[15.3923,50.0452],[15.3822,50.0477],[15.373,50.0437],[15.3629,50.041]]}},{"type":"Feature","properties":{"r":4,"n":"Naab"},"geometry":{"type":"LineString","coordinates":[[12.1302,49.5982],[12.1311,49.5878],[12.1383,49.5808],[12.1476,49.5753],[12.1433,49.5661],[12.1337,49.5631],[12.1253,49.5576],[12.1332,49.5511],[12.1432,49.5487],[12.1488,49.5399]]}},{"type":"Feature","properties":{"r":4,"n":"Lomnice"},"geometry":{"type":"LineString","coordinates":[[14.0314,49.4295],[14.0415,49.4318],[14.0516,49.4323],[14.0615,49.4338],[14.0719,49.4323],[14.0819,49.4312],[14.0919,49.43],[14.1016,49.4266],[14.1107,49.4219],[14.1206,49.4201]]}},{"type":"Feature","properties":{"r":4,"n":"Pöls"},"geometry":{"type":"LineString","coordinates":[[14.4833,47.2765],[14.49,47.269],[14.4977,47.2624],[14.5084,47.263],[14.5194,47.2601],[14.5259,47.2523],[14.5338,47.2455],[14.5428,47.2404],[14.5509,47.2342],[14.5598,47.2289]]}},{"type":"Feature","properties":{"r":4,"n":"Schwarze Laber"},"geometry":{"type":"LineString","coordinates":[[11.8331,49.076],[11.8427,49.073],[11.8521,49.0694],[11.8622,49.0735],[11.8719,49.0702],[11.8809,49.0658],[11.8909,49.0659],[11.8993,49.059],[11.9073,49.0528],[11.9022,49.0441]]}},{"type":"Feature","properties":{"r":4,"n":"Donau"},"geometry":{"type":"LineString","coordinates":[[11.9102,48.9106],[11.9239,48.9113],[11.9351,48.9106],[11.947,48.9057],[11.9578,48.9042],[11.9675,48.9081],[11.9704,48.9182],[11.9782,48.9253],[11.9905,48.9304],[12.0007,48.9308]]}},{"type":"Feature","properties":{"r":4,"n":"Donau"},"geometry":{"type":"LineString","coordinates":[[12.3564,48.9758],[12.3667,48.972],[12.3773,48.9732],[12.3854,48.98],[12.3961,48.9812],[12.4068,48.9821],[12.4162,48.978],[12.4276,48.9746],[12.4381,48.9704],[12.4486,48.9673]]}},{"type":"Feature","properties":{"r":4,"n":"Laming"},"geometry":{"type":"LineString","coordinates":[[15.1197,47.4705],[15.1304,47.4686],[15.1412,47.4684],[15.1514,47.4694],[15.1614,47.4688],[15.1712,47.4659],[15.1804,47.4617],[15.1872,47.4543],[15.1965,47.4504],[15.2056,47.4453]]}},{"type":"Feature","properties":{"r":4,"n":"Schwarzer Regen"},"geometry":{"type":"LineString","coordinates":[[12.9816,49.0706],[12.9703,49.0712],[12.9602,49.0696],[12.95,49.0684],[12.9407,49.0642],[12.9306,49.0684],[12.9203,49.0704],[12.9096,49.0697],[12.8997,49.0753],[12.8908,49.0802]]}},{"type":"Feature","properties":{"r":4,"n":"Inn"},"geometry":{"type":"LineString","coordinates":[[12.1448,47.8536],[12.1367,47.8599],[12.1349,47.8726],[12.1399,47.883],[12.1416,47.897],[12.1403,47.9072],[12.1413,47.9184],[12.145,47.9293],[12.1515,47.939],[12.1556,47.9505]]}},{"type":"Feature","properties":{"r":4,"n":"Labe"},"geometry":{"type":"LineString","coordinates":[[14.4427,50.4046],[14.4328,50.4105],[14.4223,50.4172],[14.4119,50.4216],[14.3963,50.4251],[14.3857,50.4292],[14.3754,50.438],[14.3697,50.4508],[14.3652,50.46],[14.3586,50.4679]]}},{"type":"Feature","properties":{"r":4,"n":"Labe"},"geometry":{"type":"LineString","coordinates":[[14.2415,50.4358],[14.2372,50.445],[14.2356,50.4552],[14.2338,50.4652],[14.2338,50.4765],[14.2334,50.4886],[14.2271,50.4985],[14.224,50.5101],[14.2181,50.5184],[14.2038,50.5235]]}},{"type":"Feature","properties":{"r":4,"n":"Wesenitz"},"geometry":{"type":"LineString","coordinates":[[13.98,50.9941],[13.9697,50.9961],[13.9594,50.9965],[13.9501,50.9927],[13.9419,50.9867],[13.9334,50.9809],[13.927,50.9732],[13.9171,50.9715],[13.9071,50.9709],[13.8976,50.9672]]}},{"type":"Feature","properties":{"r":4,"n":"Elbe"},"geometry":{"type":"LineString","coordinates":[[14.2333,50.8876],[14.2251,50.8945],[14.2169,50.9006],[14.207,50.9042],[14.1973,50.9069],[14.1873,50.9086],[14.1772,50.9111],[14.167,50.9135],[14.1564,50.9151],[14.1432,50.9191]]}},{"type":"Feature","properties":{"r":4,"n":"Inn"},"geometry":{"type":"LineString","coordinates":[[12.5757,48.2431],[12.5857,48.2427],[12.5957,48.239],[12.6072,48.24],[12.6196,48.2491],[12.6303,48.251],[12.6415,48.2488],[12.652,48.2503],[12.6625,48.2495],[12.6728,48.25]]}},{"type":"Feature","properties":{"r":4,"n":"Fischbach"},"geometry":{"type":"LineString","coordinates":[[12.61,47.6534],[12.6207,47.6533],[12.6312,47.6538],[12.6414,47.6573],[12.6506,47.6613],[12.6477,47.671],[12.6492,47.681],[12.6537,47.69],[12.6576,47.6994],[12.653,47.7083]]}},{"type":"Feature","properties":{"r":4,"n":"Wesenitz"},"geometry":{"type":"LineString","coordinates":[[14.2681,51.0961],[14.2584,51.099],[14.2484,51.098],[14.2383,51.0983],[14.2285,51.1003],[14.2188,51.1046],[14.2085,51.1062],[14.1984,51.1079],[14.1968,51.1181],[14.1969,51.1285]]}},{"type":"Feature","properties":{"r":4,"n":"Göltzsch"},"geometry":{"type":"LineString","coordinates":[[12.3742,50.5746],[12.365,50.579],[12.3545,50.5777],[12.3445,50.5769],[12.3346,50.5741],[12.3245,50.5764],[12.3145,50.5767],[12.3047,50.5802],[12.2981,50.588],[12.29,50.5946]]}},{"type":"Feature","properties":{"r":4,"n":"Zwickauer Mulde"},"geometry":{"type":"LineString","coordinates":[[12.794,51.0449],[12.8039,51.0432],[12.8119,51.0498],[12.8017,51.0513],[12.7974,51.0604],[12.7885,51.0651],[12.7928,51.0745],[12.802,51.0791],[12.8047,51.0889],[12.8029,51.0988]]}},{"type":"Feature","properties":{"r":4,"n":"Gleinbach"},"geometry":{"type":"LineString","coordinates":[[14.9383,47.2342],[14.9283,47.2337],[14.9181,47.2336],[14.9082,47.2307],[14.8985,47.2265],[14.889,47.2229],[14.879,47.2215],[14.869,47.2221],[14.8585,47.2232],[14.8486,47.2261]]}},{"type":"Feature","properties":{"r":4,"n":"Zwickauer Mulde"},"geometry":{"type":"LineString","coordinates":[[12.7679,50.9805],[12.7742,50.9888],[12.7734,50.9989],[12.766,51.0065],[12.776,51.0062],[12.775,51.0163],[12.7854,51.019],[12.7952,51.023],[12.7903,51.0319],[12.7902,51.0423]]}},{"type":"Feature","properties":{"r":4,"n":"Úhlavka"},"geometry":{"type":"LineString","coordinates":[[12.7463,49.6839],[12.755,49.6787],[12.7634,49.6732],[12.7733,49.6708],[12.7833,49.6678],[12.7934,49.6667],[12.8093,49.6669],[12.8197,49.6651],[12.8307,49.665],[12.8413,49.6657]]}},{"type":"Feature","properties":{"r":4,"n":"Lippe"},"geometry":{"type":"LineString","coordinates":[[7.511,51.6193],[7.5008,51.618],[7.4894,51.6203],[7.4792,51.6188],[7.4697,51.6235],[7.4631,51.6312],[7.4543,51.638],[7.4489,51.6468],[7.4452,51.6581],[7.4355,51.6617]]}},{"type":"Feature","properties":{"r":4,"n":"Eider"},"geometry":{"type":"LineString","coordinates":[[9.3006,54.273],[9.289,54.2748],[9.2818,54.2842],[9.275,54.293],[9.2711,54.3024],[9.2599,54.305],[9.2726,54.3079],[9.2726,54.3186],[9.2672,54.3282],[9.2672,54.3385]]}},{"type":"Feature","properties":{"r":4,"n":"Oste"},"geometry":{"type":"LineString","coordinates":[[9.5635,53.2814],[9.5531,53.2839],[9.543,53.2847],[9.533,53.2843],[9.5231,53.2865],[9.5135,53.2823],[9.5053,53.2765],[9.4953,53.2774],[9.4853,53.2756],[9.4752,53.277]]}},{"type":"Feature","properties":{"r":4,"n":"Niers"},"geometry":{"type":"LineString","coordinates":[[6.2745,51.5872],[6.2588,51.5867],[6.2495,51.592],[6.2435,51.6015],[6.2479,51.6109],[6.2378,51.6134],[6.2278,51.6122],[6.2187,51.6214],[6.2099,51.6273],[6.2001,51.6296]]}},{"type":"Feature","properties":{"r":4,"n":"Steinhuder Meerbach"},"geometry":{"type":"LineString","coordinates":[[9.1737,52.5326],[9.1724,52.5435],[9.1771,52.5525],[9.183,52.5609],[9.1873,52.5709],[9.1947,52.5789],[9.2008,52.5872],[9.2082,52.5955],[9.2175,52.6012],[9.2229,52.6104]]}},{"type":"Feature","properties":{"r":4,"n":"Erse"},"geometry":{"type":"LineString","coordinates":[[10.2478,52.4628],[10.2379,52.4653],[10.2319,52.4733],[10.2227,52.4774],[10.2128,52.4819],[10.2034,52.4862],[10.1938,52.4894],[10.1837,52.4902],[10.1744,52.4942],[10.1662,52.5003]]}},{"type":"Feature","properties":{"r":4,"n":"Vechte"},"geometry":{"type":"LineString","coordinates":[[6.9627,52.5075],[6.9561,52.5155],[6.9535,52.5253],[6.9505,52.5353],[6.9495,52.5454],[6.9491,52.556],[6.9485,52.5666],[6.9402,52.5751],[6.9303,52.5778],[6.9181,52.5855]]}},{"type":"Feature","properties":{"r":4,"n":"Vechte"},"geometry":{"type":"LineString","coordinates":[[6.8428,52.6014],[6.8328,52.6018],[6.8133,52.5979],[6.8035,52.6012],[6.7937,52.6052],[6.777,52.6084],[6.7668,52.608],[6.7541,52.61],[6.7421,52.6122],[6.7316,52.6125]]}},{"type":"Feature","properties":{"r":4,"n":"Vidå"},"geometry":{"type":"LineString","coordinates":[[8.7516,54.8986],[8.7403,54.8994],[8.7301,54.8995],[8.7212,54.9047],[8.7152,54.9129],[8.7144,54.923],[8.7083,54.9319],[8.7045,54.9419],[8.699,54.9516],[8.6885,54.955]]}},{"type":"Feature","properties":{"r":4,"n":"Seeve"},"geometry":{"type":"LineString","coordinates":[[9.8821,53.2657],[9.8905,53.2714],[9.8994,53.276],[9.9082,53.2808],[9.916,53.2873],[9.9252,53.2928],[9.9341,53.2984],[9.9435,53.3025],[9.9535,53.3046],[9.9639,53.3084]]}},{"type":"Feature","properties":{"r":4,"n":"Ems"},"geometry":{"type":"LineString","coordinates":[[7.7782,51.99],[7.77,51.996],[7.7746,52.0052],[7.7653,52.0089],[7.7552,52.0089],[7.745,52.0077],[7.7374,52.0142],[7.7281,52.0182],[7.7209,52.0257],[7.7144,52.0333]]}},{"type":"Feature","properties":{"r":4,"n":"Twiste"},"geometry":{"type":"LineString","coordinates":[[9.0956,51.4002],[9.1039,51.4064],[9.1098,51.4145],[9.1188,51.4193],[9.1165,51.4293],[9.117,51.4395],[9.1138,51.4495],[9.1162,51.4599],[9.1192,51.4703],[9.1271,51.4767]]}},{"type":"Feature","properties":{"r":4,"n":"Bramau"},"geometry":{"type":"LineString","coordinates":[[9.8793,53.9188],[9.8693,53.9191],[9.8589,53.9197],[9.849,53.9223],[9.8389,53.9248],[9.8288,53.9252],[9.8181,53.9266],[9.808,53.9267],[9.7978,53.9258],[9.7876,53.9258]]}},{"type":"Feature","properties":{"r":4,"n":"Stör"},"geometry":{"type":"LineString","coordinates":[[10.0577,54.0413],[10.0482,54.0452],[10.0382,54.0477],[10.0266,54.0489],[10.0172,54.0525],[10.0072,54.0533],[9.9961,54.0538],[9.9855,54.0544],[9.9752,54.0553],[9.9652,54.054]]}},{"type":"Feature","properties":{"r":4,"n":"Leine"},"geometry":{"type":"LineString","coordinates":[[9.4868,52.4397],[9.4769,52.4415],[9.4795,52.4512],[9.4693,52.4543],[9.4744,52.463],[9.479,52.4719],[9.4783,52.4822],[9.4839,52.4907],[9.4736,52.491],[9.4705,52.5009]]}},{"type":"Feature","properties":{"r":6,"n":"Mittellandkanal"},"geometry":{"type":"LineString","coordinates":[[9.7119,52.4173],[9.7014,52.421],[9.69,52.4233],[9.6737,52.423],[9.6519,52.4226],[9.6419,52.4217],[9.6281,52.4186],[9.6184,52.416],[9.605,52.4126],[9.595,52.4091]]}},{"type":"Feature","properties":{"r":6,"n":"Hahnenmoorkanal"},"geometry":{"type":"LineString","coordinates":[[7.7717,52.6767],[7.749,52.6773],[7.7315,52.6778],[7.7185,52.6781],[7.708,52.6784],[7.6934,52.6788],[7.6801,52.6791],[7.6689,52.6795],[7.6576,52.6803],[7.6476,52.6852]]}},{"type":"Feature","properties":{"r":6,"n":"Ems-Seitenkanal"},"geometry":{"type":"LineString","coordinates":[[7.3351,53.3259],[7.3249,53.3328],[7.3123,53.3344],[7.2996,53.3361],[7.2797,53.3386],[7.2694,53.3399],[7.2585,53.3416],[7.2476,53.3458],[7.2344,53.3512],[7.223,53.3516]]}},{"type":"Feature","properties":{"r":6,"n":"Ommerkanaal"},"geometry":{"type":"LineString","coordinates":[[6.4448,52.5982],[6.4473,52.5856],[6.4491,52.5757],[6.4379,52.5672],[6.4268,52.5603],[6.4192,52.5512],[6.414,52.5412],[6.4102,52.5316],[6.4029,52.5243],[6.3954,52.5175]]}},{"type":"Feature","properties":{"r":4,"n":"Werra"},"geometry":{"type":"LineString","coordinates":[[9.9443,51.3134],[9.9342,51.3145],[9.9242,51.3134],[9.9154,51.3205],[9.9058,51.3246],[9.8976,51.3176],[9.8867,51.3198],[9.8801,51.3275],[9.8805,51.3379],[9.8742,51.3462]]}},{"type":"Feature","properties":{"r":4,"n":"Maas"},"geometry":{"type":"LineString","coordinates":[[5.992,51.2285],[6.0012,51.2333],[6.0076,51.2434],[6.0073,51.2551],[6.0085,51.2651],[6.0191,51.2658],[6.0291,51.2694],[6.0398,51.2808],[6.0482,51.2865],[6.0585,51.2902]]}},{"type":"Feature","properties":{"r":4,"n":"Lippe"},"geometry":{"type":"LineString","coordinates":[[7.8201,51.6868],[7.809,51.6826],[7.7976,51.6818],[7.7865,51.6809],[7.7752,51.6817],[7.7635,51.6782],[7.7509,51.6759],[7.7362,51.6732],[7.725,51.6712],[7.7146,51.6705]]}},{"type":"Feature","properties":{"r":4,"n":"Hase"},"geometry":{"type":"LineString","coordinates":[[8.2549,52.2237],[8.2481,52.2331],[8.243,52.2421],[8.2334,52.2462],[8.2236,52.2486],[8.2141,52.2518],[8.2041,52.2536],[8.1945,52.2572],[8.1849,52.2617],[8.1747,52.2598]]}},{"type":"Feature","properties":{"r":4,"n":"Rhein"},"geometry":{"type":"LineString","coordinates":[[6.5092,51.6616],[6.4963,51.6619],[6.4859,51.664],[6.4774,51.6694],[6.4725,51.6797],[6.4689,51.6923],[6.4604,51.7024],[6.4495,51.7071],[6.433,51.7095],[6.4226,51.7107]]}},{"type":"Feature","properties":{"r":4,"n":"Vehne"},"geometry":{"type":"LineString","coordinates":[[8.0595,53.0032],[8.0638,53.0124],[8.0691,53.0223],[8.0746,53.031],[8.0717,53.0413],[8.0647,53.0498],[8.0556,53.0543],[8.0489,53.0634],[8.0537,53.0727],[8.0591,53.0815]]}},{"type":"Feature","properties":{"r":4,"n":"Heubach"},"geometry":{"type":"LineString","coordinates":[[7.0747,51.8857],[7.0771,51.8756],[7.075,51.8658],[7.0815,51.8578],[7.09,51.8507],[7.0994,51.8465],[7.1091,51.8409],[7.1177,51.8356],[7.1269,51.8314],[7.1367,51.8294]]}},{"type":"Feature","properties":{"r":4,"n":"Nethe"},"geometry":{"type":"LineString","coordinates":[[9.1702,51.7014],[9.1803,51.7048],[9.1902,51.7063],[9.2008,51.7076],[9.2099,51.7029],[9.2156,51.6946],[9.2247,51.6904],[9.2343,51.694],[9.242,51.7007],[9.2452,51.7103]]}},{"type":"Feature","properties":{"r":6,"n":"Westerwijtwerdermaar"},"geometry":{"type":"LineString","coordinates":[[6.6275,53.3384],[6.6375,53.3392],[6.646,53.3331],[6.6514,53.3236],[6.6567,53.3145],[6.6636,53.3071],[6.6748,53.3064],[6.6842,53.3024],[6.6927,53.2955],[6.701,53.2892]]}},{"type":"Feature","properties":{"r":4,"n":"Steinhuder Meerbach"},"geometry":{"type":"LineString","coordinates":[[9.2235,52.4747],[9.2126,52.4757],[9.2025,52.477],[9.1925,52.4788],[9.1825,52.4797],[9.1741,52.4883],[9.1742,52.4993],[9.1746,52.5101],[9.175,52.522],[9.173,52.5318]]}},{"type":"Feature","properties":{"r":6,"n":"Breitenburger Kanal"},"geometry":{"type":"LineString","coordinates":[[9.6555,53.8896],[9.6436,53.8881],[9.6322,53.8878],[9.6198,53.8874],[9.6088,53.888],[9.5985,53.8907],[9.5905,53.8971],[9.5802,53.8967],[9.5697,53.9006],[9.5579,53.9027]]}},{"type":"Feature","properties":{"r":4,"n":"Aller"},"geometry":{"type":"LineString","coordinates":[[9.6997,52.6833],[9.69,52.6861],[9.6797,52.6848],[9.6695,52.6836],[9.6601,52.6876],[9.6572,52.6977],[9.647,52.7033],[9.6361,52.7041],[9.6248,52.7049],[9.6155,52.7094]]}},{"type":"Feature","properties":{"r":4,"n":"Dadau"},"geometry":{"type":"LineString","coordinates":[[8.2947,52.6519],[8.3017,52.6601],[8.3087,52.6673],[8.3084,52.6783],[8.3142,52.689],[8.3245,52.6871],[8.3347,52.687],[8.345,52.6875],[8.3553,52.6868],[8.3625,52.6792]]}},{"type":"Feature","properties":{"r":4,"n":"Bramau"},"geometry":{"type":"LineString","coordinates":[[9.7872,53.9257],[9.7762,53.9255],[9.7659,53.927],[9.7559,53.9298],[9.7459,53.93],[9.7369,53.9348],[9.7266,53.9312],[9.7162,53.9306],[9.7049,53.929],[9.6966,53.9349]]}},{"type":"Feature","properties":{"r":4,"n":"Rohr"},"geometry":{"type":"LineString","coordinates":[[8.721,53.504],[8.7102,53.5035],[8.6998,53.5079],[8.689,53.5121],[8.6785,53.5105],[8.6689,53.507],[8.6564,53.5062],[8.6461,53.5056],[8.6363,53.5028],[8.6257,53.5015]]}},{"type":"Feature","properties":{"r":6,"n":"Opsterlandse Compagnonsvaart"},"geometry":{"type":"LineString","coordinates":[[6.2788,52.9926],[6.2652,52.992],[6.2481,53.0037],[6.2369,53.0148],[6.2296,53.022],[6.2204,53.0322],[6.2044,53.045],[6.192,53.0421],[6.1807,53.0376],[6.1712,53.0337]]}},{"type":"Feature","properties":{"r":4,"n":"Siede"},"geometry":{"type":"LineString","coordinates":[[8.9205,52.6823],[8.9172,52.672],[8.9209,52.6624],[8.9261,52.6525],[8.9309,52.6434],[8.9343,52.6335],[8.9324,52.6235],[8.9252,52.6161],[8.9313,52.6079],[8.9395,52.6018]]}},{"type":"Feature","properties":{"r":4,"n":"Hohe Hase"},"geometry":{"type":"LineString","coordinates":[[7.9965,52.4343],[8.0066,52.4366],[8.0159,52.4405],[8.0245,52.4457],[8.0294,52.4547],[8.0269,52.4645],[8.0254,52.4744],[8.029,52.4838],[8.0303,52.4939],[8.0227,52.5009]]}},{"type":"Feature","properties":{"r":4,"n":"Berkel"},"geometry":{"type":"LineString","coordinates":[[6.291,52.1531],[6.2811,52.1514],[6.2705,52.1505],[6.2602,52.147],[6.2491,52.1475],[6.2392,52.146],[6.2285,52.146],[6.2185,52.1468],[6.2084,52.1457],[6.2022,52.1371]]}},{"type":"Feature","properties":{"r":4,"n":"Weser"},"geometry":{"type":"LineString","coordinates":[[9.2036,52.6943],[9.2137,52.6886],[9.225,52.6929],[9.2164,52.6998],[9.2186,52.7108],[9.2265,52.7171],[9.2159,52.7218],[9.2063,52.716],[9.2016,52.7261],[9.1918,52.7337]]}},{"type":"Feature","properties":{"r":4,"n":"Wümme - Mittelarm"},"geometry":{"type":"LineString","coordinates":[[9.0517,53.1109],[9.042,53.108],[9.0322,53.1058],[9.0222,53.1028],[9.012,53.1038],[9.0009,53.1058],[8.9903,53.1053],[8.9802,53.1055],[8.9711,53.1098],[8.9623,53.1147]]}},{"type":"Feature","properties":{"r":6,"n":"Noordervaart"},"geometry":{"type":"LineString","coordinates":[[5.7646,51.2786],[5.786,51.2858],[5.7987,51.2901],[5.8114,51.2944],[5.8241,51.2987],[5.8366,51.303],[5.849,51.3071],[5.8617,51.3114],[5.8743,51.3157],[5.884,51.3189]]}},{"type":"Feature","properties":{"r":6,"n":"Hoogeveensche Vaart"},"geometry":{"type":"LineString","coordinates":[[6.261,52.6899],[6.2437,52.6896],[6.2337,52.6885],[6.2237,52.6843],[6.2135,52.6802],[6.204,52.6762],[6.1923,52.6747],[6.1815,52.6748],[6.1623,52.6793],[6.1509,52.682]]}},{"type":"Feature","properties":{"r":6,"n":"Ems-Jade-Kanal"},"geometry":{"type":"LineString","coordinates":[[7.5742,53.4531],[7.5861,53.4564],[7.6015,53.4608],[7.6127,53.462],[7.6355,53.4617],[7.6588,53.4614],[7.6716,53.4616],[7.6866,53.4619],[7.717,53.4624],[7.7412,53.4629]]}},{"type":"Feature","properties":{"r":4,"n":"Lühe"},"geometry":{"type":"LineString","coordinates":[[9.5938,53.515],[9.6004,53.5227],[9.6077,53.5303],[9.6136,53.5386],[9.6234,53.5415],[9.6128,53.5436],[9.6069,53.5529],[9.6107,53.5624],[9.6207,53.5669],[9.6308,53.567]]}},{"type":"Feature","properties":{"r":4,"n":"Süderau"},"geometry":{"type":"LineString","coordinates":[[9.1394,54.0586],[9.1259,54.0584],[9.116,54.0612],[9.106,54.0635],[9.0956,54.0642],[9.0885,54.0716],[9.0795,54.0775],[9.0694,54.0768],[9.0604,54.0829],[9.0507,54.0873]]}},{"type":"Feature","properties":{"r":4,"n":"Weser"},"geometry":{"type":"LineString","coordinates":[[9.1507,52.9647],[9.1385,52.9648],[9.1283,52.9641],[9.1191,52.9686],[9.11,52.9733],[9.1047,52.9648],[9.0941,52.9649],[9.0847,52.9718],[9.075,52.9766],[9.0774,52.9874]]}},{"type":"Feature","properties":{"r":6,"n":"Stichkanal Hannover-Linden"},"geometry":{"type":"LineString","coordinates":[[9.6721,52.3877],[9.6617,52.3906],[9.6508,52.3915],[9.639,52.3916],[9.6263,52.3903],[9.6136,52.389],[9.6019,52.3888],[9.5899,52.3897],[9.5736,52.393],[9.5579,52.3967]]}},{"type":"Feature","properties":{"r":4,"n":"Meiße"},"geometry":{"type":"LineString","coordinates":[[9.7791,52.7164],[9.7681,52.7124],[9.7552,52.7115],[9.7449,52.7108],[9.7345,52.712],[9.7235,52.7125],[9.7131,52.7169],[9.7015,52.7199],[9.6904,52.7215],[9.6798,52.7247]]}},{"type":"Feature","properties":{"r":6,"n":"Noordertocht"},"geometry":{"type":"LineString","coordinates":[[5.6581,52.5849],[5.6411,52.5838],[5.626,52.5813],[5.6111,52.5789],[5.5975,52.5767],[5.5826,52.5742],[5.5692,52.572],[5.5508,52.5615],[5.5343,52.5515],[5.527,52.5399]]}},{"type":"Feature","properties":{"r":4,"n":"Oude Rijn"},"geometry":{"type":"LineString","coordinates":[[6.1032,51.8925],[6.0934,51.8953],[6.0838,51.8983],[6.0751,51.9033],[6.0644,51.9036],[6.0549,51.9003],[6.0448,51.902],[6.0376,51.9091],[6.0283,51.9141],[6.0182,51.9164]]}},{"type":"Feature","properties":{"r":4,"n":"Drepte"},"geometry":{"type":"LineString","coordinates":[[8.6118,53.3943],[8.6016,53.3975],[8.5915,53.3981],[8.5816,53.3996],[8.5637,53.4023],[8.5526,53.4014],[8.5425,53.4043],[8.5293,53.4037],[8.518,53.4031],[8.5072,53.4031]]}},{"type":"Feature","properties":{"r":4,"n":"Örtze"},"geometry":{"type":"LineString","coordinates":[[10.0901,52.8394],[10.0926,52.8296],[10.0989,52.8215],[10.0974,52.8116],[10.096,52.8014],[10.0865,52.798],[10.0803,52.7899],[10.078,52.78],[10.0696,52.7743],[10.0611,52.7683]]}},{"type":"Feature","properties":{"r":4,"n":"Benser Tief"},"geometry":{"type":"LineString","coordinates":[[7.6178,53.6089],[7.6072,53.6092],[7.5953,53.6105],[7.5848,53.6127],[7.5899,53.6215],[7.5898,53.6317],[7.5865,53.6413],[7.593,53.6539],[7.5866,53.665],[7.5788,53.6717]]}},{"type":"Feature","properties":{"r":6,"n":"Oranjekanaal"},"geometry":{"type":"LineString","coordinates":[[6.7693,52.8515],[6.7589,52.8469],[6.7493,52.8433],[6.7388,52.8403],[6.7278,52.8397],[6.7137,52.843],[6.7043,52.8466],[6.6925,52.8473],[6.6797,52.8482],[6.6667,52.8483]]}},{"type":"Feature","properties":{"r":4,"n":"Maas"},"geometry":{"type":"LineString","coordinates":[[6.1715,51.4573],[6.1791,51.467],[6.1753,51.4764],[6.1684,51.484],[6.1684,51.4959],[6.168,51.5064],[6.1591,51.5133],[6.1492,51.5161],[6.1396,51.5207],[6.1307,51.5261]]}},{"type":"Feature","properties":{"r":4,"n":"Lenne"},"geometry":{"type":"LineString","coordinates":[[9.6121,51.9438],[9.6034,51.9531],[9.5931,51.9536],[9.5831,51.9599],[9.5778,51.9687],[9.5673,51.9713],[9.5581,51.9771],[9.547,51.9802],[9.5369,51.9821],[9.5267,51.9823]]}},{"type":"Feature","properties":{"r":4,"n":"Weser"},"geometry":{"type":"LineString","coordinates":[[9.1472,52.1856],[9.1357,52.1789],[9.1237,52.1748],[9.1138,52.1774],[9.1034,52.18],[9.105,52.1903],[9.0959,52.1945],[9.0854,52.1908],[9.0753,52.1909],[9.0661,52.1953]]}},{"type":"Feature","properties":{"r":4,"n":"Rhein"},"geometry":{"type":"LineString","coordinates":[[6.601,51.635],[6.6045,51.6455],[6.598,51.6546],[6.5855,51.6592],[6.5709,51.6599],[6.5567,51.6583],[6.5461,51.6581],[6.5331,51.6607],[6.5221,51.6622],[6.5092,51.6616]]}},{"type":"Feature","properties":{"r":4,"n":"Rhein"},"geometry":{"type":"LineString","coordinates":[[6.6438,51.5754],[6.6313,51.5699],[6.62,51.5667],[6.6092,51.5672],[6.5979,51.5752],[6.5986,51.5882],[6.5962,51.6017],[6.5891,51.6144],[6.5877,51.6254],[6.601,51.635]]}},{"type":"Feature","properties":{"r":4,"n":"Elbe"},"geometry":{"type":"LineString","coordinates":[[13.3117,51.3069],[13.3009,51.3082],[13.2916,51.3141],[13.2922,51.3253],[13.2926,51.3364],[13.2847,51.3447],[13.2734,51.3483],[13.2619,51.3477],[13.248,51.349],[13.2374,51.353]]}},{"type":"Feature","properties":{"r":4,"n":"Trave"},"geometry":{"type":"LineString","coordinates":[[10.5551,53.8247],[10.5646,53.8304],[10.5728,53.8365],[10.583,53.8363],[10.5929,53.8388],[10.6034,53.8392],[10.613,53.8426],[10.6229,53.8477],[10.6332,53.8487],[10.6443,53.8475]]}},{"type":"Feature","properties":{"r":4,"n":"Havel"},"geometry":{"type":"LineString","coordinates":[[12.4203,52.4366],[12.4211,52.4466],[12.4308,52.4558],[12.4371,52.464],[12.4444,52.4714],[12.4505,52.4798],[12.4549,52.4918],[12.4476,52.4992],[12.4355,52.5019],[12.4235,52.5017]]}},{"type":"Feature","properties":{"r":4,"n":"Havel"},"geometry":{"type":"LineString","coordinates":[[12.067,52.8254],[12.0609,52.8345],[12.0551,52.845],[12.0488,52.8586],[12.049,52.8717],[12.048,52.8817],[12.0392,52.8871],[12.0295,52.8834],[12.0188,52.8849],[12.0102,52.8786]]}},{"type":"Feature","properties":{"r":4,"n":"Elbe"},"geometry":{"type":"LineString","coordinates":[[12.0419,52.8403],[12.0362,52.8487],[12.0257,52.8535],[12.0225,52.8633],[12.0189,52.8734],[12.0062,52.8739],[11.9949,52.8745],[11.9827,52.8731],[11.9715,52.8725],[11.9614,52.8784]]}},{"type":"Feature","properties":{"r":4,"n":"Mulde"},"geometry":{"type":"LineString","coordinates":[[12.683,51.4022],[12.6751,51.409],[12.6654,51.4135],[12.6583,51.4207],[12.6508,51.4278],[12.6473,51.4381],[12.6512,51.4485],[12.6466,51.4578],[12.6393,51.4651],[12.6471,51.4723]]}},{"type":"Feature","properties":{"r":4,"n":"Schwarze Elster"},"geometry":{"type":"LineString","coordinates":[[13.7117,51.4593],[13.6595,51.4622],[13.6473,51.4629],[13.637,51.4633],[13.626,51.4613],[13.6162,51.4568],[13.6039,51.4544],[13.5852,51.453],[13.5694,51.4534],[13.5581,51.4543]]}},{"type":"Feature","properties":{"r":4,"n":"Zarow"},"geometry":{"type":"LineString","coordinates":[[13.9475,53.7168],[13.9609,53.7227],[13.9669,53.7309],[13.9739,53.7386],[13.9838,53.737],[13.9941,53.7383],[14.0002,53.7471],[14.0097,53.751],[14.0197,53.7526],[14.029,53.7566]]}},{"type":"Feature","properties":{"r":4,"n":"Warnow"},"geometry":{"type":"LineString","coordinates":[[11.5796,53.6431],[11.5816,53.6532],[11.5717,53.6552],[11.5644,53.6623],[11.5601,53.6714],[11.5686,53.6773],[11.5774,53.6828],[11.5874,53.6823],[11.5966,53.6865],[11.6061,53.6904]]}},{"type":"Feature","properties":{"r":4,"n":"Ina"},"geometry":{"type":"LineString","coordinates":[[15.1175,53.2885],[15.1063,53.2889],[15.0957,53.2898],[15.0854,53.2919],[15.0772,53.2982],[15.0705,53.307],[15.0611,53.3131],[15.0521,53.3176],[15.0461,53.326],[15.0486,53.336]]}},{"type":"Feature","properties":{"r":6,"n":"Voßkanal"},"geometry":{"type":"LineString","coordinates":[[13.3431,52.9772],[13.3496,52.9696],[13.3552,52.9613],[13.3663,52.9556],[13.3751,52.9501],[13.3786,52.9405],[13.3771,52.9304],[13.3824,52.9216],[13.3819,52.9116],[13.3806,52.8989]]}},{"type":"Feature","properties":{"r":4,"n":"Zorge"},"geometry":{"type":"LineString","coordinates":[[10.656,51.5966],[10.6631,51.5893],[10.6709,51.5815],[10.6814,51.5797],[10.6916,51.5791],[10.7011,51.5759],[10.7092,51.5699],[10.7184,51.5656],[10.7257,51.5584],[10.7354,51.5543]]}},{"type":"Feature","properties":{"r":4,"n":"Spree"},"geometry":{"type":"LineString","coordinates":[[14.2685,52.1932],[14.2747,52.2012],[14.2721,52.211],[14.2725,52.221],[14.2734,52.2312],[14.2653,52.238],[14.2593,52.2463],[14.2603,52.2564],[14.2713,52.2567],[14.2813,52.2575]]}},{"type":"Feature","properties":{"r":4,"n":"Ilmenau"},"geometry":{"type":"LineString","coordinates":[[10.5651,52.9755],[10.5692,52.9852],[10.5595,52.9884],[10.5562,52.9979],[10.5591,53.0075],[10.565,53.0158],[10.5712,53.0237],[10.5799,53.0293],[10.5793,53.0396],[10.5889,53.0438]]}},{"type":"Feature","properties":{"r":4,"n":"Bóbr"},"geometry":{"type":"LineString","coordinates":[[15.3332,51.6076],[15.3228,51.6104],[15.3159,51.6178],[15.3201,51.6271],[15.3131,51.6345],[15.3029,51.6346],[15.3007,51.6453],[15.3044,51.6556],[15.3081,51.666],[15.2989,51.6718]]}},{"type":"Feature","properties":{"r":4,"n":"Randow (zur Welse)"},"geometry":{"type":"LineString","coordinates":[[14.0936,53.2299],[14.0834,53.2302],[14.0832,53.2182],[14.0841,53.2079],[14.0882,53.1956],[14.092,53.1843],[14.1015,53.1722],[14.1119,53.1754],[14.1189,53.1678],[14.1267,53.1614]]}},{"type":"Feature","properties":{"r":4,"n":"Bode"},"geometry":{"type":"LineString","coordinates":[[11.3348,52.0029],[11.3453,52.0024],[11.3556,52.001],[11.3656,51.999],[11.3746,51.9943],[11.3837,51.9893],[11.394,51.9861],[11.4043,51.9836],[11.4116,51.9762],[11.4196,51.97]]}},{"type":"Feature","properties":{"r":4,"n":"Saale"},"geometry":{"type":"LineString","coordinates":[[11.7873,51.581],[11.7752,51.5809],[11.7638,51.5812],[11.7568,51.589],[11.7562,51.5991],[11.7641,51.6072],[11.7548,51.614],[11.7489,51.6231],[11.7519,51.6334],[11.7456,51.6414]]}},{"type":"Feature","properties":{"r":6,"n":"Bützow-Güstrow-Kanal"},"geometry":{"type":"LineString","coordinates":[[12.1305,53.817],[12.1202,53.8231],[12.1079,53.8275],[12.0958,53.8296],[12.082,53.8305],[12.071,53.8298],[12.0592,53.8285],[12.0455,53.8272],[12.0332,53.8252],[12.0145,53.8321]]}},{"type":"Feature","properties":{"r":4,"n":"Elbe"},"geometry":{"type":"LineString","coordinates":[[10.784,53.2905],[10.7728,53.292],[10.7623,53.2928],[10.752,53.2945],[10.7423,53.2971],[10.7334,53.303],[10.7308,53.3127],[10.7379,53.3215],[10.7409,53.3311],[10.7378,53.3408]]}},{"type":"Feature","properties":{"r":4,"n":"Lüchower Landgraben"},"geometry":{"type":"LineString","coordinates":[[11.3729,52.9036],[11.3626,52.903],[11.3506,52.9007],[11.3365,52.8982],[11.3264,52.8959],[11.3156,52.8943],[11.3002,52.8939],[11.2877,52.895],[11.2775,52.8948],[11.2653,52.8958]]}},{"type":"Feature","properties":{"r":4,"n":"Kleine Spree"},"geometry":{"type":"LineString","coordinates":[[14.3774,51.4529],[14.362,51.4575],[14.3512,51.4635],[14.3568,51.4718],[14.3656,51.4772],[14.3747,51.4823],[14.3785,51.4926],[14.3871,51.4986],[14.398,51.4984],[14.4032,51.5072]]}},{"type":"Feature","properties":{"r":4,"n":"Havel"},"geometry":{"type":"LineString","coordinates":[[13.3665,53.0823],[13.3574,53.0773],[13.3497,53.0709],[13.3393,53.0728],[13.3303,53.0681],[13.3186,53.0654],[13.3082,53.0622],[13.2997,53.0566],[13.2995,53.0465],[13.3082,53.0406]]}},{"type":"Feature","properties":{"r":4,"n":"Rega"},"geometry":{"type":"LineString","coordinates":[[15.2324,53.8784],[15.2266,53.8866],[15.2249,53.8965],[15.2178,53.9044],[15.2079,53.9069],[15.2031,53.9157],[15.2115,53.9221],[15.2201,53.9279],[15.229,53.9335],[15.2393,53.9369]]}},{"type":"Feature","properties":{"r":4,"n":"Schwarze Elster"},"geometry":{"type":"LineString","coordinates":[[14.2035,51.4671],[14.1965,51.4769],[14.1905,51.4876],[14.1628,51.4914],[14.1505,51.493],[14.141,51.4885],[14.1299,51.4872],[14.1142,51.487],[14.1046,51.4912],[14.0918,51.4938]]}},{"type":"Feature","properties":{"r":4,"n":"Stepnica"},"geometry":{"type":"LineString","coordinates":[[15.0004,53.6328],[14.9971,53.6423],[14.992,53.6516],[14.9819,53.651],[14.9717,53.6491],[14.9615,53.6478],[14.9515,53.6472],[14.9415,53.6456],[14.9318,53.6427],[14.9227,53.6383]]}},{"type":"Feature","properties":{"r":4,"n":"Rega"},"geometry":{"type":"LineString","coordinates":[[15.2682,53.8008],[15.266,53.8107],[15.271,53.8197],[15.2769,53.828],[15.2695,53.8403],[15.261,53.8469],[15.2487,53.8507],[15.2386,53.8559],[15.2301,53.8637],[15.2314,53.8771]]}},{"type":"Feature","properties":{"r":4,"n":"Mała Ina"},"geometry":{"type":"LineString","coordinates":[[15.1952,53.1967],[15.1866,53.202],[15.1765,53.203],[15.1666,53.2045],[15.1564,53.2068],[15.1464,53.2085],[15.1365,53.21],[15.1264,53.2137],[15.1204,53.2241],[15.1172,53.2337]]}},{"type":"Feature","properties":{"r":4,"n":"Lubniewka"},"geometry":{"type":"LineString","coordinates":[[15.188,52.5983],[15.1885,52.6083],[15.1834,52.617],[15.1767,52.6247],[15.1667,52.6235],[15.1564,52.6238],[15.1451,52.6229],[15.1347,52.6215],[15.1252,52.6176],[15.1154,52.6155]]}},{"type":"Feature","properties":{"r":4,"n":"Warbel"},"geometry":{"type":"LineString","coordinates":[[12.7135,53.9665],[12.7133,53.9766],[12.72,53.9847],[12.7294,53.9811],[12.7383,53.9764],[12.7483,53.9792],[12.7574,53.9843],[12.759,53.9948],[12.7607,54.005],[12.7666,54.0136]]}},{"type":"Feature","properties":{"r":4,"n":"Postomia"},"geometry":{"type":"LineString","coordinates":[[15.1035,52.4517],[15.1073,52.4611],[15.1039,52.4707],[15.0972,52.4783],[15.0897,52.485],[15.08,52.4876],[15.0696,52.4881],[15.0672,52.498],[15.0683,52.508],[15.0637,52.517]]}},{"type":"Feature","properties":{"r":4,"n":"Mulde"},"geometry":{"type":"LineString","coordinates":[[12.3569,51.6548],[12.3467,51.6526],[12.3372,51.6559],[12.3277,51.6601],[12.3175,51.6604],[12.3293,51.6638],[12.336,51.6714],[12.3255,51.6699],[12.325,51.6802],[12.3145,51.6816]]}},{"type":"Feature","properties":{"r":4,"n":"Alter Rhin"},"geometry":{"type":"LineString","coordinates":[[12.9439,52.8008],[12.9356,52.793],[12.9259,52.7904],[12.9158,52.795],[12.905,52.7972],[12.895,52.7963],[12.8926,52.7864],[12.8821,52.7876],[12.8723,52.7906],[12.8605,52.7876]]}},{"type":"Feature","properties":{"r":4,"n":"Datze"},"geometry":{"type":"LineString","coordinates":[[13.3253,53.5736],[13.3168,53.5683],[13.3067,53.5681],[13.2965,53.5697],[13.2861,53.5689],[13.276,53.5709],[13.2661,53.5738],[13.2578,53.58],[13.2485,53.5841],[13.2385,53.5872]]}},{"type":"Feature","properties":{"r":4,"n":"Barthe"},"geometry":{"type":"LineString","coordinates":[[12.927,54.2602],[12.9165,54.2574],[12.9062,54.2568],[12.896,54.2579],[12.8855,54.2578],[12.8752,54.2582],[12.8652,54.2587],[12.8552,54.2589],[12.8452,54.2608],[12.831,54.2608]]}},{"type":"Feature","properties":{"r":4,"n":"Blinde Trebel"},"geometry":{"type":"LineString","coordinates":[[12.8694,54.1798],[12.8636,54.1716],[12.8539,54.1674],[12.8421,54.1605],[12.8271,54.1571],[12.8188,54.1504],[12.8176,54.1404],[12.8167,54.1299],[12.8054,54.1226],[12.8012,54.1135]]}},{"type":"Feature","properties":{"r":6,"n":"Ruppiner Kanal"},"geometry":{"type":"LineString","coordinates":[[13.0318,52.7789],[13.0416,52.7754],[13.0542,52.7767],[13.0647,52.779],[13.077,52.7819],[13.0901,52.7849],[13.1005,52.7856],[13.1157,52.7863],[13.1299,52.7878],[13.141,52.7892]]}},{"type":"Feature","properties":{"r":4,"n":"Dahmer Kanal"},"geometry":{"type":"LineString","coordinates":[[12.6654,53.72],[12.6755,53.7227],[12.6882,53.7277],[12.6982,53.7337],[12.7076,53.7374],[12.7196,53.741],[12.7294,53.7439],[12.742,53.7473],[12.7531,53.7469],[12.7627,53.7435]]}},{"type":"Feature","properties":{"r":4,"n":"Stepenitz"},"geometry":{"type":"LineString","coordinates":[[12.17,53.3182],[12.1587,53.3193],[12.1484,53.3187],[12.1385,53.3213],[12.1277,53.3208],[12.1181,53.3179],[12.108,53.313],[12.1011,53.3056],[12.0921,53.2998],[12.0885,53.2895]]}},{"type":"Feature","properties":{"r":4,"n":"Salzwedeler Dumme"},"geometry":{"type":"LineString","coordinates":[[10.9095,52.8028],[10.9147,52.8123],[10.9244,52.8152],[10.9375,52.8179],[10.949,52.8169],[10.959,52.8156],[10.969,52.8152],[10.9877,52.816],[10.9995,52.8143],[11.0095,52.8104]]}},{"type":"Feature","properties":{"r":4,"n":"Golec"},"geometry":{"type":"LineString","coordinates":[[14.8493,51.895],[14.8407,51.9003],[14.8306,51.899],[14.8206,51.9001],[14.8103,51.8993],[14.8001,51.8998],[14.7893,51.9028],[14.7799,51.9086],[14.7699,51.9112],[14.7596,51.9119]]}},{"type":"Feature","properties":{"r":4,"n":"Schwarze Elster"},"geometry":{"type":"LineString","coordinates":[[13.8853,51.4629],[13.8741,51.4625],[13.8639,51.4637],[13.8519,51.4651],[13.8155,51.4638],[13.7933,51.4627],[13.7828,51.4622],[13.7385,51.4598],[13.7233,51.4589],[13.7118,51.4593]]}},{"type":"Feature","properties":{"r":4,"n":"Prießnitz"},"geometry":{"type":"LineString","coordinates":[[13.8423,51.0948],[13.8322,51.094],[13.8229,51.0979],[13.8148,51.1043],[13.8061,51.1094],[13.7968,51.1133],[13.7919,51.1045],[13.7848,51.0974],[13.7752,51.0943]]}},{"type":"Feature","properties":{"r":4,"n":"Mur"},"geometry":{"type":"LineString","coordinates":[[15.358,47.2999],[15.3473,47.2977],[15.3371,47.2932],[15.3249,47.2911],[15.3125,47.2887],[15.3196,47.2812],[15.3301,47.2763],[15.3226,47.2666],[15.3164,47.2574]]}},{"type":"Feature","properties":{"r":4,"n":"Berounka"},"geometry":{"type":"LineString","coordinates":[[14.1099,49.9519],[14.1202,49.9523],[14.1291,49.9463],[14.1331,49.9357],[14.1431,49.93],[14.1556,49.9309],[14.1658,49.9323],[14.1762,49.9342],[14.1867,49.931]]}},{"type":"Feature","properties":{"r":4,"n":"Saale"},"geometry":{"type":"LineString","coordinates":[[11.5984,50.8303],[11.5993,50.8406],[11.6076,50.8489],[11.6184,50.852],[11.6117,50.8601],[11.6062,50.8689],[11.5974,50.8742],[11.6009,50.8837],[11.5963,50.8927]]}},{"type":"Feature","properties":{"r":4,"n":"Saalach"},"geometry":{"type":"LineString","coordinates":[[12.7485,47.6607],[12.7583,47.6632],[12.7676,47.6669],[12.7771,47.6704],[12.7845,47.6776],[12.7932,47.6827],[12.802,47.6881],[12.8121,47.6872],[12.8208,47.6822]]}},{"type":"Feature","properties":{"r":4,"n":"Sammelgerinne"},"geometry":{"type":"LineString","coordinates":[[14.3392,48.3031],[14.343,48.2937],[14.3488,48.2854],[14.3598,48.2815],[14.3673,48.2747],[14.3772,48.2729],[14.3875,48.2729],[14.3933,48.2647],[14.4034,48.265]]}},{"type":"Feature","properties":{"r":4,"n":"Waldaist"},"geometry":{"type":"LineString","coordinates":[[14.7249,48.4286],[14.7146,48.4308],[14.7046,48.4317],[14.6966,48.4252],[14.6875,48.421],[14.6776,48.4225],[14.6676,48.4211],[14.6575,48.418],[14.6474,48.4191]]}},{"type":"Feature","properties":{"r":4,"n":"Donau"},"geometry":{"type":"LineString","coordinates":[[13.5147,48.5906],[13.5248,48.5879],[13.5389,48.5794],[13.5475,48.5722],[13.5568,48.5672],[13.5687,48.5615],[13.5803,48.5599],[13.5879,48.5664],[13.5986,48.5689]]}},{"type":"Feature","properties":{"r":4,"n":"Hörsel"},"geometry":{"type":"LineString","coordinates":[[10.5222,50.9416],[10.5117,50.9419],[10.5014,50.9401],[10.4915,50.9422],[10.482,50.9456],[10.4698,50.9451],[10.4586,50.9439],[10.4485,50.9442],[10.4385,50.9449]]}},{"type":"Feature","properties":{"r":4,"n":"Berounka"},"geometry":{"type":"LineString","coordinates":[[14.3261,49.9603],[14.335,49.9675],[14.3451,49.9677],[14.3546,49.9718],[14.3616,49.9798],[14.3712,49.9849],[14.3814,49.9847],[14.3893,49.9916],[14.4004,49.9949]]}},{"type":"Feature","properties":{"r":4,"n":"Lech"},"geometry":{"type":"LineString","coordinates":[[10.9363,48.265],[10.9368,48.2755],[10.9436,48.283],[10.9427,48.2941],[10.9504,48.3008],[10.9474,48.3114],[10.9496,48.3225],[10.9422,48.3298],[10.9362,48.3386]]}},{"type":"Feature","properties":{"r":4,"n":"Moosach"},"geometry":{"type":"LineString","coordinates":[[11.6628,48.3541],[11.6719,48.3593],[11.681,48.3636],[11.6884,48.3719],[11.6974,48.3781],[11.7082,48.3866],[11.7148,48.3946],[11.7249,48.3938],[11.7349,48.3955]]}},{"type":"Feature","properties":{"r":4,"n":"Salzach"},"geometry":{"type":"LineString","coordinates":[[12.3179,47.2567],[12.3281,47.2594],[12.3364,47.2665],[12.3464,47.2681],[12.3559,47.2728],[12.3679,47.2725],[12.3781,47.2736],[12.3884,47.2771],[12.4003,47.279]]}},{"type":"Feature","properties":{"r":4,"n":"Schwarzer Regen"},"geometry":{"type":"LineString","coordinates":[[13.101,48.9737],[13.1064,48.9823],[13.0987,48.9891],[13.1045,48.9976],[13.0956,49.0029],[13.0971,49.0128],[13.0874,49.0157],[13.0809,49.0237],[13.0714,49.0192]]}},{"type":"Feature","properties":{"r":4,"n":"Freiberger Mulde"},"geometry":{"type":"LineString","coordinates":[[13.3732,50.9279],[13.375,50.9379],[13.3658,50.9423],[13.3592,50.95],[13.3529,50.9584],[13.3428,50.959],[13.3328,50.9583],[13.3242,50.9635],[13.3137,50.9664]]}},{"type":"Feature","properties":{"r":4,"n":"Attel"},"geometry":{"type":"LineString","coordinates":[[12.0148,47.9825],[12.0204,47.9742],[12.0306,47.9711],[12.0409,47.9704],[12.0521,47.9704],[12.0626,47.9707],[12.0611,47.9807],[12.0641,47.9914],[12.0724,47.9971]]}},{"type":"Feature","properties":{"r":4,"n":"Enns"},"geometry":{"type":"LineString","coordinates":[[13.9659,47.4563],[13.9772,47.4578],[13.9879,47.4654],[13.9972,47.4694],[14.0024,47.4781],[14.0106,47.4845],[14.0213,47.4875],[14.0317,47.4906],[14.0401,47.4968]]}},{"type":"Feature","properties":{"r":4,"n":"Enns"},"geometry":{"type":"LineString","coordinates":[[14.6501,47.7757],[14.6458,47.786],[14.64,47.7942],[14.6448,47.804],[14.6394,47.8133],[14.6434,47.8234],[14.6439,47.8336],[14.6378,47.842],[14.6392,47.852]]}},{"type":"Feature","properties":{"r":4,"n":"Regen"},"geometry":{"type":"LineString","coordinates":[[12.3396,49.1862],[12.3299,49.189],[12.3196,49.1882],[12.3108,49.1961],[12.301,49.1983],[12.2903,49.1963],[12.2806,49.1989],[12.2697,49.199],[12.2634,49.2069]]}},{"type":"Feature","properties":{"r":4,"n":"Schwarzach"},"geometry":{"type":"LineString","coordinates":[[11.3518,49.0431],[11.3615,49.0396],[11.3654,49.0303],[11.3705,49.0214],[11.3638,49.0138],[11.3574,49.0061],[11.3661,49.0011],[11.3766,49.0008],[11.3874,48.9992]]}},{"type":"Feature","properties":{"r":4,"n":"Mank"},"geometry":{"type":"LineString","coordinates":[[15.3327,48.1197],[15.3369,48.129],[15.3313,48.1375],[15.3227,48.1432],[15.3153,48.1501],[15.3072,48.156],[15.2974,48.159],[15.2889,48.1536],[15.2805,48.1478]]}},{"type":"Feature","properties":{"r":4,"n":"Melk"},"geometry":{"type":"LineString","coordinates":[[15.2067,48.0331],[15.1986,48.0393],[15.2034,48.0482],[15.2115,48.0541],[15.2162,48.0631],[15.2199,48.0724],[15.2261,48.0804],[15.2344,48.0861],[15.2434,48.0905]]}},{"type":"Feature","properties":{"r":4,"n":"Anlauter"},"geometry":{"type":"LineString","coordinates":[[11.2822,48.9862],[11.2915,48.99],[11.3015,48.9887],[11.3087,48.9817],[11.3188,48.9793],[11.3291,48.9796],[11.339,48.9818],[11.3483,48.978],[11.3575,48.9826]]}},{"type":"Feature","properties":{"r":4,"n":"Große Gusen"},"geometry":{"type":"LineString","coordinates":[[14.3524,48.454],[14.3607,48.4483],[14.3675,48.4407],[14.3738,48.4329],[14.3828,48.4281],[14.3911,48.4223],[14.3985,48.4155],[14.3992,48.4055],[14.4018,48.3957]]}},{"type":"Feature","properties":{"r":4,"n":"Aubach"},"geometry":{"type":"LineString","coordinates":[[13.3689,47.6303],[13.3581,47.6313],[13.3475,47.63],[13.3384,47.625],[13.33,47.6191],[13.3207,47.615],[13.3106,47.615],[13.3007,47.6104],[13.2971,47.6009]]}},{"type":"Feature","properties":{"r":4,"n":"Zwickauer Mulde"},"geometry":{"type":"LineString","coordinates":[[12.5044,50.7105],[12.5029,50.7205],[12.4982,50.7294],[12.4975,50.7395],[12.4945,50.7491],[12.4848,50.7527],[12.478,50.7611],[12.4793,50.7711],[12.4871,50.7778]]}},{"type":"Feature","properties":{"r":4,"n":"Wyhra"},"geometry":{"type":"LineString","coordinates":[[12.5777,51.0408],[12.5696,51.0472],[12.5605,51.0528],[12.5525,51.0589],[12.5429,51.0624],[12.5351,51.0694],[12.5257,51.0736],[12.5199,51.0821],[12.5152,51.0911]]}},{"type":"Feature","properties":{"r":6,"n":"Zubringer Fischteiche"},"geometry":{"type":"LineString","coordinates":[[11.6687,48.2032],[11.6832,48.201],[11.6938,48.2016],[11.7036,48.2047],[11.7151,48.2047],[11.7267,48.2059],[11.7365,48.208],[11.7466,48.209],[11.7583,48.2105]]}},{"type":"Feature","properties":{"r":4,"n":"Krems"},"geometry":{"type":"LineString","coordinates":[[14.1044,47.8584],[14.1145,47.8586],[14.1242,47.8618],[14.133,47.8671],[14.1338,47.8771],[14.1283,47.8858],[14.1209,47.8937],[14.1109,47.8975],[14.1043,47.9078]]}},{"type":"Feature","properties":{"r":4,"n":"Saalach"},"geometry":{"type":"LineString","coordinates":[[12.5425,47.3732],[12.5528,47.374],[12.563,47.3754],[12.5735,47.3756],[12.5841,47.3762],[12.5944,47.3786],[12.6038,47.3822],[12.6141,47.3849],[12.6256,47.3895]]}},{"type":"Feature","properties":{"r":4,"n":"Amper"},"geometry":{"type":"LineString","coordinates":[[11.7472,48.4521],[11.7559,48.4469],[11.7669,48.446],[11.7773,48.4472],[11.787,48.444],[11.7973,48.4396],[11.8063,48.4479],[11.8168,48.4467],[11.828,48.4478]]}},{"type":"Feature","properties":{"r":4,"n":"Isar"},"geometry":{"type":"LineString","coordinates":[[11.2584,47.4313],[11.2674,47.4363],[11.2718,47.4453],[11.2751,47.4549],[11.2806,47.4635],[11.2743,47.4714],[11.2791,47.4807],[11.2788,47.4908],[11.2833,47.4999]]}},{"type":"Feature","properties":{"r":4,"n":"Nahe"},"geometry":{"type":"LineString","coordinates":[[10.8187,50.5346],[10.8107,50.5285],[10.8025,50.5223],[10.7931,50.5187],[10.7842,50.5141],[10.7738,50.5097],[10.7638,50.5101],[10.7538,50.5084],[10.7438,50.5077]]}},{"type":"Feature","properties":{"r":4,"n":"Sázava"},"geometry":{"type":"LineString","coordinates":[[15.0334,49.7796],[15.0229,49.7856],[15.0119,49.787],[14.9998,49.7834],[14.9929,49.792],[14.983,49.7893],[14.9726,49.7915],[14.9624,49.7873],[14.9534,49.7917]]}},{"type":"Feature","properties":{"r":4,"n":"Wieseth"},"geometry":{"type":"LineString","coordinates":[[10.4557,49.1839],[10.4636,49.1776],[10.4698,49.1697],[10.4781,49.1641],[10.4878,49.1614],[10.498,49.1593],[10.5078,49.1569],[10.5178,49.1563],[10.5278,49.1567]]}},{"type":"Feature","properties":{"r":4,"n":"Ilm"},"geometry":{"type":"LineString","coordinates":[[11.3492,48.4286],[11.36,48.428],[11.3749,48.4284],[11.3859,48.4308],[11.3968,48.4321],[11.4072,48.4344],[11.4175,48.4357],[11.4284,48.4341],[11.4386,48.4325]]}},{"type":"Feature","properties":{"r":6,"n":"Main-Donau-Kanal"},"geometry":{"type":"LineString","coordinates":[[11.0258,49.7717],[11.0207,49.7813],[11.0128,49.7896],[11.0055,49.7987],[10.9999,49.8076],[10.9894,49.8119],[10.9803,49.8187],[10.9718,49.8258],[10.9632,49.8328]]}},{"type":"Feature","properties":{"r":4,"n":"Schnauder"},"geometry":{"type":"LineString","coordinates":[[12.38,51.0837],[12.3716,51.0894],[12.3617,51.0909],[12.3516,51.0913],[12.3419,51.0946],[12.3362,51.103],[12.3369,51.113],[12.3318,51.1217],[12.329,51.1313]]}},{"type":"Feature","properties":{"r":4,"n":"Litavka"},"geometry":{"type":"LineString","coordinates":[[14.0066,49.9208],[14.0148,49.9272],[14.0231,49.9337],[14.0309,49.9401],[14.0405,49.9443],[14.0495,49.9496],[14.0593,49.9547],[14.0696,49.9571],[14.0786,49.962]]}},{"type":"Feature","properties":{"r":4,"n":"Rodach"},"geometry":{"type":"LineString","coordinates":[[11.5045,50.3289],[11.4961,50.3231],[11.487,50.318],[11.4798,50.311],[11.4689,50.3078],[11.4625,50.3001],[11.4566,50.292],[11.447,50.2882],[11.4375,50.284]]}},{"type":"Feature","properties":{"r":4,"n":"Rodach"},"geometry":{"type":"LineString","coordinates":[[11.4049,50.2676],[11.3954,50.2634],[11.3899,50.2547],[11.3856,50.2454],[11.379,50.2375],[11.3699,50.2332],[11.3589,50.2318],[11.3486,50.2302],[11.3373,50.2305]]}},{"type":"Feature","properties":{"r":4,"n":"Vltava"},"geometry":{"type":"LineString","coordinates":[[13.8931,48.8589],[13.9013,48.853],[13.9118,48.855],[13.9215,48.8512],[13.9268,48.8426],[13.9349,48.8357],[13.9355,48.8254],[13.9435,48.8194],[13.9464,48.8094]]}},{"type":"Feature","properties":{"r":6,"n":"Schwarzenberský kanál"},"geometry":{"type":"LineString","coordinates":[[13.8128,48.8036],[13.8207,48.81],[13.829,48.8158],[13.8326,48.8253],[13.8429,48.8274],[13.8533,48.8273],[13.8608,48.8206],[13.8574,48.8111],[13.867,48.8142]]}},{"type":"Feature","properties":{"r":6,"n":"Vraňansko-hořínský plavební kanál"},"geometry":{"type":"LineString","coordinates":[[14.3485,50.3161],[14.359,50.3154],[14.3744,50.3189],[14.3872,50.3218],[14.3992,50.3247],[14.4144,50.3288],[14.4316,50.3304],[14.4512,50.3319],[14.4617,50.3329]]}},{"type":"Feature","properties":{"r":4,"n":"Schliefaubach"},"geometry":{"type":"LineString","coordinates":[[14.8884,48.0003],[14.8977,48.004],[14.9078,48.0069],[14.9181,48.0054],[14.9285,48.0057],[14.9386,48.0049],[14.9478,48.0096],[14.9574,48.0127],[14.9673,48.0144]]}},{"type":"Feature","properties":{"r":4,"n":"Url"},"geometry":{"type":"LineString","coordinates":[[14.775,48.0789],[14.7845,48.0824],[14.7851,48.0925],[14.7942,48.0969],[14.804,48.0992],[14.8133,48.103],[14.8226,48.1083],[14.8326,48.1091],[14.8403,48.116]]}},{"type":"Feature","properties":{"r":4,"n":"Laming"},"geometry":{"type":"LineString","coordinates":[[15.0629,47.536],[15.07,47.5272],[15.0768,47.5198],[15.0766,47.5098],[15.0781,47.4995],[15.0851,47.4921],[15.0925,47.4849],[15.1007,47.4791],[15.1096,47.4744]]}},{"type":"Feature","properties":{"r":4,"n":"Erlau"},"geometry":{"type":"LineString","coordinates":[[13.5476,48.6652],[13.5549,48.6582],[13.5606,48.6497],[13.5654,48.6402],[13.5669,48.6303],[13.5763,48.6251],[13.579,48.6153],[13.583,48.6057],[13.582,48.5955]]}},{"type":"Feature","properties":{"r":4,"n":"Rott"},"geometry":{"type":"LineString","coordinates":[[11.0796,47.9021],[11.0892,47.905],[11.099,47.9082],[11.1069,47.9151],[11.1115,47.9241],[11.1211,47.9277],[11.1204,47.9377],[11.1219,47.9479],[11.134,47.9609]]}},{"type":"Feature","properties":{"r":6,"n":"Main-Donau-Kanal"},"geometry":{"type":"LineString","coordinates":[[11.4656,49.047],[11.474,49.041],[11.4852,49.0408],[11.4958,49.0412],[11.5062,49.0402],[11.5171,49.0375],[11.5274,49.0345],[11.5384,49.0345],[11.5504,49.0349]]}},{"type":"Feature","properties":{"r":4,"n":"Eger"},"geometry":{"type":"LineString","coordinates":[[10.5128,48.8757],[10.5228,48.8756],[10.5328,48.876],[10.543,48.8762],[10.5536,48.8759],[10.5619,48.8694],[10.5669,48.8604],[10.5677,48.8495],[10.561,48.8418]]}},{"type":"Feature","properties":{"r":4,"n":"Längenmühlbach"},"geometry":{"type":"LineString","coordinates":[[12.5117,48.6411],[12.5222,48.6426],[12.5322,48.6451],[12.5423,48.6466],[12.5526,48.6491],[12.5624,48.6515],[12.572,48.6553],[12.5821,48.6572],[12.5918,48.6597]]}},{"type":"Feature","properties":{"r":4,"n":"Chřibská Kamenice"},"geometry":{"type":"LineString","coordinates":[[14.4322,50.8553],[14.4244,50.849],[14.4153,50.8443],[14.4052,50.8451],[14.3951,50.8448],[14.3852,50.8408],[14.3754,50.838],[14.3652,50.8369],[14.3551,50.8375]]}},{"type":"Feature","properties":{"r":4,"n":"Bystrá"},"geometry":{"type":"LineString","coordinates":[[14.3775,50.78],[14.3684,50.7843],[14.3594,50.7798],[14.3518,50.7729],[14.3427,50.7664],[14.3407,50.7565],[14.3358,50.7477],[14.327,50.7428],[14.317,50.7418]]}},{"type":"Feature","properties":{"r":4,"n":"Salzach"},"geometry":{"type":"LineString","coordinates":[[13.165,47.5319],[13.1699,47.5408],[13.1696,47.5508],[13.1659,47.5609],[13.1748,47.566],[13.1847,47.5685],[13.1933,47.5741],[13.1847,47.5797],[13.1742,47.5807]]}},{"type":"Feature","properties":{"r":4,"n":"Kinsach"},"geometry":{"type":"LineString","coordinates":[[12.6296,48.9511],[12.6233,48.9431],[12.6277,48.934],[12.6369,48.9293],[12.6469,48.9285],[12.6569,48.9298],[12.664,48.9204],[12.6726,48.914],[12.6833,48.9098]]}},{"type":"Feature","properties":{"r":4,"n":"Inn"},"geometry":{"type":"LineString","coordinates":[[12.1325,47.7566],[12.1334,47.7673],[12.1292,47.7775],[12.1237,47.7863],[12.1275,47.796],[12.1272,47.808],[12.1369,47.8191],[12.1449,47.8263],[12.1513,47.8342]]}},{"type":"Feature","properties":{"r":4,"n":"Isar"},"geometry":{"type":"LineString","coordinates":[[11.792,48.4026],[11.8026,48.4049],[11.8134,48.4059],[11.8235,48.4066],[11.8372,48.4096],[11.8476,48.4128],[11.8568,48.4174],[11.8672,48.4177],[11.8776,48.418]]}},{"type":"Feature","properties":{"r":4,"n":"Teplá Vltava"},"geometry":{"type":"LineString","coordinates":[[13.8271,48.9077],[13.8331,48.8994],[13.8431,48.8964],[13.851,48.89],[13.8609,48.8873],[13.8687,48.8806],[13.8784,48.8777],[13.8874,48.8722],[13.8931,48.8637]]}},{"type":"Feature","properties":{"r":4,"n":"Donau"},"geometry":{"type":"LineString","coordinates":[[11.7846,48.8778],[11.7899,48.8891],[11.8011,48.8911],[11.8128,48.8887],[11.8175,48.8982],[11.8275,48.8976],[11.8376,48.9008],[11.8509,48.9068],[11.8569,48.9158]]}},{"type":"Feature","properties":{"r":4,"n":"Salza"},"geometry":{"type":"LineString","coordinates":[[15.1529,47.6584],[15.1473,47.6493],[15.137,47.6469],[15.126,47.647],[15.1161,47.6455],[15.1053,47.6489],[15.0936,47.6523],[15.0841,47.6565],[15.0742,47.6596]]}},{"type":"Feature","properties":{"r":4,"n":"Dürrach"},"geometry":{"type":"LineString","coordinates":[[11.5904,47.5054],[11.5938,47.5149],[11.589,47.5237],[11.5795,47.527],[11.5699,47.5299],[11.5602,47.5329],[11.5503,47.5356],[11.5419,47.5411],[11.5388,47.5508]]}},{"type":"Feature","properties":{"r":4,"n":"Paar"},"geometry":{"type":"LineString","coordinates":[[11.3911,48.5947],[11.4013,48.5971],[11.4101,48.6023],[11.4201,48.602],[11.4274,48.6092],[11.4311,48.6187],[11.4373,48.6266],[11.4445,48.6337],[11.4528,48.6393]]}},{"type":"Feature","properties":{"r":4,"n":"Großsölkbach"},"geometry":{"type":"LineString","coordinates":[[14.0456,47.3209],[14.041,47.33],[14.0353,47.3383],[14.028,47.3455],[14.0219,47.3535],[14.0174,47.3625],[14.0106,47.3704],[14.0022,47.3767],[13.993,47.3813]]}},{"type":"Feature","properties":{"r":4,"n":"Osterbach"},"geometry":{"type":"LineString","coordinates":[[13.5489,48.7437],[13.5391,48.7459],[13.5307,48.7397],[13.5257,48.7306],[13.5165,48.7264],[13.5064,48.7273],[13.4964,48.7262],[13.4875,48.7215],[13.4773,48.7195]]}},{"type":"Feature","properties":{"r":4,"n":"Bílina"},"geometry":{"type":"LineString","coordinates":[[13.7632,50.5428],[13.7725,50.5475],[13.775,50.5577],[13.779,50.5672],[13.7903,50.5697],[13.7996,50.5759],[13.8088,50.5806],[13.8167,50.5872],[13.8271,50.5897]]}},{"type":"Feature","properties":{"r":4,"n":"Großer Bach"},"geometry":{"type":"LineString","coordinates":[[14.4866,47.7672],[14.4892,47.7771],[14.4816,47.7837],[14.4759,47.7924],[14.475,47.8025],[14.4717,47.8122],[14.4697,47.822],[14.4616,47.8279],[14.4606,47.8384]]}},{"type":"Feature","properties":{"r":6,"n":"Mittlere-Isar-Kanal"},"geometry":{"type":"LineString","coordinates":[[11.7035,48.2087],[11.7137,48.2085],[11.7268,48.2098],[11.7367,48.2121],[11.7476,48.2131],[11.7588,48.2143],[11.7735,48.2151],[11.7837,48.2155],[11.7944,48.216]]}},{"type":"Feature","properties":{"r":4,"n":"Naab"},"geometry":{"type":"LineString","coordinates":[[12.1016,49.2605],[12.0979,49.2505],[12.0878,49.2506],[12.0846,49.2398],[12.078,49.2315],[12.0673,49.2283],[12.0576,49.2228],[12.0461,49.2215],[12.0378,49.2144]]}},{"type":"Feature","properties":{"r":4,"n":"Loisach"},"geometry":{"type":"LineString","coordinates":[[11.1219,47.5387],[11.1309,47.5439],[11.1365,47.5527],[11.1435,47.56],[11.1499,47.5678],[11.1589,47.5737],[11.1686,47.5785],[11.176,47.5854],[11.1839,47.5926]]}},{"type":"Feature","properties":{"r":4,"n":"Saalach"},"geometry":{"type":"LineString","coordinates":[[12.9277,47.77],[12.9366,47.7771],[12.943,47.7864],[12.952,47.7915],[12.9605,47.7969],[12.9678,47.8041],[12.9751,47.8132],[12.9805,47.8217],[12.988,47.8311]]}},{"type":"Feature","properties":{"r":4,"n":"Lainsitz"},"geometry":{"type":"LineString","coordinates":[[14.9569,48.7563],[14.9653,48.7631],[14.9741,48.7682],[14.9825,48.7745],[14.9909,48.7801],[14.984,48.7875],[14.9763,48.7939],[14.9665,48.7919],[14.9602,48.7998]]}},{"type":"Feature","properties":{"r":4,"n":"Koppentraun"},"geometry":{"type":"LineString","coordinates":[[13.7751,47.5996],[13.7651,47.6006],[13.7547,47.6013],[13.745,47.5987],[13.7343,47.5968],[13.7256,47.5915],[13.7163,47.5875],[13.7128,47.578],[13.7188,47.5693]]}},{"type":"Feature","properties":{"r":4,"n":"Donau"},"geometry":{"type":"LineString","coordinates":[[13.4111,48.579],[13.422,48.5744],[13.432,48.576],[13.4451,48.5755],[13.4554,48.5765],[13.4682,48.5761],[13.4815,48.5748],[13.4915,48.5746],[13.5008,48.58]]}},{"type":"Feature","properties":{"r":4,"n":"Isar"},"geometry":{"type":"LineString","coordinates":[[11.5003,48.0267],[11.5084,48.0338],[11.5163,48.0405],[11.5223,48.0487],[11.5284,48.0568],[11.5387,48.0585],[11.5424,48.0682],[11.5407,48.0785],[11.5462,48.0874]]}},{"type":"Feature","properties":{"r":4,"n":"Zschopau"},"geometry":{"type":"LineString","coordinates":[[12.936,50.5086],[12.9438,50.5149],[12.9441,50.5249],[12.9448,50.5349],[12.9522,50.5417],[12.96,50.5488],[12.9548,50.5574],[12.9498,50.5661],[12.9484,50.5763]]}},{"type":"Feature","properties":{"r":4,"n":"Vils"},"geometry":{"type":"LineString","coordinates":[[13.0543,48.6081],[13.0651,48.606],[13.0756,48.6069],[13.0856,48.6057],[13.0958,48.6034],[13.1059,48.6023],[13.1166,48.6052],[13.1268,48.6071],[13.1368,48.6104]]}},{"type":"Feature","properties":{"r":4,"n":"Gera"},"geometry":{"type":"LineString","coordinates":[[10.9777,51.0284],[10.9735,51.0381],[10.9657,51.0447],[10.9571,51.0509],[10.9491,51.057],[10.9449,51.0666],[10.9467,51.0772],[10.9459,51.0872],[10.9544,51.0993]]}},{"type":"Feature","properties":{"r":4,"n":"Rott"},"geometry":{"type":"LineString","coordinates":[[13.3498,48.4339],[13.357,48.4415],[13.3673,48.4415],[13.3765,48.446],[13.3862,48.4486],[13.3959,48.452],[13.4066,48.4528],[13.4157,48.4475],[13.425,48.4516]]}},{"type":"Feature","properties":{"r":6,"n":"Mittlere-Isar-Kanal"},"geometry":{"type":"LineString","coordinates":[[11.7984,48.2221],[11.8089,48.226],[11.8221,48.2277],[11.8333,48.2349],[11.8442,48.2432],[11.8483,48.2539],[11.8466,48.2641],[11.8533,48.2717],[11.8634,48.2826]]}},{"type":"Feature","properties":{"r":4,"n":"Stropnice"},"geometry":{"type":"LineString","coordinates":[[14.7936,48.8278],[14.7844,48.8324],[14.7745,48.8369],[14.7648,48.8402],[14.7552,48.8431],[14.7463,48.8479],[14.7368,48.8511],[14.729,48.8574],[14.7204,48.8628]]}},{"type":"Feature","properties":{"r":4,"n":"Leinleiter"},"geometry":{"type":"LineString","coordinates":[[11.1702,49.8635],[11.1773,49.8564],[11.1842,49.849],[11.1933,49.8447],[11.1925,49.8346],[11.1913,49.8245],[11.1922,49.8144],[11.1951,49.8048],[11.2001,49.796]]}},{"type":"Feature","properties":{"r":4,"n":"Zwickauer Mulde"},"geometry":{"type":"LineString","coordinates":[[12.5406,50.8277],[12.5484,50.834],[12.5565,50.8403],[12.5557,50.8503],[12.5663,50.8529],[12.5766,50.8574],[12.5866,50.8594],[12.5918,50.8686],[12.602,50.8715]]}},{"type":"Feature","properties":{"r":4,"n":"Labe"},"geometry":{"type":"LineString","coordinates":[[14.1693,50.5281],[14.1573,50.5298],[14.1452,50.5306],[14.1348,50.5295],[14.1235,50.5286],[14.1133,50.5288],[14.1037,50.5251],[14.0932,50.518],[14.0813,50.5161]]}},{"type":"Feature","properties":{"r":4,"n":"Zwettl"},"geometry":{"type":"LineString","coordinates":[[15.0858,48.6058],[15.0957,48.6037],[15.1061,48.6022],[15.1159,48.599],[15.125,48.594],[15.1337,48.599],[15.1427,48.6034],[15.1523,48.6065],[15.1622,48.6084]]}},{"type":"Feature","properties":{"r":4,"n":"Schleuse"},"geometry":{"type":"LineString","coordinates":[[10.7214,50.4975],[10.7112,50.496],[10.7012,50.4934],[10.6924,50.4881],[10.6813,50.4859],[10.6708,50.4879],[10.6599,50.4904],[10.6498,50.4899],[10.6391,50.4913]]}},{"type":"Feature","properties":{"r":4,"n":"Aurach"},"geometry":{"type":"LineString","coordinates":[[10.663,49.9252],[10.6723,49.9215],[10.6824,49.92],[10.6895,49.9129],[10.6984,49.9083],[10.7078,49.9047],[10.7157,49.8982],[10.7246,49.8936],[10.7343,49.8908]]}},{"type":"Feature","properties":{"r":4,"n":"Inn"},"geometry":{"type":"LineString","coordinates":[[12.6955,48.2517],[12.705,48.258],[12.7157,48.2593],[12.7267,48.2561],[12.7365,48.2527],[12.747,48.252],[12.7578,48.2542],[12.7679,48.2585],[12.7833,48.2596]]}},{"type":"Feature","properties":{"r":4,"n":"Wilde Gera"},"geometry":{"type":"LineString","coordinates":[[10.8203,50.7508],[10.8267,50.7589],[10.8365,50.7611],[10.8459,50.7648],[10.8558,50.7687],[10.8658,50.771],[10.8758,50.7727],[10.8861,50.7728],[10.8961,50.7752]]}},{"type":"Feature","properties":{"r":4,"n":"Friedberger Ach"},"geometry":{"type":"LineString","coordinates":[[10.977,48.7291],[10.987,48.7313],[10.9972,48.733],[11.0066,48.7289],[11.0171,48.729],[11.0274,48.7284],[11.0387,48.7284],[11.0482,48.7328],[11.0583,48.7338]]}},{"type":"Feature","properties":{"r":4,"n":"Wyhra"},"geometry":{"type":"LineString","coordinates":[[12.5145,51.0999],[12.507,51.1067],[12.4998,51.1138],[12.495,51.123],[12.4863,51.128],[12.4759,51.1296],[12.4698,51.1376],[12.4652,51.1465],[12.459,51.1546]]}},{"type":"Feature","properties":{"r":6,"n":"Zlatá stoka"},"geometry":{"type":"LineString","coordinates":[[14.8805,48.9461],[14.8714,48.9505],[14.862,48.9573],[14.8499,48.9631],[14.84,48.9666],[14.8323,48.9758],[14.822,48.9768],[14.8114,48.9758],[14.8011,48.9743]]}},{"type":"Feature","properties":{"r":4,"n":"Hasel"},"geometry":{"type":"LineString","coordinates":[[10.5229,50.5713],[10.5128,50.5699],[10.5028,50.568],[10.4935,50.5641],[10.4854,50.5581],[10.4759,50.5544],[10.4757,50.5442],[10.4687,50.5369],[10.4597,50.5323]]}},{"type":"Feature","properties":{"r":4,"n":"Alz"},"geometry":{"type":"LineString","coordinates":[[12.5439,48.0107],[12.5494,48.0203],[12.5568,48.0284],[12.562,48.0371],[12.5688,48.0454],[12.5761,48.0523],[12.5825,48.0602],[12.5811,48.0708],[12.5778,48.0813]]}},{"type":"Feature","properties":{"r":4,"n":"Ache"},"geometry":{"type":"LineString","coordinates":[[11.7016,47.545],[11.6929,47.5503],[11.6837,47.5543],[11.6763,47.5617],[11.6693,47.5691],[11.659,47.5708],[11.6495,47.5741],[11.6395,47.5758],[11.6304,47.5803]]}},{"type":"Feature","properties":{"r":4,"n":"Altmühl"},"geometry":{"type":"LineString","coordinates":[[11.222,48.8743],[11.2323,48.8755],[11.2421,48.8779],[11.2523,48.8821],[11.2593,48.8898],[11.2685,48.8944],[11.2774,48.8992],[11.2879,48.9032],[11.298,48.9052]]}},{"type":"Feature","properties":{"r":4,"n":"Altmühl"},"geometry":{"type":"LineString","coordinates":[[11.4512,49.0042],[11.4542,49.0145],[11.4617,49.0212],[11.4709,49.0258],[11.4814,49.0276],[11.491,49.0242],[11.5011,49.022],[11.5112,49.0228],[11.5205,49.0174]]}},{"type":"Feature","properties":{"r":4,"n":"Radbuza"},"geometry":{"type":"LineString","coordinates":[[12.6707,49.5758],[12.6814,49.5785],[12.6912,49.581],[12.7013,49.5832],[12.7096,49.5899],[12.7199,49.5898],[12.7299,49.5886],[12.7398,49.5867],[12.747,49.579]]}},{"type":"Feature","properties":{"r":4,"n":"Süderelbe"},"geometry":{"type":"LineString","coordinates":[[10.0856,53.451],[10.0759,53.454],[10.0628,53.4574],[10.0522,53.463],[10.0414,53.4706],[10.0308,53.4739],[10.0181,53.4739],[10.0079,53.4725],[9.996,53.4726]]}},{"type":"Feature","properties":{"r":4,"n":"Eider"},"geometry":{"type":"LineString","coordinates":[[9.75,54.3419],[9.7375,54.3411],[9.7265,54.3389],[9.7164,54.333],[9.7145,54.3203],[9.7035,54.3124],[9.6906,54.311],[9.679,54.3098],[9.6692,54.3074]]}},{"type":"Feature","properties":{"r":4,"n":"Geeste"},"geometry":{"type":"LineString","coordinates":[[8.6959,53.5659],[8.679,53.5627],[8.6684,53.5632],[8.6592,53.5591],[8.6474,53.5558],[8.6374,53.5536],[8.6275,53.5559],[8.6171,53.5509],[8.6052,53.5523]]}},{"type":"Feature","properties":{"r":6,"n":"Mittellandkanal"},"geometry":{"type":"LineString","coordinates":[[10.4888,52.3199],[10.4764,52.3141],[10.4627,52.3119],[10.4524,52.311],[10.438,52.3103],[10.4255,52.3097],[10.4155,52.3092],[10.4052,52.3087],[10.3933,52.3081]]}},{"type":"Feature","properties":{"r":4,"n":"Neuharlinger Sieltief"},"geometry":{"type":"LineString","coordinates":[[7.6878,53.6221],[7.6869,53.6328],[7.686,53.6432],[7.6851,53.6546],[7.681,53.6639],[7.6884,53.6709],[7.6963,53.6774],[7.6943,53.6879],[7.7024,53.6969]]}},{"type":"Feature","properties":{"r":6,"n":"Knockster Tief"},"geometry":{"type":"LineString","coordinates":[[7.2723,53.4408],[7.2623,53.4373],[7.2513,53.4354],[7.2416,53.4311],[7.2349,53.4234],[7.2245,53.4217],[7.2129,53.4188],[7.2029,53.4147],[7.1944,53.4086]]}},{"type":"Feature","properties":{"r":4,"n":"Ems"},"geometry":{"type":"LineString","coordinates":[[7.5466,52.1864],[7.5389,52.1928],[7.5439,52.202],[7.5495,52.2104],[7.5402,52.2146],[7.5292,52.2186],[7.5189,52.2205],[7.5094,52.2239],[7.5041,52.2329]]}},{"type":"Feature","properties":{"r":6,"n":"Beilervaart"},"geometry":{"type":"LineString","coordinates":[[6.4948,52.8587],[6.4783,52.8611],[6.4674,52.8614],[6.4554,52.866],[6.4418,52.8718],[6.4317,52.8777],[6.419,52.8864],[6.4151,52.8962],[6.3993,52.9026]]}},{"type":"Feature","properties":{"r":4,"n":"Mehe"},"geometry":{"type":"LineString","coordinates":[[9.1018,53.5513],[9.114,53.5553],[9.1141,53.5662],[9.1197,53.5746],[9.1267,53.5823],[9.1346,53.589],[9.142,53.5964],[9.152,53.598],[9.1625,53.5985]]}},{"type":"Feature","properties":{"r":4,"n":"Böhme"},"geometry":{"type":"LineString","coordinates":[[9.5991,52.85],[9.5925,52.842],[9.5912,52.8315],[9.5844,52.8236],[9.5739,52.8246],[9.5639,52.8213],[9.5554,52.8153],[9.5413,52.8148],[9.5338,52.8081]]}},{"type":"Feature","properties":{"r":6,"n":"Allerkanal"},"geometry":{"type":"LineString","coordinates":[[10.6435,52.4595],[10.6211,52.4627],[10.608,52.462],[10.5819,52.4605],[10.5569,52.4626],[10.5416,52.4605],[10.5311,52.4583],[10.5175,52.4574],[10.5048,52.4575]]}},{"type":"Feature","properties":{"r":4,"n":"Hunte"},"geometry":{"type":"LineString","coordinates":[[8.2728,53.0108],[8.2624,53.0122],[8.2544,53.0186],[8.2512,53.0285],[8.247,53.0398],[8.2372,53.0422],[8.2305,53.0502],[8.2199,53.0546],[8.2114,53.0601]]}},{"type":"Feature","properties":{"r":4,"n":"Bünzau"},"geometry":{"type":"LineString","coordinates":[[9.7832,54.0998],[9.7921,54.0944],[9.799,54.0857],[9.7977,54.0757],[9.8067,54.0699],[9.8146,54.0626],[9.8238,54.0559],[9.8201,54.0463],[9.8183,54.036]]}},{"type":"Feature","properties":{"r":6,"n":"Bokel-Mastholter Hauptkanal"},"geometry":{"type":"LineString","coordinates":[[8.4443,51.7768],[8.4347,51.7807],[8.4231,51.7831],[8.4131,51.7824],[8.4031,51.7825],[8.3913,51.7849],[8.3825,51.7897],[8.372,51.7951],[8.3679,51.8055]]}},{"type":"Feature","properties":{"r":4,"n":"Bruchgraben"},"geometry":{"type":"LineString","coordinates":[[10.1032,52.1963],[10.1097,52.204],[10.1009,52.2098],[10.1006,52.2199],[10.0906,52.2206],[10.0803,52.2185],[10.0702,52.2214],[10.059,52.2246],[10.0497,52.2286]]}},{"type":"Feature","properties":{"r":4,"n":"Moorwettern"},"geometry":{"type":"LineString","coordinates":[[8.8204,53.7252],[8.8308,53.7258],[8.8409,53.7276],[8.8509,53.729],[8.8609,53.7304],[8.8742,53.7316],[8.889,53.7328],[8.8992,53.7339],[8.9094,53.735]]}},{"type":"Feature","properties":{"r":4,"n":"Leda"},"geometry":{"type":"LineString","coordinates":[[7.6718,53.1778],[7.6603,53.1793],[7.6512,53.1849],[7.6415,53.1884],[7.6313,53.188],[7.6212,53.187],[7.6118,53.1912],[7.6016,53.1931],[7.5915,53.1922]]}},{"type":"Feature","properties":{"r":4,"n":"Sønderå"},"geometry":{"type":"LineString","coordinates":[[9.0836,54.8965],[9.0731,54.8938],[9.0633,54.8909],[9.053,54.8896],[9.0422,54.8902],[9.032,54.8896],[9.0219,54.8886],[9.0119,54.8888],[9.0017,54.8901]]}},{"type":"Feature","properties":{"r":4,"n":"Fuhse"},"geometry":{"type":"LineString","coordinates":[[10.0964,52.5701],[10.0937,52.5819],[10.0846,52.5879],[10.0859,52.5979],[10.0881,52.6085],[10.081,52.6162],[10.071,52.6164],[10.0613,52.6196],[10.0506,52.622]]}},{"type":"Feature","properties":{"r":6,"n":"Soholmer-Au-Kanal"},"geometry":{"type":"LineString","coordinates":[[8.9562,54.7162],[8.941,54.7131],[8.9293,54.7132],[8.9182,54.7132],[8.9062,54.7126],[8.8883,54.7127],[8.8693,54.7136],[8.8594,54.7119],[8.8325,54.7088]]}},{"type":"Feature","properties":{"r":4,"n":"Wümme"},"geometry":{"type":"LineString","coordinates":[[9.6117,53.2444],[9.6011,53.2427],[9.5918,53.2382],[9.5833,53.2325],[9.5803,53.222],[9.5741,53.2141],[9.5646,53.2107],[9.5565,53.2039],[9.5459,53.2027]]}},{"type":"Feature","properties":{"r":6,"n":"Neetze-Kanal"},"geometry":{"type":"LineString","coordinates":[[10.4833,53.3081],[10.4713,53.309],[10.4582,53.3133],[10.448,53.3173],[10.4381,53.3212],[10.4226,53.3295],[10.4061,53.3366],[10.3968,53.3403],[10.3864,53.3436]]}},{"type":"Feature","properties":{"r":4,"n":"Hooksieler Tief"},"geometry":{"type":"LineString","coordinates":[[7.906,53.5785],[7.9207,53.579],[7.9311,53.5796],[7.9401,53.584],[7.9501,53.5854],[7.9577,53.592],[7.9656,53.5984],[7.9757,53.5988],[7.986,53.6]]}},{"type":"Feature","properties":{"r":4,"n":"Medemrinne"},"geometry":{"type":"LineString","coordinates":[[8.8932,53.8422],[8.8871,53.859],[8.8513,53.8775],[8.822,53.9012],[8.8116,53.9097],[8.8009,53.91],[8.7723,53.9087],[8.7281,53.9017],[8.6977,53.8956]]}},{"type":"Feature","properties":{"r":4,"n":"Ahse"},"geometry":{"type":"LineString","coordinates":[[8.1612,51.6365],[8.1512,51.6377],[8.1403,51.6363],[8.1304,51.6346],[8.1195,51.6352],[8.1095,51.634],[8.0997,51.6319],[8.0897,51.6315],[8.0794,51.6311]]}},{"type":"Feature","properties":{"r":4,"n":"Söse"},"geometry":{"type":"LineString","coordinates":[[10.1775,51.7587],[10.171,51.7479],[10.1713,51.7375],[10.1613,51.7206],[10.152,51.7102],[10.1436,51.7017],[10.1344,51.6933],[10.1241,51.6924],[10.1142,51.6943]]}},{"type":"Feature","properties":{"r":4,"n":"Trave"},"geometry":{"type":"LineString","coordinates":[[10.5106,54.0433],[10.5117,54.031],[10.5017,54.0272],[10.4933,54.0215],[10.4826,54.0186],[10.4722,54.0202],[10.4618,54.0221],[10.4535,54.0143],[10.4627,54.0093]]}},{"type":"Feature","properties":{"r":6,"n":"Marschtief"},"geometry":{"type":"LineString","coordinates":[[7.3169,53.6457],[7.306,53.643],[7.2958,53.639],[7.2857,53.6352],[7.275,53.6331],[7.2636,53.6317],[7.2532,53.6287],[7.2472,53.6188],[7.2407,53.6079]]}},{"type":"Feature","properties":{"r":4,"n":"Elpe"},"geometry":{"type":"LineString","coordinates":[[8.4477,51.2771],[8.4453,51.287],[8.4477,51.2968],[8.4478,51.3068],[8.4498,51.3167],[8.447,51.3264],[8.4429,51.3357],[8.4352,51.3422],[8.4251,51.3436]]}},{"type":"Feature","properties":{"r":4,"n":"Zwarte Water"},"geometry":{"type":"LineString","coordinates":[[6.1009,52.5631],[6.1036,52.5752],[6.0974,52.5834],[6.0877,52.59],[6.0868,52.6001],[6.0931,52.6087],[6.0828,52.6148],[6.0762,52.6248],[6.0766,52.6349]]}},{"type":"Feature","properties":{"r":6,"n":"Strohauser Sieltief"},"geometry":{"type":"LineString","coordinates":[[8.3618,53.4015],[8.3736,53.4024],[8.3845,53.4032],[8.4036,53.4042],[8.4142,53.4045],[8.4252,53.4044],[8.4377,53.4052],[8.4484,53.4081],[8.4608,53.4089]]}},{"type":"Feature","properties":{"r":6,"n":"Hunsingokanaal"},"geometry":{"type":"LineString","coordinates":[[6.3898,53.3524],[6.3799,53.3492],[6.3693,53.3515],[6.359,53.3524],[6.3476,53.3521],[6.3369,53.3541],[6.3269,53.3533],[6.3184,53.3467],[6.3087,53.3432]]}},{"type":"Feature","properties":{"r":6,"n":"Großsoltborger Sieltief"},"geometry":{"type":"LineString","coordinates":[[7.3054,53.2154],[7.3163,53.2145],[7.3285,53.217],[7.3385,53.2192],[7.3499,53.2216],[7.3615,53.2241],[7.374,53.2268],[7.3839,53.2293],[7.3943,53.2318]]}},{"type":"Feature","properties":{"r":4,"n":"Schwinge"},"geometry":{"type":"LineString","coordinates":[[9.3512,53.5362],[9.3598,53.5415],[9.3698,53.5426],[9.3799,53.5426],[9.3907,53.5439],[9.4007,53.5441],[9.41,53.5481],[9.4196,53.551],[9.4292,53.5548]]}},{"type":"Feature","properties":{"r":4,"n":"Treene"},"geometry":{"type":"LineString","coordinates":[[9.4376,54.7051],[9.4315,54.6968],[9.4274,54.6876],[9.4313,54.678],[9.4232,54.672],[9.4134,54.6687],[9.4058,54.6621],[9.3993,54.6544],[9.4005,54.6444]]}},{"type":"Feature","properties":{"r":4,"n":"Kleine Aue"},"geometry":{"type":"LineString","coordinates":[[8.7497,52.682],[8.755,52.6734],[8.7539,52.6619],[8.7611,52.6543],[8.7601,52.6442],[8.7637,52.6348],[8.7731,52.6307],[8.7816,52.625],[8.7909,52.6201]]}},{"type":"Feature","properties":{"r":4,"n":"Lenne"},"geometry":{"type":"LineString","coordinates":[[9.6843,51.9027],[9.6751,51.907],[9.6674,51.9147],[9.6584,51.9195],[9.6488,51.9231],[9.6396,51.9277],[9.6345,51.9364],[9.6256,51.9413],[9.6157,51.9434]]}},{"type":"Feature","properties":{"r":4,"n":"Stever"},"geometry":{"type":"LineString","coordinates":[[7.433,51.8946],[7.4424,51.8881],[7.4524,51.8823],[7.4618,51.8788],[7.4718,51.8783],[7.4818,51.8769],[7.4869,51.868],[7.4837,51.8584],[7.4771,51.8504]]}},{"type":"Feature","properties":{"r":4,"n":"Lünzener Bruchbach"},"geometry":{"type":"LineString","coordinates":[[9.6157,53.1433],[9.6055,53.1399],[9.5956,53.1383],[9.5853,53.1368],[9.5755,53.1348],[9.566,53.139],[9.5556,53.1439],[9.5436,53.1453],[9.5338,53.1424]]}},{"type":"Feature","properties":{"r":4,"n":"Sieber"},"geometry":{"type":"LineString","coordinates":[[10.4427,51.7011],[10.4321,51.7002],[10.4226,51.697],[10.4134,51.6919],[10.4044,51.6875],[10.3972,51.68],[10.3872,51.6784],[10.3762,51.6781],[10.369,51.6711]]}},{"type":"Feature","properties":{"r":6,"n":"Boterdiep"},"geometry":{"type":"LineString","coordinates":[[6.5903,53.3357],[6.5945,53.3253],[6.598,53.3158],[6.6019,53.3053],[6.5976,53.2958],[6.6012,53.2804],[6.6012,53.2702],[6.5946,53.2626],[6.5872,53.2557]]}},{"type":"Feature","properties":{"r":6,"n":"Noord-Willemskanaal"},"geometry":{"type":"LineString","coordinates":[[6.5887,53.0252],[6.5985,53.0281],[6.6061,53.0368],[6.6083,53.0466],[6.6043,53.0585],[6.5971,53.0671],[6.5927,53.0767],[6.5937,53.0868],[6.5986,53.0956]]}},{"type":"Feature","properties":{"r":4,"n":"Kleine Aue"},"geometry":{"type":"LineString","coordinates":[[8.6376,52.4061],[8.6323,52.4147],[8.6321,52.427],[8.6405,52.4367],[8.6383,52.448],[8.643,52.4584],[8.6488,52.4699],[8.653,52.4798],[8.654,52.4902]]}},{"type":"Feature","properties":{"r":4,"n":"Ruhr"},"geometry":{"type":"LineString","coordinates":[[8.0533,51.4082],[8.0455,51.4156],[8.0345,51.4163],[8.025,51.4195],[8.0148,51.4231],[8.0041,51.4261],[7.9951,51.4318],[7.9864,51.4382],[7.9765,51.4402]]}},{"type":"Feature","properties":{"r":4,"n":"Pinnau"},"geometry":{"type":"LineString","coordinates":[[9.7518,53.6708],[9.7416,53.6747],[9.7314,53.673],[9.7219,53.678],[9.7119,53.6759],[9.7022,53.673],[9.6921,53.672],[9.6818,53.6785],[9.6715,53.6791]]}},{"type":"Feature","properties":{"r":4,"n":"Emscher"},"geometry":{"type":"LineString","coordinates":[[7.085,51.5452],[7.0694,51.5391],[7.0578,51.5342],[7.0466,51.5294],[7.0364,51.5251],[7.0245,51.5204],[7.0135,51.5158],[7.0028,51.5132],[6.9912,51.5129]]}},{"type":"Feature","properties":{"r":4,"n":"Burger Au"},"geometry":{"type":"LineString","coordinates":[[9.2846,53.999],[9.2707,53.9955],[9.2629,53.9884],[9.2536,53.9833],[9.2449,53.9783],[9.237,53.9718],[9.2309,53.9634],[9.2212,53.9601],[9.211,53.9562]]}},{"type":"Feature","properties":{"r":4,"n":"Itter"},"geometry":{"type":"LineString","coordinates":[[8.6392,51.3326],[8.6492,51.3374],[8.6546,51.3462],[8.6608,51.355],[8.671,51.3559],[8.6802,51.3599],[8.6876,51.3669],[8.7027,51.3709],[8.722,51.372]]}},{"type":"Feature","properties":{"r":6,"n":"Stieltjeskanaal"},"geometry":{"type":"LineString","coordinates":[[6.7464,52.6616],[6.7573,52.6687],[6.7693,52.6715],[6.7943,52.6711],[6.8074,52.6734],[6.8189,52.6748],[6.8324,52.6759],[6.8418,52.6806],[6.8499,52.6865]]}},{"type":"Feature","properties":{"r":6,"n":"Winschoterdiep"},"geometry":{"type":"LineString","coordinates":[[6.9712,53.1739],[6.9838,53.1705],[6.9937,53.166],[7.0068,53.1631],[7.0179,53.1622],[7.0334,53.1602],[7.0445,53.1579],[7.0541,53.155],[7.0648,53.1504]]}},{"type":"Feature","properties":{"r":6,"n":"Twentekanaal"},"geometry":{"type":"LineString","coordinates":[[6.8037,52.2462],[6.7931,52.2473],[6.777,52.2491],[6.7636,52.2506],[6.7439,52.2514],[6.729,52.252],[6.7148,52.2523],[6.7,52.2523],[6.6874,52.2504]]}},{"type":"Feature","properties":{"r":4,"n":"Speller Aa"},"geometry":{"type":"LineString","coordinates":[[7.4751,52.3618],[7.4647,52.3588],[7.4541,52.3584],[7.4442,52.3638],[7.4343,52.3659],[7.4283,52.3752],[7.4232,52.3843],[7.4164,52.3917],[7.4067,52.3959]]}},{"type":"Feature","properties":{"r":6,"n":"De Wimerts"},"geometry":{"type":"LineString","coordinates":[[5.6013,53.0138],[5.5903,53.0186],[5.5804,53.0232],[5.5681,53.024],[5.5586,53.0282],[5.5516,53.0362],[5.5424,53.0431],[5.5333,53.0486],[5.5256,53.0556]]}},{"type":"Feature","properties":{"r":6,"n":"Hoogeveensche Vaart"},"geometry":{"type":"LineString","coordinates":[[6.4369,52.7132],[6.4265,52.7119],[6.411,52.7079],[6.4023,52.7027],[6.3936,52.6954],[6.3846,52.6895],[6.3749,52.6858],[6.3563,52.6831],[6.3419,52.6796]]}},{"type":"Feature","properties":{"r":6,"n":"Larservaart"},"geometry":{"type":"LineString","coordinates":[[5.5025,52.4864],[5.5162,52.4756],[5.5256,52.4683],[5.5387,52.4579],[5.55,52.4503],[5.5604,52.4439],[5.5667,52.4355],[5.5793,52.4228],[5.5866,52.4156]]}},{"type":"Feature","properties":{"r":6,"n":"Ganzendiep"},"geometry":{"type":"LineString","coordinates":[[5.9158,52.5678],[5.9195,52.5774],[5.913,52.5851],[5.9268,52.5869],[5.9368,52.5858],[5.9444,52.5935],[5.9503,52.6019],[5.9584,52.6078],[5.9569,52.6194]]}},{"type":"Feature","properties":{"r":6,"n":"Harnzer Feart"},"geometry":{"type":"LineString","coordinates":[[5.5307,53.074],[5.5241,53.0819],[5.5241,53.0919],[5.5178,53.0998],[5.5092,53.1054],[5.4988,53.108],[5.4899,53.1126],[5.4802,53.1155],[5.4751,53.1247]]}},{"type":"Feature","properties":{"r":6,"n":"Enumatilster Matsloot"},"geometry":{"type":"LineString","coordinates":[[6.3192,53.1908],[6.329,53.1935],[6.34,53.1977],[6.3501,53.2018],[6.3625,53.2047],[6.374,53.2086],[6.3834,53.213],[6.394,53.2125],[6.4044,53.214]]}},{"type":"Feature","properties":{"r":4,"n":"Aa-strang"},"geometry":{"type":"LineString","coordinates":[[6.4702,51.854],[6.4595,51.8578],[6.4516,51.8648],[6.4424,51.8702],[6.4327,51.8745],[6.4218,51.8775],[6.4117,51.8795],[6.3997,51.8827],[6.3882,51.8846]]}},{"type":"Feature","properties":{"r":6,"n":"Heafeart"},"geometry":{"type":"LineString","coordinates":[[5.8645,53.0051],[5.8801,53.0059],[5.8954,53.0106],[5.905,53.0143],[5.9208,53.0186],[5.9346,53.0224],[5.9441,53.0317],[5.9475,53.0417],[5.9544,53.0495]]}},{"type":"Feature","properties":{"r":6,"n":"Enservaart"},"geometry":{"type":"LineString","coordinates":[[5.8789,52.6918],[5.8682,52.6878],[5.858,52.6839],[5.838,52.6763],[5.818,52.6688],[5.8079,52.665],[5.8001,52.6585],[5.8115,52.647],[5.8205,52.6382]]}},{"type":"Feature","properties":{"r":4,"n":"Uchter Mühlenbach"},"geometry":{"type":"LineString","coordinates":[[8.8572,52.4886],[8.8666,52.4941],[8.8738,52.5011],[8.8874,52.501],[8.8974,52.5009],[8.9064,52.4965],[8.9149,52.4904],[8.9259,52.4919],[8.9397,52.4939]]}},{"type":"Feature","properties":{"r":4,"n":"Altharlinger Sieltief"},"geometry":{"type":"LineString","coordinates":[[7.7578,53.6582],[7.7532,53.6672],[7.76,53.6748],[7.7604,53.6848],[7.751,53.6891],[7.7407,53.6883],[7.7307,53.6898],[7.7208,53.6919],[7.7119,53.6972]]}},{"type":"Feature","properties":{"r":6,"n":"Hadelner Kanal"},"geometry":{"type":"LineString","coordinates":[[8.8565,53.6541],[8.8931,53.6568],[8.9109,53.6677],[8.9204,53.673],[8.9368,53.6824],[8.9495,53.6901],[8.9609,53.6969],[8.9599,53.7086],[8.9592,53.7202]]}},{"type":"Feature","properties":{"r":4,"n":"De Lende"},"geometry":{"type":"LineString","coordinates":[[6.2068,52.946],[6.1975,52.9418],[6.1879,52.9387],[6.176,52.9364],[6.1661,52.9336],[6.1547,52.9299],[6.1448,52.9281],[6.1361,52.9229],[6.1266,52.9196]]}},{"type":"Feature","properties":{"r":6,"n":"Moorriemer Kanal"},"geometry":{"type":"LineString","coordinates":[[8.3471,53.1709],[8.366,53.1749],[8.3783,53.1769],[8.3886,53.1803],[8.3978,53.1846],[8.4049,53.1917],[8.4106,53.2004],[8.4208,53.201],[8.4242,53.2125]]}},{"type":"Feature","properties":{"r":4,"n":"Ohe"},"geometry":{"type":"LineString","coordinates":[[7.6197,52.9549],[7.6285,52.9598],[7.6378,52.9642],[7.6453,52.9711],[7.6545,52.9758],[7.661,52.9834],[7.6674,52.9911],[7.6755,52.9977],[7.6846,53.0027]]}},{"type":"Feature","properties":{"r":4,"n":"Emmer"},"geometry":{"type":"LineString","coordinates":[[9.0984,51.8649],[9.0988,51.8751],[9.0986,51.8856],[9.103,51.8948],[9.1107,51.9014],[9.1195,51.9066],[9.1286,51.9114],[9.1388,51.9131],[9.1467,51.9198]]}},{"type":"Feature","properties":{"r":4,"n":"Beneden Regge"},"geometry":{"type":"LineString","coordinates":[[6.4525,52.4699],[6.4456,52.4775],[6.4367,52.4822],[6.4331,52.4918],[6.4219,52.4897],[6.4141,52.4971],[6.4023,52.5038],[6.3937,52.5098],[6.384,52.514]]}},{"type":"Feature","properties":{"r":6,"n":"Zuid-Willemsvaart"},"geometry":{"type":"LineString","coordinates":[[5.556,51.2073],[5.5677,51.2113],[5.5785,51.215],[5.5882,51.2183],[5.6096,51.2256],[5.6222,51.2299],[5.6349,51.2343],[5.6469,51.2384],[5.66,51.2429]]}},{"type":"Feature","properties":{"r":4,"n":"Werse"},"geometry":{"type":"LineString","coordinates":[[8.0365,51.7541],[8.0268,51.7568],[8.0165,51.758],[8.0065,51.7599],[7.9959,51.7574],[7.986,51.7556],[7.976,51.7559],[7.9664,51.753],[7.9565,51.7511]]}},{"type":"Feature","properties":{"r":6,"n":"Wytmarsumer Feart"},"geometry":{"type":"LineString","coordinates":[[5.4721,53.1267],[5.4681,53.1169],[5.4636,53.1079],[5.4688,53.0988],[5.4752,53.0904],[5.4829,53.084],[5.4918,53.0793],[5.5003,53.0739],[5.5095,53.0691]]}},{"type":"Feature","properties":{"r":4,"n":"Bielheimerbeek"},"geometry":{"type":"LineString","coordinates":[[6.4163,51.9665],[6.399,51.9611],[6.3889,51.9597],[6.3785,51.9568],[6.37,51.9506],[6.357,51.9444],[6.3462,51.9412],[6.3357,51.9377],[6.3258,51.9359]]}},{"type":"Feature","properties":{"r":4,"n":"Delme"},"geometry":{"type":"LineString","coordinates":[[8.5868,52.882],[8.5845,52.8929],[8.5946,52.8971],[8.5938,52.9076],[8.5862,52.9148],[8.5816,52.9238],[8.5762,52.9329],[8.5705,52.9412],[8.5673,52.9509]]}},{"type":"Feature","properties":{"r":6,"n":"Afwateringskanaal"},"geometry":{"type":"LineString","coordinates":[[6.7339,52.6595],[6.7297,52.6497],[6.7217,52.643],[6.7142,52.6348],[6.7061,52.6287],[6.6957,52.6271],[6.6804,52.6253],[6.666,52.6198],[6.6579,52.6126]]}},{"type":"Feature","properties":{"r":6,"n":"Drentsche Hoofdvaart"},"geometry":{"type":"LineString","coordinates":[[6.5054,52.9948],[6.4928,52.9932],[6.4852,52.9863],[6.4761,52.9779],[6.4667,52.9692],[6.4575,52.9607],[6.4481,52.952],[6.4391,52.9437],[6.4307,52.9359]]}},{"type":"Feature","properties":{"r":4,"n":"Jade"},"geometry":{"type":"LineString","coordinates":[[8.2695,53.2811],[8.2611,53.2888],[8.2547,53.2969],[8.2518,53.3066],[8.2609,53.3129],[8.2605,53.3235],[8.2513,53.329],[8.2432,53.3354],[8.2357,53.3425]]}},{"type":"Feature","properties":{"r":6,"n":"Ouwe Faart"},"geometry":{"type":"LineString","coordinates":[[5.6811,53.2974],[5.6707,53.2967],[5.6602,53.2956],[5.6499,53.2942],[5.6396,53.2938],[5.6289,53.2929],[5.6183,53.2912],[5.6048,53.288],[5.5948,53.2848]]}},{"type":"Feature","properties":{"r":4,"n":"Ems"},"geometry":{"type":"LineString","coordinates":[[7.623,52.1629],[7.6144,52.1681],[7.6041,52.1667],[7.5937,52.1694],[7.5835,52.1692],[7.5749,52.1744],[7.565,52.1723],[7.5536,52.1749],[7.5445,52.1797]]}},{"type":"Feature","properties":{"r":4,"n":"Bever"},"geometry":{"type":"LineString","coordinates":[[8.0438,52.0682],[8.0324,52.0638],[8.0222,52.0588],[8.0122,52.0557],[8.0019,52.0536],[7.9929,52.0487],[7.9873,52.0399],[7.9787,52.0342],[7.9704,52.0284]]}},{"type":"Feature","properties":{"r":6,"n":"Süd-Nord Kanal"},"geometry":{"type":"LineString","coordinates":[[7.0821,52.5474],[7.0826,52.5574],[7.0821,52.5695],[7.0717,52.5694],[7.0699,52.5793],[7.0696,52.5921],[7.0786,52.6037],[7.0876,52.6088],[7.0959,52.616]]}},{"type":"Feature","properties":{"r":4,"n":"Hahnöfer Nebenelbe"},"geometry":{"type":"LineString","coordinates":[[9.7941,53.5449],[9.7793,53.5456],[9.7688,53.5478],[9.7437,53.5488],[9.7266,53.5518],[9.7012,53.5513],[9.6892,53.5508],[9.6715,53.5559],[9.6572,53.565]]}},{"type":"Feature","properties":{"r":4,"n":"Bode"},"geometry":{"type":"LineString","coordinates":[[10.4217,51.4993],[10.4318,51.5],[10.4429,51.4995],[10.4535,51.497],[10.4639,51.4951],[10.4711,51.4876],[10.4808,51.4842],[10.491,51.4811],[10.501,51.4789]]}},{"type":"Feature","properties":{"r":4,"n":"Ilme"},"geometry":{"type":"LineString","coordinates":[[9.701,51.7979],[9.7111,51.8001],[9.7207,51.8034],[9.7309,51.804],[9.7413,51.8064],[9.7523,51.8064],[9.7621,51.809],[9.772,51.8119],[9.7811,51.8167]]}},{"type":"Feature","properties":{"r":4,"n":"Ald- of Keningsdjip"},"geometry":{"type":"LineString","coordinates":[[6.1327,53.0583],[6.1239,53.0531],[6.1142,53.0502],[6.1042,53.0478],[6.0931,53.044],[6.0835,53.0406],[6.0707,53.0398],[6.0602,53.0404],[6.0501,53.0398]]}},{"type":"Feature","properties":{"r":4,"n":"Ald- of Keningsdjip"},"geometry":{"type":"LineString","coordinates":[[6.2306,53.0842],[6.2209,53.0816],[6.2105,53.0773],[6.1998,53.0728],[6.1902,53.0691],[6.1804,53.0666],[6.1698,53.0663],[6.1594,53.0667],[6.1492,53.0635]]}},{"type":"Feature","properties":{"r":4,"n":"Weser"},"geometry":{"type":"LineString","coordinates":[[9.5333,51.631],[9.5243,51.6266],[9.5142,51.6262],[9.503,51.6284],[9.4929,51.6333],[9.4943,51.6462],[9.4969,51.6563],[9.4838,51.6564],[9.4713,51.6548]]}},{"type":"Feature","properties":{"r":4,"n":"Weser"},"geometry":{"type":"LineString","coordinates":[[8.9924,52.1964],[8.983,52.1919],[8.9911,52.1856],[8.9817,52.1813],[8.9721,52.1856],[8.962,52.1819],[8.952,52.183],[8.9413,52.1847],[8.9284,52.1853]]}},{"type":"Feature","properties":{"r":4,"n":"Elbe"},"geometry":{"type":"LineString","coordinates":[[11.2635,53.1246],[11.2499,53.1338],[11.2379,53.1403],[11.2241,53.1437],[11.2128,53.1442],[11.2021,53.1391],[11.1918,53.1346],[11.1821,53.1378],[11.1792,53.1477]]}},{"type":"Feature","properties":{"r":4,"n":"Elbe"},"geometry":{"type":"LineString","coordinates":[[12.2639,51.8771],[12.254,51.8796],[12.2413,51.8807],[12.2305,51.8799],[12.2303,51.8686],[12.2276,51.8587],[12.2177,51.8572],[12.2083,51.8618],[12.2091,51.8723]]}},{"type":"Feature","properties":{"r":6,"n":"Berlin-Spandauer Schifffahrtskanal"},"geometry":{"type":"LineString","coordinates":[[13.2277,52.562],[13.2374,52.5574],[13.2464,52.5529],[13.2564,52.5493],[13.2664,52.549],[13.2804,52.5488],[13.2905,52.5486],[13.3009,52.5484],[13.3152,52.5479]]}},{"type":"Feature","properties":{"r":4,"n":"Havel"},"geometry":{"type":"LineString","coordinates":[[12.3753,52.5152],[12.3645,52.5149],[12.3542,52.5148],[12.3457,52.5212],[12.3373,52.5268],[12.3272,52.5274],[12.3171,52.5272],[12.308,52.5324],[12.3043,52.5427]]}},{"type":"Feature","properties":{"r":4,"n":"Elbe"},"geometry":{"type":"LineString","coordinates":[[13.181,51.4927],[13.1711,51.4943],[13.1599,51.4925],[13.1502,51.4887],[13.1458,51.4792],[13.1355,51.4788],[13.1301,51.4875],[13.1216,51.4938],[13.1114,51.4977]]}},{"type":"Feature","properties":{"r":4,"n":"Tollense"},"geometry":{"type":"LineString","coordinates":[[13.1254,53.8919],[13.1151,53.8932],[13.1035,53.8949],[13.0935,53.8947],[13.0829,53.8937],[13.0732,53.8967],[13.0627,53.8966],[13.0503,53.8954],[13.041,53.8999]]}},{"type":"Feature","properties":{"r":4,"n":"Bode"},"geometry":{"type":"LineString","coordinates":[[11.0124,51.7372],[11.0223,51.735],[11.0282,51.7431],[11.0346,51.7512],[11.045,51.7541],[11.0548,51.757],[11.0649,51.7557],[11.0758,51.7551],[11.0858,51.7548]]}},{"type":"Feature","properties":{"r":4,"n":"Sude"},"geometry":{"type":"LineString","coordinates":[[11.2502,53.3927],[11.2428,53.3846],[11.2323,53.3789],[11.2279,53.3675],[11.2143,53.3637],[11.2056,53.3581],[11.1923,53.3548],[11.1825,53.3483],[11.1734,53.3437]]}},{"type":"Feature","properties":{"r":6,"n":"Rhinkanal"},"geometry":{"type":"LineString","coordinates":[[12.4553,52.7782],[12.4446,52.7786],[12.4328,52.7771],[12.4214,52.7738],[12.4116,52.7717],[12.4013,52.7715],[12.3913,52.7712],[12.3811,52.769],[12.3711,52.7672]]}},{"type":"Feature","properties":{"r":4,"n":"Regalica"},"geometry":{"type":"LineString","coordinates":[[14.5548,53.3541],[14.5654,53.3608],[14.5767,53.3619],[14.5864,53.3672],[14.5962,53.374],[14.6046,53.3801],[14.6124,53.3885],[14.6133,53.3997],[14.6206,53.4091]]}},{"type":"Feature","properties":{"r":4,"n":"Stör"},"geometry":{"type":"LineString","coordinates":[[11.4944,53.5966],[11.4901,53.587],[11.4868,53.5773],[11.4919,53.5681],[11.4996,53.5575],[11.5053,53.5492],[11.5129,53.5421],[11.5178,53.5333],[11.5204,53.5235]]}},{"type":"Feature","properties":{"r":4,"n":"Nieplitz"},"geometry":{"type":"LineString","coordinates":[[12.9282,52.1229],[12.942,52.1243],[12.952,52.1258],[12.9516,52.1358],[12.9519,52.147],[12.9547,52.1572],[12.9479,52.1648],[12.9386,52.1717],[12.9285,52.175]]}},{"type":"Feature","properties":{"r":4,"n":"Elbe"},"geometry":{"type":"LineString","coordinates":[[11.9587,52.8816],[11.9499,52.8877],[11.9395,52.8904],[11.9248,52.892],[11.9115,52.8917],[11.9007,52.8926],[11.8887,52.8961],[11.8808,52.9029],[11.8725,52.9095]]}},{"type":"Feature","properties":{"r":4,"n":"Wustrower Dumme"},"geometry":{"type":"LineString","coordinates":[[11.0287,52.912],[11.0394,52.9138],[11.0495,52.9153],[11.0602,52.9156],[11.0702,52.9174],[11.0898,52.914],[11.0959,52.9232],[11.1022,52.9311],[11.1216,52.9301]]}},{"type":"Feature","properties":{"r":4,"n":"Wriezener Alte Oder"},"geometry":{"type":"LineString","coordinates":[[14.1267,52.7552],[14.122,52.7643],[14.1184,52.7744],[14.1086,52.7782],[14.0989,52.7809],[14.1011,52.7907],[14.0884,52.7932],[14.0795,52.7988],[14.0684,52.8019]]}},{"type":"Feature","properties":{"r":4,"n":"Schwarzer Schöps"},"geometry":{"type":"LineString","coordinates":[[14.6311,51.3826],[14.6211,51.3848],[14.6126,51.3902],[14.6085,51.3994],[14.5982,51.4017],[14.5882,51.4034],[14.5784,51.407],[14.5683,51.4053],[14.5583,51.4056]]}},{"type":"Feature","properties":{"r":4,"n":"Oder/Odra"},"geometry":{"type":"LineString","coordinates":[[14.6819,52.1185],[14.6824,52.1298],[14.6797,52.1399],[14.6844,52.1496],[14.6938,52.1562],[14.7024,52.1641],[14.7049,52.1743],[14.6971,52.1838],[14.688,52.1894]]}},{"type":"Feature","properties":{"r":6,"n":"Teltowkanal"},"geometry":{"type":"LineString","coordinates":[[13.4559,52.4592],[13.4447,52.459],[13.434,52.4579],[13.4238,52.4563],[13.4136,52.4581],[13.4033,52.4582],[13.3918,52.4556],[13.3813,52.453],[13.3697,52.4483]]}},{"type":"Feature","properties":{"r":4,"n":"Bode"},"geometry":{"type":"LineString","coordinates":[[10.501,51.4789],[10.5077,51.471],[10.5177,51.4688],[10.5278,51.4686],[10.5378,51.4674],[10.548,51.4657],[10.5555,51.4589],[10.5659,51.4548],[10.5754,51.4516]]}},{"type":"Feature","properties":{"r":4,"n":"Myśla"},"geometry":{"type":"LineString","coordinates":[[14.5528,52.6689],[14.5428,52.6707],[14.5329,52.668],[14.5229,52.6686],[14.5143,52.6634],[14.5043,52.6616],[14.4945,52.6588],[14.4843,52.6594],[14.4734,52.6597]]}},{"type":"Feature","properties":{"r":4,"n":"Wipper"},"geometry":{"type":"LineString","coordinates":[[11.6242,51.7913],[11.6334,51.7953],[11.6434,51.7961],[11.6525,51.8003],[11.6626,51.8009],[11.6723,51.7982],[11.6816,51.7944],[11.6912,51.7916],[11.7007,51.7879]]}},{"type":"Feature","properties":{"r":4,"n":"Wipper"},"geometry":{"type":"LineString","coordinates":[[11.5411,51.6669],[11.5505,51.6704],[11.5596,51.6746],[11.5636,51.684],[11.5574,51.6919],[11.5514,51.7001],[11.5422,51.7042],[11.5343,51.7108],[11.5256,51.7163]]}},{"type":"Feature","properties":{"r":4,"n":"Mucker"},"geometry":{"type":"LineString","coordinates":[[14.2094,52.7985],[14.2,52.8038],[14.187,52.8081],[14.1694,52.8087],[14.1594,52.8096],[14.1503,52.8143],[14.1409,52.8179],[14.1306,52.8195],[14.1209,52.8223]]}},{"type":"Feature","properties":{"r":4,"n":"Selke"},"geometry":{"type":"LineString","coordinates":[[11.2767,51.6896],[11.2834,51.6973],[11.2909,51.704],[11.2976,51.7116],[11.3016,51.721],[11.3107,51.7255],[11.3191,51.731],[11.329,51.7342],[11.3395,51.7334]]}},{"type":"Feature","properties":{"r":4,"n":"Kleine Elster"},"geometry":{"type":"LineString","coordinates":[[13.7618,51.662],[13.7507,51.6651],[13.7407,51.668],[13.7306,51.6709],[13.7203,51.6728],[13.71,51.6716],[13.7001,51.6697],[13.69,51.6693],[13.6801,51.6713]]}},{"type":"Feature","properties":{"r":4,"n":"Berste"},"geometry":{"type":"LineString","coordinates":[[13.7206,51.7703],[13.719,51.7803],[13.7114,51.7868],[13.7173,51.795],[13.7256,51.8007],[13.7363,51.8099],[13.7349,51.8207],[13.728,51.8301],[13.7225,51.8385]]}},{"type":"Feature","properties":{"r":4,"n":"Lüchower Landgraben"},"geometry":{"type":"LineString","coordinates":[[11.2614,52.897],[11.2532,52.904],[11.2432,52.9075],[11.2258,52.9063],[11.206,52.9041],[11.1916,52.9037],[11.1787,52.9034],[11.1606,52.9071],[11.1491,52.913]]}},{"type":"Feature","properties":{"r":4,"n":"Wipper"},"geometry":{"type":"LineString","coordinates":[[11.0714,51.2681],[11.0822,51.2659],[11.093,51.2654],[11.1039,51.2626],[11.1236,51.2664],[11.134,51.2678],[11.1436,51.272],[11.1515,51.2786],[11.1617,51.2833]]}},{"type":"Feature","properties":{"r":6,"n":"Müritz-Elde-Wasserstraße"},"geometry":{"type":"LineString","coordinates":[[11.573,53.2827],[11.5629,53.2802],[11.5522,53.2734],[11.5456,53.2655],[11.5363,53.2574],[11.5246,53.2548],[11.5114,53.2572],[11.5004,53.2583],[11.4875,53.2569]]}},{"type":"Feature","properties":{"r":4,"n":"Schwinge"},"geometry":{"type":"LineString","coordinates":[[13.3147,54.0346],[13.3045,54.0353],[13.2939,54.0351],[13.2838,54.0337],[13.2736,54.0309],[13.2627,54.0304],[13.2527,54.0294],[13.2445,54.0229],[13.2351,54.0186]]}},{"type":"Feature","properties":{"r":4,"n":"Uecker"},"geometry":{"type":"LineString","coordinates":[[13.9029,53.4318],[13.9119,53.437],[13.9177,53.446],[13.9177,53.456],[13.9204,53.4658],[13.9284,53.472],[13.937,53.4777],[13.9456,53.4838],[13.9532,53.4905]]}},{"type":"Feature","properties":{"r":4,"n":"Spree"},"geometry":{"type":"LineString","coordinates":[[14.199,52.1015],[14.2096,52.1048],[14.2065,52.1153],[14.2069,52.1255],[14.2143,52.1342],[14.2245,52.1427],[14.2291,52.1528],[14.2372,52.1593],[14.2459,52.167]]}},{"type":"Feature","properties":{"r":4,"n":"Spree"},"geometry":{"type":"LineString","coordinates":[[14.2837,52.263],[14.2737,52.2668],[14.268,52.2758],[14.2751,52.2835],[14.2814,52.2918],[14.2728,52.297],[14.2613,52.2948],[14.2525,52.2997],[14.2424,52.2953]]}},{"type":"Feature","properties":{"r":4,"n":"Schwarze Elster"},"geometry":{"type":"LineString","coordinates":[[14.2465,51.3869],[14.238,51.3924],[14.234,51.4017],[14.2251,51.4064],[14.2188,51.4142],[14.2287,51.4161],[14.2366,51.4231],[14.2445,51.4295],[14.2526,51.4376]]}},{"type":"Feature","properties":{"r":4,"n":"Mała Ina"},"geometry":{"type":"LineString","coordinates":[[15.0529,53.2657],[15.0454,53.2729],[15.0389,53.2805],[15.0339,53.2893],[15.0309,53.2989],[15.0407,53.3012],[15.0509,53.2994],[15.061,53.3004],[15.059,53.3102]]}},{"type":"Feature","properties":{"r":4,"n":"Rega"},"geometry":{"type":"LineString","coordinates":[[15.2828,53.9956],[15.2749,54.0032],[15.2655,54.0067],[15.2559,54.0111],[15.246,54.0151],[15.2472,54.0251],[15.2567,54.0283],[15.2667,54.0295],[15.2766,54.0323]]}},{"type":"Feature","properties":{"r":4,"n":"Rappbode"},"geometry":{"type":"LineString","coordinates":[[10.803,51.7111],[10.8109,51.7176],[10.8214,51.7185],[10.8331,51.719],[10.842,51.7242],[10.854,51.7276],[10.868,51.7272],[10.8778,51.7319],[10.8889,51.7349]]}},{"type":"Feature","properties":{"r":4,"n":"Freienwalder Landgraben"},"geometry":{"type":"LineString","coordinates":[[14.0379,52.7885],[14.0272,52.7903],[14.0183,52.7956],[14.0082,52.7996],[13.998,52.8036],[13.9883,52.8069],[13.9796,52.8135],[13.975,52.8226],[13.9827,52.8295]]}},{"type":"Feature","properties":{"r":4,"n":"Alte Elbe Jerichow"},"geometry":{"type":"LineString","coordinates":[[12.0125,52.4776],[12.0235,52.4757],[12.0319,52.4815],[12.0267,52.4911],[12.0165,52.4936],[12.0064,52.4956],[12.0001,52.5037],[11.989,52.5078],[11.9787,52.5085]]}},{"type":"Feature","properties":{"r":4,"n":"Lubniewka"},"geometry":{"type":"LineString","coordinates":[[15.2476,52.5509],[15.2411,52.5585],[15.2311,52.5609],[15.2211,52.5601],[15.2125,52.5654],[15.2105,52.5753],[15.2009,52.5782],[15.1933,52.585],[15.1895,52.5945]]}},{"type":"Feature","properties":{"r":4,"n":"Westoder - Odra Zachodnia"},"geometry":{"type":"LineString","coordinates":[[14.368,53.167],[14.3692,53.1786],[14.3746,53.1901],[14.3768,53.2002],[14.3876,53.205],[14.3984,53.2066],[14.4071,53.2128],[14.4089,53.2231],[14.4161,53.2302]]}},{"type":"Feature","properties":{"r":6,"n":"Oder-Havel-Kanal"},"geometry":{"type":"LineString","coordinates":[[13.9278,52.8511],[13.9172,52.8528],[13.9061,52.8545],[13.8899,52.8569],[13.8758,52.8591],[13.8578,52.8592],[13.8444,52.859],[13.8322,52.8573],[13.8214,52.8556]]}},{"type":"Feature","properties":{"r":4,"n":"Marwica"},"geometry":{"type":"LineString","coordinates":[[15.0701,52.8358],[15.0746,52.8265],[15.0829,52.8208],[15.0909,52.8147],[15.1003,52.8104],[15.1099,52.8072],[15.1171,52.7997],[15.1261,52.7949],[15.1362,52.7931]]}},{"type":"Feature","properties":{"r":4,"n":"Spree"},"geometry":{"type":"LineString","coordinates":[[14.0649,52.1171],[14.0642,52.1067],[14.0746,52.1038],[14.0855,52.1059],[14.0962,52.1078],[14.1066,52.1089],[14.1171,52.1059],[14.128,52.1032],[14.1378,52.1009]]}},{"type":"Feature","properties":{"r":4,"n":"Spetze"},"geometry":{"type":"LineString","coordinates":[[11.2279,52.3585],[11.2156,52.3728],[11.2029,52.3779],[11.1917,52.3799],[11.179,52.3833],[11.1691,52.3848],[11.1585,52.3845],[11.1434,52.3847],[11.1318,52.383]]}},{"type":"Feature","properties":{"r":4,"n":"Schunter"},"geometry":{"type":"LineString","coordinates":[[10.6484,52.3234],[10.6375,52.3222],[10.6271,52.3198],[10.6174,52.3161],[10.609,52.3102],[10.6006,52.3044],[10.5909,52.3016],[10.5799,52.3023],[10.5707,52.2978]]}},{"type":"Feature","properties":{"r":4,"n":"Krępa"},"geometry":{"type":"LineString","coordinates":[[14.7032,53.6025],[14.6937,53.5985],[14.683,53.5983],[14.645,53.5962],[14.6345,53.5971],[14.6221,53.5998],[14.6121,53.6016],[14.6032,53.597],[14.591,53.5991]]}},{"type":"Feature","properties":{"r":4,"n":"Krępa"},"geometry":{"type":"LineString","coordinates":[[15.2689,53.3784],[15.2589,53.3797],[15.2512,53.3864],[15.2547,53.3958],[15.2489,53.404],[15.2399,53.4086],[15.2305,53.4051],[15.2217,53.4099],[15.2118,53.4122]]}},{"type":"Feature","properties":{"r":4,"n":"Gowienica"},"geometry":{"type":"LineString","coordinates":[[14.9657,53.2512],[14.9569,53.2571],[14.9499,53.2644],[14.947,53.2745],[14.9449,53.2843],[14.9359,53.2889],[14.9266,53.2934],[14.9189,53.3001],[14.9113,53.3067]]}},{"type":"Feature","properties":{"r":6,"n":"Neuer Kanal"},"geometry":{"type":"LineString","coordinates":[[11.4764,53.3842],[11.4668,53.3795],[11.457,53.3768],[11.4456,53.3744],[11.4339,53.3782],[11.4231,53.3822],[11.413,53.3847],[11.4005,53.388],[11.388,53.3912]]}},{"type":"Feature","properties":{"r":6,"n":"Müritz-Elde-Wasserstraße"},"geometry":{"type":"LineString","coordinates":[[12.0143,53.398],[12.0049,53.3939],[11.9912,53.3907],[11.9812,53.3904],[11.9793,53.4013],[11.9675,53.4091],[11.9576,53.4116],[11.9469,53.4144],[11.934,53.4159]]}},{"type":"Feature","properties":{"r":4,"n":"Pliszka"},"geometry":{"type":"LineString","coordinates":[[14.7827,52.2371],[14.7722,52.2393],[14.7623,52.2409],[14.7526,52.2439],[14.7435,52.2488],[14.7333,52.249],[14.7232,52.2492],[14.713,52.2502],[14.703,52.252]]}},{"type":"Feature","properties":{"r":4,"n":"Spree"},"geometry":{"type":"LineString","coordinates":[[14.3473,51.8328],[14.3402,51.84],[14.3324,51.8467],[14.3223,51.8476],[14.3122,51.8502],[14.3022,51.8486],[14.2924,51.8455],[14.2822,51.8446],[14.2718,51.8454]]}},{"type":"Feature","properties":{"r":4,"n":"Zorge"},"geometry":{"type":"LineString","coordinates":[[10.82,51.4871],[10.8293,51.4825],[10.8389,51.4791],[10.8468,51.4728],[10.8567,51.4694],[10.8651,51.4633],[10.8762,51.4593],[10.8856,51.455],[10.8969,51.4527]]}},{"type":"Feature","properties":{"r":6,"n":"Zülowkanal"},"geometry":{"type":"LineString","coordinates":[[13.465,52.2623],[13.4774,52.2616],[13.493,52.2607],[13.5064,52.2618],[13.5164,52.265],[13.5265,52.2694],[13.5354,52.2742],[13.5485,52.2773],[13.5623,52.2804]]}},{"type":"Feature","properties":{"r":4,"n":"Geißlitz (Röderkanal)"},"geometry":{"type":"LineString","coordinates":[[13.4876,51.3459],[13.486,51.3558],[13.4831,51.3654],[13.4747,51.3709],[13.4658,51.3761],[13.4565,51.3798],[13.4465,51.3815],[13.4365,51.3879],[13.4276,51.3988]]}},{"type":"Feature","properties":{"r":4,"n":"Ilse"},"geometry":{"type":"LineString","coordinates":[[10.6342,51.82],[10.6357,51.83],[10.6402,51.839],[10.6502,51.84],[10.6585,51.8463],[10.6684,51.8505],[10.6755,51.8576],[10.6825,51.8652],[10.6913,51.8701]]}},{"type":"Feature","properties":{"r":4,"n":"Elbe"},"geometry":{"type":"LineString","coordinates":[[12.8149,51.8264],[12.8039,51.8277],[12.793,51.8305],[12.7827,51.8324],[12.7714,51.8317],[12.761,51.8331],[12.7521,51.8398],[12.7422,51.8425],[12.7315,51.8416]]}},{"type":"Feature","properties":{"r":4,"n":"Elbe"},"geometry":{"type":"LineString","coordinates":[[11.7479,52.9882],[11.7376,52.9894],[11.7274,52.9875],[11.7183,52.9833],[11.708,52.9797],[11.6963,52.9772],[11.685,52.9827],[11.6832,52.993],[11.6824,53.0047]]}},{"type":"Feature","properties":{"r":4,"n":"Trave"},"geometry":{"type":"LineString","coordinates":[[10.7866,53.8956],[10.7999,53.8948],[10.812,53.8947],[10.8277,53.8974],[10.8614,53.9125],[10.8712,53.9202],[10.8704,53.9309],[10.8616,53.9452],[10.8744,53.9578]]}},{"type":"Feature","properties":{"r":4,"n":"Trave"},"geometry":{"type":"LineString","coordinates":[[10.6975,53.8866],[10.7011,53.8983],[10.7129,53.9053],[10.7246,53.9073],[10.7365,53.9088],[10.7484,53.9088],[10.7634,53.9057],[10.7772,53.8991],[10.7866,53.8956]]}},{"type":"Feature","properties":{"r":4,"n":"Elbe"},"geometry":{"type":"LineString","coordinates":[[10.6433,53.3699],[10.6323,53.3705],[10.6217,53.3701],[10.6114,53.3688],[10.6005,53.3658],[10.5906,53.3617],[10.5807,53.3596],[10.5705,53.3607],[10.5616,53.3663]]}},{"type":"Feature","properties":{"r":6,"n":"Mittlere-Isar-Kanal"},"geometry":{"type":"LineString","coordinates":[[11.6283,48.1806],[11.6351,48.1895],[11.642,48.1989],[11.6588,48.2004],[11.6689,48.205],[11.6806,48.2054],[11.6913,48.2051],[11.701,48.2083]]}},{"type":"Feature","properties":{"r":4,"n":"Elbe"},"geometry":{"type":"LineString","coordinates":[[13.9919,50.9508],[13.9814,50.9544],[13.9724,50.9602],[13.9626,50.963],[13.9525,50.9646],[13.9423,50.9649],[13.931,50.965],[13.9199,50.9637]]}},{"type":"Feature","properties":{"r":4,"n":"Berounka"},"geometry":{"type":"LineString","coordinates":[[14.0441,49.9877],[14.0548,49.9871],[14.0647,49.9888],[14.0723,49.9783],[14.0736,49.9681],[14.0823,49.963],[14.0932,49.9566],[14.1027,49.9525]]}},{"type":"Feature","properties":{"r":4,"n":"Donau"},"geometry":{"type":"LineString","coordinates":[[12.0014,48.9498],[11.9912,48.9506],[11.992,48.9614],[12.003,48.9657],[12.0163,48.9684],[12.0284,48.9717],[12.0388,48.9793],[12.0455,48.9874]]}},{"type":"Feature","properties":{"r":4,"n":"Donau"},"geometry":{"type":"LineString","coordinates":[[11.7404,48.8166],[11.7496,48.8206],[11.7566,48.8303],[11.762,48.8415],[11.7644,48.8514],[11.7718,48.8602],[11.7818,48.8673],[11.7846,48.8778]]}},{"type":"Feature","properties":{"r":4,"n":"Donau"},"geometry":{"type":"LineString","coordinates":[[10.9378,48.7353],[10.9479,48.7341],[10.9598,48.7306],[10.9713,48.7302],[10.9843,48.7336],[10.9996,48.7379],[11.0103,48.7369],[11.0205,48.7351]]}},{"type":"Feature","properties":{"r":4,"n":"Wertach"},"geometry":{"type":"LineString","coordinates":[[10.6452,48.0367],[10.6454,48.0467],[10.6495,48.057],[10.6533,48.0672],[10.6565,48.0768],[10.6647,48.0845],[10.6732,48.0901],[10.6669,48.098]]}},{"type":"Feature","properties":{"r":4,"n":"Inn"},"geometry":{"type":"LineString","coordinates":[[12.8694,48.2477],[12.881,48.2461],[12.8891,48.2376],[12.8996,48.2334],[12.9073,48.2245],[12.9159,48.2176],[12.9255,48.2113],[12.9353,48.207]]}},{"type":"Feature","properties":{"r":4,"n":"Triebisch"},"geometry":{"type":"LineString","coordinates":[[13.4226,51.1216],[13.4318,51.126],[13.442,51.1277],[13.45,51.1341],[13.46,51.1339],[13.4625,51.1439],[13.4649,51.1538],[13.472,51.1612]]}},{"type":"Feature","properties":{"r":4,"n":"Kamp"},"geometry":{"type":"LineString","coordinates":[[15.331,48.5929],[15.3414,48.5943],[15.3514,48.598],[15.3598,48.5919],[15.3699,48.5935],[15.3794,48.5983],[15.389,48.5932],[15.3992,48.5915]]}},{"type":"Feature","properties":{"r":4,"n":"Wörnitz"},"geometry":{"type":"LineString","coordinates":[[10.6457,48.8144],[10.6355,48.8124],[10.6447,48.8083],[10.654,48.8045],[10.6627,48.799],[10.6708,48.7908],[10.6808,48.793],[10.6908,48.7935]]}},{"type":"Feature","properties":{"r":4,"n":"Amper"},"geometry":{"type":"LineString","coordinates":[[11.5812,48.3633],[11.5847,48.3727],[11.5901,48.3818],[11.5974,48.3894],[11.6068,48.3945],[11.6131,48.4026],[11.6064,48.4124],[11.5998,48.4203]]}},{"type":"Feature","properties":{"r":4,"n":"Glonn"},"geometry":{"type":"LineString","coordinates":[[11.4921,48.4165],[11.5021,48.4186],[11.5108,48.4241],[11.5216,48.4249],[11.5316,48.4275],[11.5427,48.431],[11.5533,48.4333],[11.5639,48.4325]]}},{"type":"Feature","properties":{"r":4,"n":"Weißer Main"},"geometry":{"type":"LineString","coordinates":[[11.5283,50.0937],[11.5183,50.0957],[11.5101,50.1017],[11.5126,50.1114],[11.5024,50.1128],[11.4925,50.1098],[11.4823,50.1101],[11.4722,50.1111]]}},{"type":"Feature","properties":{"r":4,"n":"Schwarzer Regen"},"geometry":{"type":"LineString","coordinates":[[12.8897,49.0825],[12.8962,49.0907],[12.8858,49.0919],[12.8788,49.0994],[12.8725,49.1075],[12.8647,49.1141],[12.8727,49.1209],[12.8655,49.1283]]}},{"type":"Feature","properties":{"r":4,"n":"Mörtlbach"},"geometry":{"type":"LineString","coordinates":[[13.2319,47.6978],[13.2219,47.6981],[13.2121,47.7002],[13.2029,47.7048],[13.195,47.7113],[13.1903,47.7202],[13.1823,47.7267],[13.1722,47.7286]]}},{"type":"Feature","properties":{"r":4,"n":"Freiberger Mulde"},"geometry":{"type":"LineString","coordinates":[[13.3134,50.9667],[13.307,50.9745],[13.3021,50.9834],[13.3103,50.9895],[13.3141,50.9988],[13.3231,51.0034],[13.3289,51.0118],[13.3364,51.0186]]}},{"type":"Feature","properties":{"r":4,"n":"Isen"},"geometry":{"type":"LineString","coordinates":[[12.4693,48.2735],[12.482,48.2731],[12.4943,48.2763],[12.5043,48.2772],[12.5151,48.2779],[12.5254,48.2788],[12.5356,48.2792],[12.5456,48.2786]]}},{"type":"Feature","properties":{"r":4,"n":"Äußere Laudach"},"geometry":{"type":"LineString","coordinates":[[13.8544,47.8809],[13.8589,47.89],[13.8533,47.8984],[13.854,47.9084],[13.8634,47.9122],[13.8706,47.9197],[13.8712,47.9299],[13.8775,47.9377]]}},{"type":"Feature","properties":{"r":4,"n":"Zenn"},"geometry":{"type":"LineString","coordinates":[[10.892,49.5072],[10.902,49.5076],[10.912,49.5064],[10.922,49.5076],[10.932,49.5062],[10.9422,49.5075],[10.9523,49.5073],[10.9616,49.5126]]}},{"type":"Feature","properties":{"r":4,"n":"Lauterach"},"geometry":{"type":"LineString","coordinates":[[11.728,49.3353],[11.7368,49.3292],[11.7451,49.3232],[11.7533,49.3172],[11.7628,49.3134],[11.7719,49.309],[11.781,49.3046],[11.7896,49.2992]]}},{"type":"Feature","properties":{"r":4,"n":"Schwarzenseebach"},"geometry":{"type":"LineString","coordinates":[[13.876,47.2965],[13.8832,47.3036],[13.8868,47.313],[13.8903,47.3224],[13.8954,47.3313],[13.9048,47.3367],[13.915,47.339],[13.9249,47.3421]]}},{"type":"Feature","properties":{"r":4,"n":"Weißer Main"},"geometry":{"type":"LineString","coordinates":[[11.594,50.0604],[11.5862,50.0668],[11.5765,50.0696],[11.567,50.073],[11.5571,50.0715],[11.5493,50.0779],[11.5392,50.0802],[11.5355,50.0896]]}},{"type":"Feature","properties":{"r":6,"n":"Main-Donau-Kanal"},"geometry":{"type":"LineString","coordinates":[[10.9817,49.4538],[10.9721,49.4573],[10.9626,49.4627],[10.9517,49.4694],[10.9444,49.4764],[10.9421,49.4879],[10.9473,49.497],[10.956,49.5038]]}},{"type":"Feature","properties":{"r":4,"n":"Hörsel"},"geometry":{"type":"LineString","coordinates":[[10.5864,50.9243],[10.5772,50.9287],[10.5716,50.9373],[10.5614,50.9411],[10.5517,50.9438],[10.542,50.9465],[10.5327,50.942],[10.5227,50.9414]]}},{"type":"Feature","properties":{"r":4,"n":"Enns"},"geometry":{"type":"LineString","coordinates":[[14.6876,47.7024],[14.6817,47.7108],[14.6742,47.7179],[14.6641,47.7159],[14.6539,47.7131],[14.6433,47.7129],[14.6361,47.7199],[14.6448,47.725]]}},{"type":"Feature","properties":{"r":6,"n":"Main-Donau-Kanal"},"geometry":{"type":"LineString","coordinates":[[11.0569,49.4156],[11.0453,49.4202],[11.0332,49.4245],[11.023,49.4291],[11.0122,49.4323],[11.0026,49.4378],[10.9979,49.4469],[10.9844,49.453]]}},{"type":"Feature","properties":{"r":4,"n":"Partnach"},"geometry":{"type":"LineString","coordinates":[[11.0645,47.41],[11.0742,47.4129],[11.0838,47.4162],[11.0937,47.4179],[11.1012,47.4247],[11.1076,47.4324],[11.1108,47.4419],[11.116,47.4505]]}},{"type":"Feature","properties":{"r":4,"n":"Lužnice"},"geometry":{"type":"LineString","coordinates":[[14.9565,48.801],[14.947,48.8051],[14.9378,48.8093],[14.9321,48.8176],[14.9303,48.8275],[14.9265,48.8373],[14.9191,48.8441],[14.911,48.8505]]}},{"type":"Feature","properties":{"r":4,"n":"Schmutter"},"geometry":{"type":"LineString","coordinates":[[10.8276,48.4923],[10.8261,48.5028],[10.8293,48.5123],[10.8234,48.5204],[10.8209,48.5302],[10.8222,48.5404],[10.8225,48.5505],[10.826,48.56]]}},{"type":"Feature","properties":{"r":4,"n":"Fränkische Rezat"},"geometry":{"type":"LineString","coordinates":[[10.8208,49.2477],[10.8293,49.2423],[10.8372,49.236],[10.847,49.2337],[10.8565,49.2304],[10.8666,49.2294],[10.875,49.2235],[10.8846,49.2207]]}},{"type":"Feature","properties":{"r":4,"n":"Ölschnitz"},"geometry":{"type":"LineString","coordinates":[[11.7135,50.0878],[11.7166,50.0782],[11.7097,50.0709],[11.7044,50.0622],[11.6949,50.0588],[11.6842,50.0574],[11.6763,50.0512],[11.6701,50.0433]]}},{"type":"Feature","properties":{"r":4,"n":"Urschlauer Achen"},"geometry":{"type":"LineString","coordinates":[[12.5765,47.7255],[12.5862,47.729],[12.596,47.733],[12.6047,47.7394],[12.6144,47.7423],[12.624,47.7468],[12.6331,47.7513],[12.6428,47.7539]]}},{"type":"Feature","properties":{"r":4,"n":"Gerlosbach"},"geometry":{"type":"LineString","coordinates":[[11.9592,47.211],[11.9495,47.2142],[11.9395,47.2157],[11.9294,47.217],[11.9193,47.2179],[11.9097,47.221],[11.8999,47.2237],[11.89,47.2261]]}},{"type":"Feature","properties":{"r":4,"n":"Wipfra"},"geometry":{"type":"LineString","coordinates":[[11.0485,50.8705],[11.0379,50.8705],[11.0285,50.8742],[11.0194,50.8786],[11.0093,50.8799],[11.0007,50.8853],[10.9905,50.8868],[10.9809,50.8904]]}},{"type":"Feature","properties":{"r":4,"n":"Weißer Main"},"geometry":{"type":"LineString","coordinates":[[11.6682,50.0425],[11.6582,50.0432],[11.6481,50.0424],[11.6374,50.0432],[11.6272,50.045],[11.617,50.0461],[11.6064,50.0458],[11.5987,50.0525]]}},{"type":"Feature","properties":{"r":4,"n":"Feichsen"},"geometry":{"type":"LineString","coordinates":[[15.0956,48.0108],[15.1005,48.0196],[15.0988,48.0295],[15.1005,48.0394],[15.1043,48.049],[15.1129,48.0547],[15.1231,48.0542],[15.1317,48.0594]]}},{"type":"Feature","properties":{"r":4,"n":"Schwarzach"},"geometry":{"type":"LineString","coordinates":[[12.3243,49.3932],[12.3142,49.3945],[12.3048,49.3896],[12.2959,49.3944],[12.287,49.3991],[12.2775,49.4025],[12.2689,49.4079],[12.265,49.4172]]}},{"type":"Feature","properties":{"r":4,"n":"Isar"},"geometry":{"type":"LineString","coordinates":[[11.6875,48.271],[11.6918,48.2818],[11.6976,48.2903],[11.6994,48.3007],[11.6993,48.3112],[11.7,48.3216],[11.708,48.3286],[11.7144,48.3368]]}},{"type":"Feature","properties":{"r":4,"n":"Werra"},"geometry":{"type":"LineString","coordinates":[[10.7483,50.4192],[10.7378,50.4213],[10.7274,50.4229],[10.7184,50.4287],[10.7097,50.4337],[10.7007,50.4382],[10.6918,50.4429],[10.6821,50.4455]]}},{"type":"Feature","properties":{"r":4,"n":"Bobritzsch"},"geometry":{"type":"LineString","coordinates":[[13.4983,50.8487],[13.4883,50.8481],[13.4786,50.8512],[13.4694,50.8554],[13.4626,50.8628],[13.4583,50.8719],[13.4501,50.8779],[13.4433,50.8853]]}},{"type":"Feature","properties":{"r":4,"n":"Trattnach"},"geometry":{"type":"LineString","coordinates":[[13.8111,48.2353],[13.8214,48.2363],[13.8306,48.2313],[13.8403,48.2283],[13.8498,48.2248],[13.8593,48.2213],[13.8695,48.2201],[13.8797,48.2208]]}},{"type":"Feature","properties":{"r":4,"n":"Inn"},"geometry":{"type":"LineString","coordinates":[[11.951,47.4682],[11.9606,47.4714],[11.971,47.4751],[11.9813,47.4793],[11.9913,47.4806],[12.0025,47.4821],[12.0128,47.4843],[12.0228,47.4857]]}},{"type":"Feature","properties":{"r":4,"n":"Litavka"},"geometry":{"type":"LineString","coordinates":[[14.0009,49.7558],[14.009,49.7618],[14.0062,49.7716],[13.9999,49.7794],[13.9907,49.784],[13.9815,49.7888],[13.978,49.7982],[13.9695,49.8043]]}},{"type":"Feature","properties":{"r":4,"n":"Kwisa"},"geometry":{"type":"LineString","coordinates":[[15.3868,50.9828],[15.3865,50.9928],[15.3959,50.9964],[15.402,51.0046],[15.4107,51.0101],[15.4105,51.0203],[15.4024,51.0262],[15.3927,51.0314]]}},{"type":"Feature","properties":{"r":4,"n":"Donau"},"geometry":{"type":"LineString","coordinates":[[14.3147,48.3217],[14.3272,48.3136],[14.335,48.3049],[14.3411,48.2918],[14.346,48.2824],[14.3558,48.2754],[14.3653,48.2719],[14.3768,48.2697]]}},{"type":"Feature","properties":{"r":4,"n":"Rauhe Ebrach"},"geometry":{"type":"LineString","coordinates":[[10.8561,49.8192],[10.8661,49.8203],[10.876,49.8218],[10.886,49.8221],[10.8959,49.8237],[10.9059,49.8244],[10.9158,49.8264],[10.9245,49.8314]]}},{"type":"Feature","properties":{"r":4,"n":"Längenmühlbach"},"geometry":{"type":"LineString","coordinates":[[12.2876,48.6077],[12.2969,48.6116],[12.307,48.6117],[12.3172,48.611],[12.3267,48.6146],[12.3367,48.6147],[12.347,48.6151],[12.3552,48.6219]]}},{"type":"Feature","properties":{"r":4,"n":"Mur"},"geometry":{"type":"LineString","coordinates":[[14.8233,47.1972],[14.8345,47.1995],[14.8447,47.2013],[14.8421,47.2112],[14.8451,47.2208],[14.8431,47.2307],[14.8522,47.2357],[14.8605,47.2413]]}},{"type":"Feature","properties":{"r":4,"n":"Bílina"},"geometry":{"type":"LineString","coordinates":[[13.3465,50.5428],[13.355,50.5375],[13.3646,50.5341],[13.3745,50.5314],[13.3875,50.5323],[13.3977,50.5335],[13.406,50.5277],[13.4071,50.5177]]}},{"type":"Feature","properties":{"r":6,"n":"Přivaděč Ohře-Bílina"},"geometry":{"type":"LineString","coordinates":[[13.4308,50.4966],[13.4373,50.5045],[13.4469,50.5082],[13.4532,50.5161],[13.4624,50.5219],[13.4722,50.5252],[13.475,50.5155],[13.467,50.5094]]}},{"type":"Feature","properties":{"r":4,"n":"Cidlina"},"geometry":{"type":"LineString","coordinates":[[15.3483,50.5187],[15.347,50.5085],[15.3435,50.4991],[15.3422,50.4891],[15.3511,50.4824],[15.3607,50.4767],[15.3711,50.4716],[15.3669,50.4624]]}},{"type":"Feature","properties":{"r":4,"n":"Vltava"},"geometry":{"type":"LineString","coordinates":[[14.4622,49.1074],[14.4631,49.118],[14.4558,49.126],[14.4552,49.1389],[14.4555,49.1505],[14.4518,49.1599],[14.4555,49.1697],[14.4501,49.1798]]}},{"type":"Feature","properties":{"r":4,"n":"Neidernach"},"geometry":{"type":"LineString","coordinates":[[10.8741,47.4805],[10.8841,47.4794],[10.8938,47.4826],[10.9037,47.4841],[10.9137,47.4847],[10.9237,47.4832],[10.9341,47.4829],[10.9417,47.476]]}},{"type":"Feature","properties":{"r":4,"n":"Blanice"},"geometry":{"type":"LineString","coordinates":[[14.8166,49.5298],[14.8131,49.5392],[14.8168,49.549],[14.8256,49.5539],[14.8334,49.5604],[14.8289,49.5698],[14.833,49.579],[14.8371,49.5882]]}},{"type":"Feature","properties":{"r":4,"n":"Isar"},"geometry":{"type":"LineString","coordinates":[[11.4487,47.9514],[11.4601,47.9527],[11.4667,47.9608],[11.4752,47.9663],[11.4761,47.9764],[11.4723,47.9861],[11.4777,47.9946],[11.4793,48.0048]]}},{"type":"Feature","properties":{"r":4,"n":"Schwarzach"},"geometry":{"type":"LineString","coordinates":[[11.2761,49.3601],[11.2661,49.3585],[11.2563,49.3556],[11.2462,49.3547],[11.236,49.3544],[11.2263,49.3509],[11.2162,49.3516],[11.2064,49.3545]]}},{"type":"Feature","properties":{"r":4,"n":"Große Lößnitz"},"geometry":{"type":"LineString","coordinates":[[13.2185,50.8041],[13.2095,50.8085],[13.1995,50.8101],[13.189,50.8128],[13.1814,50.8195],[13.1713,50.8197],[13.1616,50.8232],[13.1515,50.8239]]}},{"type":"Feature","properties":{"r":4,"n":"Weiße Elster"},"geometry":{"type":"LineString","coordinates":[[12.2362,50.3489],[12.2268,50.3525],[12.2226,50.3619],[12.214,50.3671],[12.2053,50.3724],[12.1989,50.3803],[12.1922,50.3879],[12.185,50.3951]]}},{"type":"Feature","properties":{"r":4,"n":"Zwickauer Mulde"},"geometry":{"type":"LineString","coordinates":[[12.6663,50.5456],[12.6713,50.5544],[12.681,50.5515],[12.6892,50.5575],[12.6921,50.5674],[12.6888,50.5776],[12.6981,50.5826],[12.6944,50.5921]]}},{"type":"Feature","properties":{"r":4,"n":"Salzach"},"geometry":{"type":"LineString","coordinates":[[13.1633,47.5901],[13.1628,47.6007],[13.1564,47.6095],[13.1466,47.6123],[13.141,47.6207],[13.1382,47.6316],[13.1297,47.6379],[13.1239,47.6463]]}},{"type":"Feature","properties":{"r":6,"n":"Osternach"},"geometry":{"type":"LineString","coordinates":[[13.499,48.3006],[13.4891,48.3023],[13.4794,48.3049],[13.4696,48.3069],[13.4602,48.3112],[13.45,48.3136],[13.4398,48.3144],[13.4317,48.3204]]}},{"type":"Feature","properties":{"r":6,"n":"Mlýnská Cidlina"},"geometry":{"type":"LineString","coordinates":[[15.457,50.1262],[15.4474,50.1232],[15.4381,50.1195],[15.4295,50.114],[15.4198,50.121],[15.4108,50.1265],[15.4016,50.1317],[15.3921,50.1351]]}},{"type":"Feature","properties":{"r":4,"n":"Gennach"},"geometry":{"type":"LineString","coordinates":[[10.7081,48.0603],[10.7071,48.0724],[10.7159,48.079],[10.7255,48.0822],[10.7357,48.0865],[10.7361,48.0965],[10.7262,48.1],[10.7167,48.1046]]}},{"type":"Feature","properties":{"r":4,"n":"Grenerarm"},"geometry":{"type":"LineString","coordinates":[[14.7689,48.171],[14.7799,48.1712],[14.7897,48.1691],[14.7944,48.1785],[14.8044,48.18],[14.8144,48.1766],[14.8212,48.184],[14.8307,48.1895]]}},{"type":"Feature","properties":{"r":4,"n":"Křemelná"},"geometry":{"type":"LineString","coordinates":[[13.4275,49.1175],[13.4362,49.1123],[13.441,49.1033],[13.4514,49.1009],[13.4611,49.1062],[13.47,49.111],[13.4803,49.1113],[13.4903,49.1096]]}},{"type":"Feature","properties":{"r":4,"n":"Haßlach"},"geometry":{"type":"LineString","coordinates":[[11.3178,50.3519],[11.3102,50.3446],[11.3004,50.3403],[11.292,50.3335],[11.2881,50.3242],[11.2817,50.3161],[11.2866,50.3069],[11.2923,50.2976]]}},{"type":"Feature","properties":{"r":4,"n":"Zschopau"},"geometry":{"type":"LineString","coordinates":[[13.0886,50.7759],[13.0814,50.7848],[13.0718,50.7891],[13.0774,50.7987],[13.0726,50.8077],[13.0773,50.8166],[13.0817,50.8257],[13.0759,50.8358]]}},{"type":"Feature","properties":{"r":4,"n":"Zschopau"},"geometry":{"type":"LineString","coordinates":[[13.0553,50.7246],[13.0599,50.7335],[13.0625,50.7432],[13.0729,50.7448],[13.0829,50.7433],[13.0855,50.7539],[13.0928,50.7612],[13.0925,50.7713]]}},{"type":"Feature","properties":{"r":4,"n":"Fermersbach"},"geometry":{"type":"LineString","coordinates":[[11.383,47.4722],[11.3893,47.4802],[11.3985,47.4845],[11.4068,47.4905],[11.4131,47.4987],[11.4213,47.5047],[11.4295,47.5105],[11.4382,47.5157]]}},{"type":"Feature","properties":{"r":4,"n":"Regnitz"},"geometry":{"type":"LineString","coordinates":[[10.9981,49.7963],[10.9997,49.8063],[10.9898,49.8047],[10.9821,49.8111],[10.9714,49.8121],[10.9632,49.8195],[10.9547,49.8258],[10.945,49.8328]]}},{"type":"Feature","properties":{"r":4,"n":"Paar"},"geometry":{"type":"LineString","coordinates":[[11.5405,48.7556],[11.5513,48.759],[11.5629,48.7616],[11.5742,48.7675],[11.5841,48.77],[11.5942,48.7707],[11.603,48.7759],[11.6131,48.7727]]}},{"type":"Feature","properties":{"r":4,"n":"Reiche Ebrach"},"geometry":{"type":"LineString","coordinates":[[10.7148,49.7466],[10.7245,49.7499],[10.734,49.7466],[10.7439,49.7486],[10.7542,49.7473],[10.7648,49.7483],[10.7747,49.75],[10.7847,49.7495]]}},{"type":"Feature","properties":{"r":4,"n":"Schwarze Ois"},"geometry":{"type":"LineString","coordinates":[[14.9455,47.924],[14.9433,47.934],[14.9458,47.9439],[14.9374,47.9495],[14.9274,47.9508],[14.9174,47.951],[14.907,47.9499],[14.8969,47.9485]]}},{"type":"Feature","properties":{"r":4,"n":"Kleine Ybbs"},"geometry":{"type":"LineString","coordinates":[[14.8932,47.9481],[14.8836,47.9451],[14.8738,47.943],[14.8639,47.9411],[14.8534,47.9401],[14.8434,47.9397],[14.8338,47.9433],[14.8237,47.9442]]}},{"type":"Feature","properties":{"r":4,"n":"Gera"},"geometry":{"type":"LineString","coordinates":[[10.9644,50.9215],[10.9744,50.9212],[10.9844,50.9214],[10.9891,50.9303],[10.9887,50.9404],[10.9959,50.9478],[11.0055,50.9531],[11.0102,50.9622]]}},{"type":"Feature","properties":{"r":4,"n":"Roter Main"},"geometry":{"type":"LineString","coordinates":[[11.6202,49.8439],[11.6204,49.8539],[11.6175,49.8635],[11.6169,49.8737],[11.6189,49.8837],[11.6286,49.8864],[11.6283,49.8964],[11.6241,49.9059]]}},{"type":"Feature","properties":{"r":4,"n":"Haidenaab"},"geometry":{"type":"LineString","coordinates":[[11.8591,49.8472],[11.8715,49.8453],[11.8816,49.8436],[11.8895,49.8373],[11.8903,49.8273],[11.8945,49.8182],[11.8976,49.8085],[11.8887,49.8027]]}},{"type":"Feature","properties":{"r":4,"n":"Pusterwaldbach"},"geometry":{"type":"LineString","coordinates":[[14.3767,47.3059],[14.3871,47.3046],[14.3973,47.3023],[14.4073,47.2998],[14.4178,47.2987],[14.4279,47.2995],[14.439,47.3],[14.4487,47.3035]]}},{"type":"Feature","properties":{"r":4,"n":"Dientenbach"},"geometry":{"type":"LineString","coordinates":[[13.015,47.3886],[13.0052,47.3851],[12.9999,47.3759],[12.9985,47.3657],[13,47.3558],[13.0067,47.3482],[13.0136,47.3408],[13.0203,47.3331]]}},{"type":"Feature","properties":{"r":4,"n":"Haidenaab"},"geometry":{"type":"LineString","coordinates":[[11.9682,49.7451],[11.9766,49.7393],[11.9796,49.7295],[11.9825,49.7199],[11.9773,49.7113],[11.9704,49.7038],[11.9639,49.6962],[11.9557,49.6903]]}},{"type":"Feature","properties":{"r":4,"n":"Pfreimd"},"geometry":{"type":"LineString","coordinates":[[12.2656,49.5199],[12.2563,49.5147],[12.2468,49.5106],[12.237,49.5067],[12.2271,49.505],[12.2177,49.5098],[12.2118,49.5015],[12.2024,49.4979]]}},{"type":"Feature","properties":{"r":4,"n":"Sill"},"geometry":{"type":"LineString","coordinates":[[11.4443,47.1609],[11.4373,47.1683],[11.4305,47.1757],[11.4212,47.1795],[11.4193,47.1895],[11.4099,47.1936],[11.4031,47.2015],[11.3979,47.2101]]}},{"type":"Feature","properties":{"r":4,"n":"Wenzenbach"},"geometry":{"type":"LineString","coordinates":[[12.1753,49.0692],[12.1652,49.0681],[12.1551,49.0676],[12.1455,49.0709],[12.1375,49.077],[12.1275,49.0785],[12.1173,49.0788],[12.1073,49.079]]}},{"type":"Feature","properties":{"r":4,"n":"Saalach"},"geometry":{"type":"LineString","coordinates":[[12.8233,47.4398],[12.8238,47.4507],[12.8235,47.461],[12.8236,47.4712],[12.8267,47.4811],[12.8189,47.4881],[12.8089,47.4905],[12.7993,47.4947]]}},{"type":"Feature","properties":{"r":4,"n":"Bischofswiesener Ache"},"geometry":{"type":"LineString","coordinates":[[12.9381,47.6754],[12.9437,47.6669],[12.9526,47.6618],[12.9597,47.6531],[12.9682,47.6472],[12.971,47.6375],[12.9749,47.6281],[12.9852,47.627]]}},{"type":"Feature","properties":{"r":4,"n":"Saalach"},"geometry":{"type":"LineString","coordinates":[[12.8734,47.717],[12.8655,47.7239],[12.8717,47.7332],[12.8858,47.7403],[12.8968,47.7457],[12.9067,47.7517],[12.9159,47.7589],[12.9258,47.767]]}},{"type":"Feature","properties":{"r":4,"n":"Lammer"},"geometry":{"type":"LineString","coordinates":[[13.3851,47.5737],[13.3751,47.5763],[13.3655,47.5795],[13.3558,47.5821],[13.3463,47.5858],[13.3364,47.5898],[13.3265,47.5928],[13.3161,47.5932]]}},{"type":"Feature","properties":{"r":4,"n":"Vorderer Rettenbach"},"geometry":{"type":"LineString","coordinates":[[14.2407,47.7787],[14.2307,47.7793],[14.2201,47.7808],[14.2103,47.7834],[14.2001,47.7833],[14.1901,47.7828],[14.1799,47.7838],[14.1707,47.788]]}},{"type":"Feature","properties":{"r":4,"n":"Aschbach"},"geometry":{"type":"LineString","coordinates":[[15.3261,47.6873],[15.3282,47.6972],[15.3253,47.7068],[15.3308,47.7154],[15.3321,47.7259],[15.3251,47.7351],[15.3157,47.7387],[15.3063,47.7423]]}},{"type":"Feature","properties":{"r":4,"n":"Stübmingbach"},"geometry":{"type":"LineString","coordinates":[[15.2911,47.5367],[15.2812,47.5345],[15.2715,47.5315],[15.262,47.5283],[15.2531,47.5236],[15.243,47.5221],[15.2327,47.5209],[15.2226,47.5192]]}},{"type":"Feature","properties":{"r":4,"n":"Donau"},"geometry":{"type":"LineString","coordinates":[[15.1953,48.2151],[15.2067,48.2146],[15.2257,48.2151],[15.2416,48.219],[15.2578,48.2227],[15.2705,48.2241],[15.2826,48.2242],[15.295,48.2253]]}},{"type":"Feature","properties":{"r":4,"n":"Schwemmnaarn"},"geometry":{"type":"LineString","coordinates":[[14.7181,48.1889],[14.7285,48.1917],[14.7393,48.192],[14.7483,48.1876],[14.7585,48.1891],[14.7685,48.1866],[14.7784,48.1882],[14.7885,48.1891]]}},{"type":"Feature","properties":{"r":4,"n":"Wertach"},"geometry":{"type":"LineString","coordinates":[[10.5649,47.7525],[10.5751,47.7555],[10.5846,47.7592],[10.5856,47.7697],[10.5952,47.7733],[10.5936,47.7832],[10.6008,47.7903],[10.6091,47.7959]]}},{"type":"Feature","properties":{"r":4,"n":"Lantschfeldbach"},"geometry":{"type":"LineString","coordinates":[[13.5117,47.2175],[13.5218,47.218],[13.5318,47.2189],[13.5415,47.2164],[13.5511,47.2121],[13.5607,47.2087],[13.5705,47.2067],[13.5802,47.2035]]}},{"type":"Feature","properties":{"r":4,"n":"Stubache"},"geometry":{"type":"LineString","coordinates":[[12.5971,47.2049],[12.597,47.2149],[12.5907,47.2229],[12.5835,47.23],[12.5752,47.2356],[12.5708,47.2448],[12.5673,47.2542],[12.5679,47.2642]]}},{"type":"Feature","properties":{"r":4,"n":"Salza"},"geometry":{"type":"LineString","coordinates":[[14.8309,47.7122],[14.8212,47.7087],[14.8108,47.7098],[14.8005,47.7075],[14.7925,47.7012],[14.7838,47.6952],[14.7768,47.6876],[14.7683,47.6819]]}},{"type":"Feature","properties":{"r":4,"n":"Donau"},"geometry":{"type":"LineString","coordinates":[[15.3035,48.2263],[15.3146,48.2281],[15.3328,48.2373],[15.3425,48.2415],[15.3537,48.247],[15.364,48.252],[15.3725,48.2606],[15.379,48.2684]]}},{"type":"Feature","properties":{"r":4,"n":"Wilde Rodach"},"geometry":{"type":"LineString","coordinates":[[11.5271,50.2777],[11.5167,50.2752],[11.5109,50.2662],[11.5008,50.2638],[11.4909,50.2622],[11.481,50.2641],[11.4709,50.2664],[11.4613,50.2711]]}},{"type":"Feature","properties":{"r":4,"n":"Vltava"},"geometry":{"type":"LineString","coordinates":[[14.4676,48.9749],[14.4613,48.9829],[14.4595,48.9931],[14.4614,49.0037],[14.4557,49.0127],[14.4488,49.0206],[14.4425,49.0295],[14.4457,49.0402]]}},{"type":"Feature","properties":{"r":4,"n":"Wilisch"},"geometry":{"type":"LineString","coordinates":[[12.9985,50.7031],[12.9988,50.7133],[13.0085,50.7159],[13.0186,50.7172],[13.0275,50.7219],[13.036,50.7279],[13.047,50.7285],[13.0571,50.7263]]}},{"type":"Feature","properties":{"r":6,"n":"Main-Donau-Kanal"},"geometry":{"type":"LineString","coordinates":[[10.9804,49.6238],[10.9867,49.6319],[10.994,49.6388],[11.0033,49.6455],[11.0116,49.6526],[11.0188,49.6651],[11.0259,49.6738],[11.0332,49.6818]]}},{"type":"Feature","properties":{"r":4,"n":"Rednitz"},"geometry":{"type":"LineString","coordinates":[[11.0182,49.4125],[11.0094,49.4178],[11.0029,49.4255],[10.9947,49.432],[10.988,49.4398],[10.9824,49.4483],[10.9801,49.4581],[10.9818,49.4684]]}},{"type":"Feature","properties":{"r":4,"n":"Regen"},"geometry":{"type":"LineString","coordinates":[[12.4199,49.1841],[12.4098,49.1791],[12.4,49.1814],[12.3899,49.1833],[12.3798,49.1822],[12.3693,49.1838],[12.3581,49.1857],[12.347,49.1849]]}},{"type":"Feature","properties":{"r":4,"n":"Saale"},"geometry":{"type":"LineString","coordinates":[[11.8747,51.1869],[11.8848,51.1874],[11.8959,51.1885],[11.9063,51.187],[11.9156,51.1907],[11.9191,51.2002],[11.9289,51.2028],[11.9383,51.2077]]}},{"type":"Feature","properties":{"r":4,"n":"Mittlere Aurach"},"geometry":{"type":"LineString","coordinates":[[10.8561,49.5752],[10.8657,49.5723],[10.8755,49.5694],[10.8851,49.5665],[10.8953,49.5644],[10.9052,49.5625],[10.915,49.5603],[10.925,49.5617]]}},{"type":"Feature","properties":{"r":4,"n":"Biber"},"geometry":{"type":"LineString","coordinates":[[10.9284,50.4954],[10.918,50.4951],[10.9089,50.4901],[10.9004,50.4848],[10.8901,50.4843],[10.8797,50.4841],[10.8697,50.4867],[10.8615,50.4933]]}},{"type":"Feature","properties":{"r":4,"n":"Aschach"},"geometry":{"type":"LineString","coordinates":[[13.8086,48.3203],[13.8184,48.3234],[13.8319,48.3239],[13.841,48.3281],[13.853,48.3325],[13.8618,48.3384],[13.8686,48.3461],[13.874,48.3547]]}},{"type":"Feature","properties":{"r":4,"n":"Schwemmbach"},"geometry":{"type":"LineString","coordinates":[[13.2137,48.0363],[13.2062,48.043],[13.1993,48.0503],[13.1922,48.0577],[13.1849,48.0646],[13.1783,48.0722],[13.169,48.0801],[13.1603,48.0884]]}},{"type":"Feature","properties":{"r":4,"n":"Main"},"geometry":{"type":"LineString","coordinates":[[10.8682,49.9537],[10.8767,49.9482],[10.8683,49.9402],[10.8683,49.9297],[10.8605,49.9233],[10.8514,49.9191],[10.8416,49.9168],[10.8288,49.9144]]}},{"type":"Feature","properties":{"r":4,"n":"Wieseth"},"geometry":{"type":"LineString","coordinates":[[10.5334,49.1575],[10.5434,49.1574],[10.5534,49.1566],[10.5634,49.1562],[10.5734,49.1577],[10.583,49.1605],[10.593,49.161],[10.6029,49.1594]]}},{"type":"Feature","properties":{"r":4,"n":"Schwarze Laber"},"geometry":{"type":"LineString","coordinates":[[11.7017,49.1743],[11.7114,49.1768],[11.7205,49.1726],[11.7303,49.1702],[11.7406,49.1702],[11.7506,49.1696],[11.7602,49.1664],[11.7697,49.1617]]}},{"type":"Feature","properties":{"r":4,"n":"Lauterach"},"geometry":{"type":"LineString","coordinates":[[11.8091,49.2907],[11.8192,49.2907],[11.8293,49.2889],[11.8387,49.2852],[11.8487,49.2862],[11.8592,49.2867],[11.8691,49.2826],[11.8782,49.2777]]}},{"type":"Feature","properties":{"r":4,"n":"Main"},"geometry":{"type":"LineString","coordinates":[[10.63,49.9847],[10.6222,49.9926],[10.6115,49.9966],[10.6019,49.9997],[10.5919,50.002],[10.5807,50.003],[10.5692,50.0018],[10.5586,50.0013]]}},{"type":"Feature","properties":{"r":4,"n":"Schwarzach"},"geometry":{"type":"LineString","coordinates":[[12.4133,49.3719],[12.4033,49.369],[12.3964,49.3607],[12.3884,49.3546],[12.3785,49.3526],[12.3687,49.3551],[12.3594,49.3594],[12.3519,49.3663]]}},{"type":"Feature","properties":{"r":4,"n":"Ramsach"},"geometry":{"type":"LineString","coordinates":[[11.1425,47.6439],[11.1524,47.6458],[11.1627,47.6493],[11.1707,47.6556],[11.1761,47.6641],[11.186,47.6656],[11.1961,47.6632],[11.2037,47.6567]]}},{"type":"Feature","properties":{"r":4,"n":"Wenzenbach"},"geometry":{"type":"LineString","coordinates":[[12.2514,49.1162],[12.2468,49.1072],[12.2385,49.1016],[12.2321,49.0939],[12.2238,49.0883],[12.216,49.0819],[12.2059,49.0808],[12.1961,49.0788]]}},{"type":"Feature","properties":{"r":4,"n":"Teichl"},"geometry":{"type":"LineString","coordinates":[[14.2483,47.7498],[14.2392,47.7547],[14.23,47.759],[14.2207,47.7629],[14.2103,47.7649],[14.2007,47.7682],[14.1905,47.7703],[14.181,47.7748]]}},{"type":"Feature","properties":{"r":4,"n":"Loquitz"},"geometry":{"type":"LineString","coordinates":[[11.3885,50.4855],[11.3804,50.4914],[11.3718,50.4982],[11.3728,50.5082],[11.3809,50.5142],[11.3908,50.5115],[11.3967,50.5198],[11.3882,50.5261]]}},{"type":"Feature","properties":{"r":4,"n":"Pließnitz"},"geometry":{"type":"LineString","coordinates":[[14.891,51.0657],[14.8983,51.0586],[14.9067,51.0526],[14.9161,51.0489],[14.9258,51.0529],[14.9311,51.0616],[14.9413,51.0615],[14.951,51.0664]]}},{"type":"Feature","properties":{"r":4,"n":"Moosach"},"geometry":{"type":"LineString","coordinates":[[11.7902,48.4097],[11.8,48.4077],[11.81,48.4065],[11.82,48.407],[11.83,48.4083],[11.8393,48.4126],[11.8492,48.4142],[11.8584,48.4188]]}},{"type":"Feature","properties":{"r":4,"n":"Labe"},"geometry":{"type":"LineString","coordinates":[[14.3324,50.4735],[14.3229,50.4689],[14.3168,50.4592],[14.3067,50.458],[14.2947,50.4551],[14.2876,50.442],[14.2834,50.4316],[14.2727,50.4279]]}},{"type":"Feature","properties":{"r":6,"n":"Vchynicko-Tetovský plavební kanál"},"geometry":{"type":"LineString","coordinates":[[13.4868,49.0493],[13.4764,49.0549],[13.4761,49.0649],[13.4678,49.0705],[13.4578,49.0712],[13.4593,49.0811],[13.4603,49.0916],[13.4665,49.0997]]}},{"type":"Feature","properties":{"r":4,"n":"Traun"},"geometry":{"type":"LineString","coordinates":[[13.8152,47.949],[13.8128,47.9594],[13.8056,47.9664],[13.8109,47.9752],[13.8123,47.9857],[13.8033,47.9903],[13.795,47.9966],[13.7947,48.0073]]}},{"type":"Feature","properties":{"r":4,"n":"Donau"},"geometry":{"type":"LineString","coordinates":[[13.7897,48.4662],[13.8,48.4649],[13.8112,48.4603],[13.8207,48.4541],[13.8307,48.4457],[13.8395,48.44],[13.85,48.4329],[13.8606,48.4276]]}},{"type":"Feature","properties":{"r":4,"n":"Weida"},"geometry":{"type":"LineString","coordinates":[[11.9178,50.6307],[11.9226,50.6397],[11.9253,50.65],[11.9349,50.6536],[11.9458,50.6542],[11.9592,50.6598],[11.9693,50.6627],[11.9766,50.6701]]}},{"type":"Feature","properties":{"r":4,"n":"Vils"},"geometry":{"type":"LineString","coordinates":[[11.9349,49.2742],[11.927,49.2678],[11.9292,49.2569],[11.9307,49.2463],[11.9323,49.2357],[11.9367,49.2257],[11.9411,49.2167],[11.9438,49.2069]]}},{"type":"Feature","properties":{"r":4,"n":"Fränkische Rezat"},"geometry":{"type":"LineString","coordinates":[[10.7494,49.2695],[10.7588,49.2658],[10.7684,49.2628],[10.7784,49.2635],[10.7885,49.2618],[10.796,49.2551],[10.8057,49.2523],[10.815,49.2486]]}},{"type":"Feature","properties":{"r":4,"n":"Inn"},"geometry":{"type":"LineString","coordinates":[[12.7923,48.2613],[12.8019,48.2665],[12.8112,48.2711],[12.8217,48.2697],[12.8301,48.2637],[12.8372,48.2552],[12.8443,48.2473],[12.855,48.2452]]}},{"type":"Feature","properties":{"r":4,"n":"Schwarzbach"},"geometry":{"type":"LineString","coordinates":[[12.8647,50.5669],[12.8653,50.5568],[12.8556,50.5536],[12.8464,50.5493],[12.8361,50.5466],[12.8272,50.5419],[12.8175,50.5393],[12.8075,50.5405]]}},{"type":"Feature","properties":{"r":4,"n":"Aurach"},"geometry":{"type":"LineString","coordinates":[[10.7371,49.8892],[10.7467,49.8864],[10.7558,49.8821],[10.7639,49.8762],[10.7723,49.8707],[10.7824,49.8696],[10.7922,49.8717],[10.802,49.8696]]}},{"type":"Feature","properties":{"r":4,"n":"Traun"},"geometry":{"type":"LineString","coordinates":[[13.6684,47.7427],[13.679,47.7449],[13.6888,47.7495],[13.6987,47.7538],[13.707,47.7598],[13.7161,47.7647],[13.7247,47.7712],[13.7331,47.7775]]}},{"type":"Feature","properties":{"r":4,"n":"Vltava"},"geometry":{"type":"LineString","coordinates":[[14.3708,49.9354],[14.3796,49.9414],[14.3897,49.9417],[14.3926,49.9514],[14.3958,49.9609],[14.3979,49.9715],[14.398,49.9819],[14.4005,49.9923]]}},{"type":"Feature","properties":{"r":4,"n":"Vltava"},"geometry":{"type":"LineString","coordinates":[[14.353,50.2178],[14.3494,50.2276],[14.3387,50.2313],[14.3274,50.2382],[14.3131,50.2444],[14.304,50.2489],[14.3039,50.2598],[14.3092,50.2706]]}},{"type":"Feature","properties":{"r":4,"n":"Blanice"},"geometry":{"type":"LineString","coordinates":[[14.1054,49.138],[14.1155,49.137],[14.1095,49.145],[14.1191,49.1482],[14.123,49.1575],[14.1309,49.164],[14.141,49.1633],[14.1511,49.1629]]}},{"type":"Feature","properties":{"r":4,"n":"Donau"},"geometry":{"type":"LineString","coordinates":[[10.5828,48.6033],[10.6105,48.6105],[10.6208,48.6133],[10.6307,48.6176],[10.6433,48.6248],[10.6516,48.6312],[10.6611,48.6389],[10.6721,48.6439]]}},{"type":"Feature","properties":{"r":4,"n":"Kollbach"},"geometry":{"type":"LineString","coordinates":[[12.6645,48.5135],[12.6747,48.515],[12.6844,48.5177],[12.6944,48.5195],[12.7044,48.5196],[12.7146,48.5217],[12.7241,48.5252],[12.7356,48.5283]]}},{"type":"Feature","properties":{"r":6,"n":"Bachüberleitungen zum Speicher Längental"},"geometry":{"type":"LineString","coordinates":[[11.1764,47.0884],[11.1334,47.1036],[11.1207,47.1127],[11.1308,47.1259],[11.1208,47.1449],[11.0872,47.167],[11.0643,47.1915],[11.006,47.2092]]}},{"type":"Feature","properties":{"r":4,"n":"Blanice"},"geometry":{"type":"LineString","coordinates":[[13.956,48.9387],[13.9472,48.9438],[13.9386,48.9499],[13.941,48.9598],[13.9305,48.9596],[13.9209,48.9625],[13.9253,48.9717],[13.9157,48.9758]]}},{"type":"Feature","properties":{"r":4,"n":"Friedberger Ach"},"geometry":{"type":"LineString","coordinates":[[10.9237,48.6986],[10.9267,48.7082],[10.9294,48.7179],[10.9343,48.7271],[10.9449,48.7266],[10.9551,48.7248],[10.9653,48.7261],[10.9764,48.729]]}},{"type":"Feature","properties":{"r":4,"n":"Rodach"},"geometry":{"type":"LineString","coordinates":[[10.8353,50.1934],[10.8412,50.1853],[10.8401,50.1746],[10.8437,50.1651],[10.8506,50.1576],[10.8596,50.1516],[10.8725,50.1481],[10.8805,50.142]]}},{"type":"Feature","properties":{"r":4,"n":"Altmühl"},"geometry":{"type":"LineString","coordinates":[[11.0989,48.8659],[11.1002,48.8762],[11.0999,48.8867],[11.1077,48.8937],[11.1185,48.894],[11.1287,48.8939],[11.1363,48.8874],[11.1444,48.8812]]}},{"type":"Feature","properties":{"r":4,"n":"Saale"},"geometry":{"type":"LineString","coordinates":[[11.326,50.7085],[11.3338,50.7168],[11.3454,50.7185],[11.3571,50.7196],[11.3678,50.721],[11.3785,50.7197],[11.3891,50.7186],[11.3993,50.7187]]}},{"type":"Feature","properties":{"r":4,"n":"Blanice"},"geometry":{"type":"LineString","coordinates":[[14.1564,49.1631],[14.1652,49.1581],[14.1753,49.155],[14.1853,49.1551],[14.1963,49.1576],[14.2047,49.166],[14.2141,49.171],[14.2168,49.182]]}},{"type":"Feature","properties":{"r":4,"n":"Kocába"},"geometry":{"type":"LineString","coordinates":[[14.2262,49.763],[14.2316,49.7717],[14.2315,49.7822],[14.2414,49.7841],[14.251,49.7872],[14.2594,49.7817],[14.2694,49.7823],[14.2794,49.7823]]}},{"type":"Feature","properties":{"r":6,"n":"Datteln-Hamm-Kanal"},"geometry":{"type":"LineString","coordinates":[[7.964,51.6776],[7.9542,51.681],[7.9447,51.6843],[7.9339,51.6879],[7.9179,51.6897],[7.9055,51.6912],[7.8897,51.6937],[7.8749,51.6947]]}},{"type":"Feature","properties":{"r":4,"n":"Norderelbe"},"geometry":{"type":"LineString","coordinates":[[10.0221,53.5332],[10.0093,53.5363],[9.9972,53.5373],[9.9867,53.5385],[9.9735,53.543],[9.9593,53.5443],[9.9491,53.5422],[9.9289,53.5417]]}},{"type":"Feature","properties":{"r":4,"n":"Pagensander Nebenelbe"},"geometry":{"type":"LineString","coordinates":[[9.5211,53.6453],[9.529,53.6654],[9.5375,53.6754],[9.5282,53.6941],[9.5141,53.7101],[9.5011,53.7155],[9.4681,53.7265],[9.453,53.7287]]}},{"type":"Feature","properties":{"r":4,"n":"Emscher"},"geometry":{"type":"LineString","coordinates":[[7.372,51.5741],[7.3625,51.5788],[7.3545,51.585],[7.3457,51.5916],[7.3357,51.5943],[7.3228,51.5954],[7.3128,51.5962],[7.3026,51.597]]}},{"type":"Feature","properties":{"r":4,"n":"Ems"},"geometry":{"type":"LineString","coordinates":[[7.29,53.085],[7.2893,53.095],[7.3037,53.1008],[7.3187,53.1043],[7.3289,53.1036],[7.3389,53.1009],[7.3508,53.1029],[7.3608,53.1052]]}},{"type":"Feature","properties":{"r":4,"n":"Geeste"},"geometry":{"type":"LineString","coordinates":[[8.7743,53.5501],[8.7641,53.5509],[8.75,53.5521],[8.7392,53.5534],[8.7299,53.5576],[8.7212,53.5626],[8.711,53.5655],[8.6985,53.5661]]}},{"type":"Feature","properties":{"r":4,"n":"Westaue"},"geometry":{"type":"LineString","coordinates":[[9.3991,52.4196],[9.4087,52.4255],[9.419,52.4278],[9.4295,52.4287],[9.4389,52.4341],[9.4492,52.437],[9.4547,52.4454],[9.4646,52.4486]]}},{"type":"Feature","properties":{"r":4,"n":"Aller"},"geometry":{"type":"LineString","coordinates":[[9.5842,52.7549],[9.5748,52.7593],[9.5661,52.7655],[9.5579,52.7721],[9.548,52.7753],[9.5397,52.781],[9.5267,52.7768],[9.5156,52.7761]]}},{"type":"Feature","properties":{"r":4,"n":"Hunte"},"geometry":{"type":"LineString","coordinates":[[8.3266,52.5363],[8.3369,52.5394],[8.3464,52.5446],[8.3488,52.5552],[8.3399,52.5631],[8.343,52.5738],[8.3513,52.5795],[8.3557,52.5887]]}},{"type":"Feature","properties":{"r":4,"n":"Else"},"geometry":{"type":"LineString","coordinates":[[8.4776,52.1962],[8.4862,52.1909],[8.4967,52.1883],[8.5078,52.1884],[8.5186,52.1877],[8.5289,52.1888],[8.5389,52.1884],[8.549,52.1906]]}},{"type":"Feature","properties":{"r":4,"n":"Ruhr"},"geometry":{"type":"LineString","coordinates":[[6.934,51.363],[6.9246,51.3693],[6.915,51.3732],[6.9058,51.3779],[6.8998,51.3868],[6.8927,51.3952],[6.8949,51.4053],[6.8872,51.4118]]}},{"type":"Feature","properties":{"r":4,"n":"Vechte"},"geometry":{"type":"LineString","coordinates":[[7.293,52.2464],[7.2907,52.2563],[7.292,52.2664],[7.2833,52.2734],[7.2766,52.2812],[7.269,52.2877],[7.2579,52.2911],[7.2501,52.2977]]}},{"type":"Feature","properties":{"r":4,"n":"Ellenserdammer Tief"},"geometry":{"type":"LineString","coordinates":[[8.0169,53.4603],[8.0271,53.4565],[8.0341,53.4479],[8.0421,53.4413],[8.0525,53.4373],[8.062,53.434],[8.0724,53.4339],[8.0846,53.4359]]}},{"type":"Feature","properties":{"r":4,"n":"Niers"},"geometry":{"type":"LineString","coordinates":[[6.3128,51.5392],[6.3131,51.5494],[6.3098,51.5589],[6.2979,51.5655],[6.293,51.5747],[6.2827,51.5738],[6.2864,51.5839],[6.2745,51.5872]]}},{"type":"Feature","properties":{"r":6,"n":"Blankenburger Sieltief"},"geometry":{"type":"LineString","coordinates":[[8.2961,53.1379],[8.3061,53.1412],[8.316,53.1445],[8.3259,53.147],[8.3374,53.1492],[8.3479,53.1516],[8.3563,53.1581],[8.3656,53.1623]]}},{"type":"Feature","properties":{"r":6,"n":"Hörsper Ollen"},"geometry":{"type":"LineString","coordinates":[[8.6357,53.0993],[8.6218,53.1038],[8.6135,53.1101],[8.6016,53.116],[8.592,53.12],[8.5801,53.1225],[8.5847,53.1329],[8.5898,53.1417]]}},{"type":"Feature","properties":{"r":4,"n":"Wümme - Nordarm"},"geometry":{"type":"LineString","coordinates":[[9.1531,53.0972],[9.1449,53.1031],[9.1374,53.1098],[9.1272,53.1077],[9.117,53.1109],[9.1081,53.1162],[9.098,53.1131],[9.088,53.1157]]}},{"type":"Feature","properties":{"r":4,"n":"Este"},"geometry":{"type":"LineString","coordinates":[[9.817,53.2267],[9.8104,53.2364],[9.8023,53.2433],[9.7943,53.2556],[9.7888,53.2653],[9.7852,53.2749],[9.7779,53.2818],[9.7722,53.2904]]}},{"type":"Feature","properties":{"r":4,"n":"Aue-Godensholter Tief"},"geometry":{"type":"LineString","coordinates":[[7.8949,53.1242],[7.887,53.1306],[7.877,53.1329],[7.8694,53.1403],[7.863,53.1481],[7.857,53.1567],[7.8493,53.1638],[7.8366,53.1657]]}},{"type":"Feature","properties":{"r":4,"n":"Wümme"},"geometry":{"type":"LineString","coordinates":[[9.5411,53.2024],[9.5313,53.2004],[9.5215,53.1979],[9.5115,53.1966],[9.5025,53.1922],[9.4932,53.1883],[9.4841,53.184],[9.4784,53.1753]]}},{"type":"Feature","properties":{"r":4,"n":"Haaren"},"geometry":{"type":"LineString","coordinates":[[8.1313,53.1499],[8.1415,53.149],[8.1516,53.1499],[8.1619,53.1491],[8.1717,53.1467],[8.1833,53.1443],[8.1939,53.1425],[8.2071,53.1412]]}},{"type":"Feature","properties":{"r":6,"n":"Süd-Nord Kanal"},"geometry":{"type":"LineString","coordinates":[[7.0796,52.4639],[7.0961,52.4827],[7.0991,52.4959],[7.098,52.5062],[7.0939,52.5158],[7.0889,52.5265],[7.086,52.5362],[7.0824,52.546]]}},{"type":"Feature","properties":{"r":4,"n":"Grønå"},"geometry":{"type":"LineString","coordinates":[[9.0287,54.9188],[9.0186,54.9216],[9.0088,54.9239],[8.9986,54.925],[8.9886,54.9247],[8.9792,54.9212],[8.9686,54.9236],[8.9572,54.9246]]}},{"type":"Feature","properties":{"r":4,"n":"Emscher"},"geometry":{"type":"LineString","coordinates":[[6.78,51.5363],[6.7705,51.5408],[6.7607,51.545],[6.7486,51.5464],[6.7377,51.5491],[6.7279,51.5519],[6.7191,51.5578],[6.7092,51.5604]]}},{"type":"Feature","properties":{"r":4,"n":"Nette"},"geometry":{"type":"LineString","coordinates":[[10.1233,52.0166],[10.1212,52.0264],[10.1196,52.0363],[10.1233,52.0456],[10.1294,52.0537],[10.1369,52.0604],[10.1424,52.0695],[10.1513,52.0742]]}},{"type":"Feature","properties":{"r":4,"n":"Lachte"},"geometry":{"type":"LineString","coordinates":[[10.3569,52.6606],[10.3464,52.6592],[10.3364,52.6568],[10.3271,52.6531],[10.3176,52.6498],[10.3074,52.6466],[10.2972,52.6476],[10.2873,52.6446]]}},{"type":"Feature","properties":{"r":4,"n":"Aar"},"geometry":{"type":"LineString","coordinates":[[8.7677,51.2516],[8.7744,51.2439],[8.7721,51.2335],[8.7623,51.2304],[8.7647,51.2206],[8.7712,51.213],[8.7671,51.2036],[8.7639,51.1941]]}},{"type":"Feature","properties":{"r":4,"n":"Soeste"},"geometry":{"type":"LineString","coordinates":[[7.8295,53.0827],[7.8214,53.089],[7.8265,53.0977],[7.8281,53.1076],[7.8178,53.1108],[7.8079,53.115],[7.8131,53.1236],[7.8051,53.1299]]}},{"type":"Feature","properties":{"r":4,"n":"Dinkel"},"geometry":{"type":"LineString","coordinates":[[7.027,52.3415],[7.0213,52.3501],[7.0133,52.3562],[7.0037,52.3594],[6.9948,52.3658],[6.9848,52.3676],[6.9809,52.3774],[6.9735,52.3853]]}},{"type":"Feature","properties":{"r":4,"n":"Nordermiele"},"geometry":{"type":"LineString","coordinates":[[9.1236,54.1383],[9.1127,54.1352],[9.106,54.1263],[9.1031,54.1164],[9.0931,54.1146],[9.0824,54.1084],[9.0715,54.1045],[9.063,54.0986]]}},{"type":"Feature","properties":{"r":6,"n":"Wischhafener Moorkanal"},"geometry":{"type":"LineString","coordinates":[[9.2366,53.7847],[9.2464,53.7822],[9.2587,53.781],[9.2689,53.7796],[9.2792,53.7766],[9.2889,53.7738],[9.2986,53.778],[9.3107,53.7763]]}},{"type":"Feature","properties":{"r":4,"n":"Zoutkamperril"},"geometry":{"type":"LineString","coordinates":[[6.2972,53.3372],[6.2877,53.3414],[6.2761,53.3444],[6.2657,53.3463],[6.2557,53.3486],[6.2457,53.3464],[6.2358,53.3429],[6.2276,53.35]]}},{"type":"Feature","properties":{"r":6,"n":"Dortmund-Ems-Kanal"},"geometry":{"type":"LineString","coordinates":[[7.4082,52.3732],[7.3978,52.3828],[7.3903,52.3903],[7.3826,52.3981],[7.3767,52.4064],[7.3685,52.4135],[7.3587,52.4191],[7.355,52.4285]]}},{"type":"Feature","properties":{"r":6,"n":"Freiburger Schleusenfleth"},"geometry":{"type":"LineString","coordinates":[[9.2189,53.8189],[9.2292,53.8203],[9.2394,53.8187],[9.2502,53.8171],[9.2612,53.8155],[9.2713,53.8186],[9.2843,53.8157],[9.2893,53.8244]]}},{"type":"Feature","properties":{"r":4,"n":"Silberstedter Au"},"geometry":{"type":"LineString","coordinates":[[9.4018,54.5305],[9.3904,54.5266],[9.381,54.5195],[9.3782,54.5098],[9.3736,54.5004],[9.3652,54.4941],[9.3553,54.4924],[9.3453,54.4912]]}},{"type":"Feature","properties":{"r":4,"n":"Landwehr"},"geometry":{"type":"LineString","coordinates":[[9.1038,52.9204],[9.0926,52.9226],[9.0796,52.9254],[9.0657,52.9278],[9.0561,52.9317],[9.046,52.9353],[9.0418,52.9473],[9.0344,52.9541]]}},{"type":"Feature","properties":{"r":4,"n":"Flöte"},"geometry":{"type":"LineString","coordinates":[[8.675,52.6708],[8.6809,52.6617],[8.6901,52.6564],[8.6999,52.6543],[8.7103,52.6463],[8.7186,52.6397],[8.7242,52.6309],[8.7333,52.6267]]}},{"type":"Feature","properties":{"r":4,"n":"Dünsener Bach"},"geometry":{"type":"LineString","coordinates":[[8.6114,52.9707],[8.6135,52.981],[8.6256,52.9828],[8.6367,52.9843],[8.645,52.9906],[8.6541,52.9991],[8.6593,53.008],[8.6636,53.0188]]}},{"type":"Feature","properties":{"r":4,"n":"Peizerdiep"},"geometry":{"type":"LineString","coordinates":[[6.4537,53.1291],[6.4559,53.1393],[6.4616,53.1485],[6.4731,53.1525],[6.4819,53.1578],[6.4869,53.1666],[6.4933,53.1761],[6.4972,53.1862]]}},{"type":"Feature","properties":{"r":4,"n":"Schwülme"},"geometry":{"type":"LineString","coordinates":[[9.7456,51.5742],[9.7356,51.5739],[9.7257,51.5718],[9.7155,51.5727],[9.7054,51.5738],[9.6998,51.5822],[9.6908,51.5871],[9.6813,51.5911]]}},{"type":"Feature","properties":{"r":4,"n":"Meedstermaar"},"geometry":{"type":"LineString","coordinates":[[6.6755,53.3969],[6.683,53.3899],[6.6922,53.3944],[6.7022,53.3974],[6.713,53.3989],[6.7228,53.3958],[6.7329,53.3968],[6.7409,53.4031]]}},{"type":"Feature","properties":{"r":4,"n":"Bever"},"geometry":{"type":"LineString","coordinates":[[9.3199,53.4381],[9.3097,53.4363],[9.2985,53.4331],[9.2883,53.4307],[9.2781,53.4287],[9.2681,53.4279],[9.2577,53.4269],[9.2473,53.4277]]}},{"type":"Feature","properties":{"r":4,"n":"Swalm"},"geometry":{"type":"LineString","coordinates":[[6.0687,51.2298],[6.0588,51.2322],[6.0488,51.2319],[6.0388,51.2317],[6.0289,51.2301],[6.021,51.2363],[6.0273,51.2441],[6.0196,51.2506]]}},{"type":"Feature","properties":{"r":4,"n":"Vidå"},"geometry":{"type":"LineString","coordinates":[[8.8393,54.9129],[8.8294,54.9108],[8.8193,54.9076],[8.8086,54.9083],[8.7972,54.9063],[8.7869,54.9022],[8.7766,54.8982],[8.7664,54.8972]]}},{"type":"Feature","properties":{"r":4,"n":"Bille"},"geometry":{"type":"LineString","coordinates":[[10.185,53.4953],[10.175,53.4965],[10.1704,53.5055],[10.1603,53.5071],[10.1505,53.502],[10.1396,53.5039],[10.1308,53.5091],[10.1241,53.5184]]}},{"type":"Feature","properties":{"r":4,"n":"Dramme"},"geometry":{"type":"LineString","coordinates":[[9.8541,51.4422],[9.8639,51.4444],[9.8743,51.4488],[9.8831,51.4541],[9.8953,51.4551],[9.9053,51.4559],[9.9153,51.4557],[9.9224,51.463]]}},{"type":"Feature","properties":{"r":4,"n":"Hunte"},"geometry":{"type":"LineString","coordinates":[[8.3882,52.6453],[8.3982,52.6462],[8.4077,52.65],[8.4171,52.6539],[8.427,52.658],[8.437,52.6611],[8.4475,52.6634],[8.4567,52.6677]]}},{"type":"Feature","properties":{"r":4,"n":"Wümme"},"geometry":{"type":"LineString","coordinates":[[9.4251,53.1277],[9.415,53.1262],[9.4078,53.1191],[9.3987,53.1148],[9.3909,53.1079],[9.3818,53.1036],[9.3718,53.1021],[9.361,53.0993]]}},{"type":"Feature","properties":{"r":4,"n":"Wümme - Südarm"},"geometry":{"type":"LineString","coordinates":[[9.0963,53.1042],[9.0854,53.102],[9.0736,53.0993],[9.0636,53.0972],[9.0526,53.0996],[9.0419,53.0987],[9.0302,53.0987],[9.0202,53.0983]]}},{"type":"Feature","properties":{"r":4,"n":"Sorge"},"geometry":{"type":"LineString","coordinates":[[9.4862,54.3395],[9.4762,54.338],[9.466,54.338],[9.4559,54.338],[9.4467,54.342],[9.4366,54.3437],[9.4263,54.3443],[9.4155,54.3463]]}},{"type":"Feature","properties":{"r":4,"n":"Aschwardener Flutgraben"},"geometry":{"type":"LineString","coordinates":[[8.5959,53.289],[8.5866,53.2934],[8.5767,53.2958],[8.5663,53.2966],[8.5564,53.293],[8.5495,53.2856],[8.5394,53.2857],[8.5293,53.288]]}},{"type":"Feature","properties":{"r":4,"n":"De Boarn"},"geometry":{"type":"LineString","coordinates":[[5.9234,53.0547],[5.9128,53.0508],[5.9031,53.0479],[5.8924,53.0477],[5.8818,53.0466],[5.8712,53.0507],[5.861,53.0505],[5.8511,53.0524]]}},{"type":"Feature","properties":{"r":6,"n":"Overijssels Kanaal"},"geometry":{"type":"LineString","coordinates":[[6.5583,52.4503],[6.5467,52.4516],[6.5359,52.4484],[6.5269,52.4421],[6.5167,52.438],[6.5058,52.4343],[6.4778,52.4342],[6.4601,52.4356]]}},{"type":"Feature","properties":{"r":4,"n":"Weser"},"geometry":{"type":"LineString","coordinates":[[9.17,52.9062],[9.1771,52.9146],[9.1862,52.92],[9.177,52.9247],[9.1739,52.9343],[9.1846,52.9357],[9.1835,52.9459],[9.1786,52.9564]]}},{"type":"Feature","properties":{"r":6,"n":"Leyhörner Sieltief"},"geometry":{"type":"LineString","coordinates":[[7.1049,53.5056],[7.095,53.5091],[7.0839,53.5112],[7.072,53.5106],[7.0621,53.5091],[7.049,53.5154],[7.0421,53.5237],[7.0401,53.5342]]}},{"type":"Feature","properties":{"r":6,"n":"Steenwijkerdiep"},"geometry":{"type":"LineString","coordinates":[[6.0852,52.7847],[6.0752,52.7829],[6.0656,52.7792],[6.0565,52.7736],[6.0423,52.7671],[6.0272,52.7589],[6.0177,52.7539],[6,52.7493]]}},{"type":"Feature","properties":{"r":6,"n":"Strobosser Trekfeart"},"geometry":{"type":"LineString","coordinates":[[6.074,53.2925],[6.0816,53.2857],[6.0914,53.2816],[6.102,53.2784],[6.1119,53.2757],[6.1231,53.2742],[6.1416,53.272],[6.1529,53.2708]]}},{"type":"Feature","properties":{"r":6,"n":"Maas-Waalkanaal"},"geometry":{"type":"LineString","coordinates":[[5.8496,51.7726],[5.8407,51.7846],[5.8327,51.7919],[5.8246,51.798],[5.8165,51.8055],[5.8116,51.8176],[5.8078,51.8277],[5.8151,51.8447]]}},{"type":"Feature","properties":{"r":4,"n":"Oude IJssel"},"geometry":{"type":"LineString","coordinates":[[6.388,51.8875],[6.3837,51.8968],[6.3753,51.9025],[6.3655,51.9074],[6.3559,51.9117],[6.3443,51.9197],[6.3344,51.924],[6.3258,51.9307]]}},{"type":"Feature","properties":{"r":4,"n":"Maas"},"geometry":{"type":"LineString","coordinates":[[5.9562,51.7045],[5.9501,51.7125],[5.9388,51.7156],[5.9286,51.7171],[5.9183,51.7176],[5.9079,51.7184],[5.8981,51.7205],[5.8889,51.7246]]}},{"type":"Feature","properties":{"r":4,"n":"Ems"},"geometry":{"type":"LineString","coordinates":[[7.2587,52.7743],[7.2532,52.7829],[7.2485,52.7922],[7.2586,52.7954],[7.2583,52.8061],[7.2472,52.8086],[7.2525,52.8189],[7.2651,52.8204]]}},{"type":"Feature","properties":{"r":4,"n":"Wold Aa"},"geometry":{"type":"LineString","coordinates":[[6.3102,52.7398],[6.3054,52.7309],[6.2986,52.7235],[6.2889,52.7205],[6.2782,52.7173],[6.2685,52.7139],[6.2567,52.7112],[6.2429,52.7069]]}},{"type":"Feature","properties":{"r":4,"n":"Hvirlå"},"geometry":{"type":"LineString","coordinates":[[9.0683,54.9749],[9.0598,54.9693],[9.0498,54.9686],[9.0399,54.9665],[9.0302,54.9626],[9.02,54.961],[9.01,54.9598],[9.0011,54.955]]}},{"type":"Feature","properties":{"r":4,"n":"Weser"},"geometry":{"type":"LineString","coordinates":[[9.0259,52.4795],[9.0379,52.4801],[9.0463,52.4732],[9.0574,52.4681],[9.0707,52.4685],[9.0819,52.4736],[9.0802,52.484],[9.0708,52.4899]]}},{"type":"Feature","properties":{"r":4,"n":"Eider"},"geometry":{"type":"LineString","coordinates":[[9.4349,54.2256],[9.4335,54.2356],[9.4436,54.2393],[9.4379,54.2476],[9.4331,54.2567],[9.4232,54.2591],[9.4126,54.261],[9.4036,54.2665]]}},{"type":"Feature","properties":{"r":4,"n":"Kuunder"},"geometry":{"type":"LineString","coordinates":[[6.3194,53.0257],[6.3096,53.0232],[6.2995,53.0214],[6.2894,53.0191],[6.2794,53.0204],[6.2703,53.0157],[6.2649,53.0063],[6.2591,52.998]]}},{"type":"Feature","properties":{"r":4,"n":"Ollen Ost"},"geometry":{"type":"LineString","coordinates":[[8.6037,53.1366],[8.5951,53.1419],[8.5848,53.1425],[8.5745,53.1409],[8.5652,53.1451],[8.5552,53.1475],[8.5457,53.1513],[8.537,53.1579]]}},{"type":"Feature","properties":{"r":4,"n":"Zandwetering"},"geometry":{"type":"LineString","coordinates":[[6.1446,52.2837],[6.1447,52.2937],[6.1365,52.3006],[6.1294,52.3077],[6.1269,52.3175],[6.1254,52.3275],[6.1248,52.3379],[6.1329,52.3443]]}},{"type":"Feature","properties":{"r":4,"n":"Alte Ilau"},"geometry":{"type":"LineString","coordinates":[[10.4424,53.3663],[10.4326,53.3637],[10.4227,53.366],[10.4143,53.3717],[10.4047,53.3758],[10.3953,53.3793],[10.3851,53.3817],[10.3727,53.381]]}},{"type":"Feature","properties":{"r":6,"n":"Hoogeveensche Vaart"},"geometry":{"type":"LineString","coordinates":[[6.5193,52.7274],[6.5147,52.7185],[6.5009,52.7131],[6.4899,52.7106],[6.4764,52.7109],[6.4621,52.7118],[6.4481,52.7126],[6.4379,52.7132]]}},{"type":"Feature","properties":{"r":6,"n":"Ems-Jade-Kanal"},"geometry":{"type":"LineString","coordinates":[[8.0708,53.5122],[8.0821,53.5121],[8.0929,53.5122],[8.1067,53.514],[8.1201,53.5148],[8.1335,53.5134],[8.1441,53.5168],[8.1545,53.5238]]}},{"type":"Feature","properties":{"r":6,"n":"Mussel-Aa-kanaal"},"geometry":{"type":"LineString","coordinates":[[7.0724,52.9958],[7.0704,53.0064],[7.0674,53.0219],[7.0675,53.0321],[7.0775,53.0357],[7.0938,53.0406],[7.1149,53.0469],[7.1251,53.0521]]}},{"type":"Feature","properties":{"r":6,"n":"Südbach"},"geometry":{"type":"LineString","coordinates":[[9.2926,52.4376],[9.2822,52.4432],[9.2755,52.4522],[9.266,52.4571],[9.2563,52.4599],[9.246,52.4635],[9.2359,52.4648],[9.2261,52.4674]]}},{"type":"Feature","properties":{"r":6,"n":"Pieper Sieltief"},"geometry":{"type":"LineString","coordinates":[[7.5511,53.2177],[7.5629,53.2125],[7.5765,53.2097],[7.5944,53.2083],[7.6042,53.2106],[7.614,53.2128],[7.6247,53.2145],[7.6362,53.2158]]}},{"type":"Feature","properties":{"r":4,"n":"Wischhafener Süderelbe"},"geometry":{"type":"LineString","coordinates":[[9.386,53.7204],[9.3775,53.7264],[9.369,53.732],[9.3586,53.7357],[9.3484,53.7375],[9.3397,53.7426],[9.3354,53.7519],[9.3265,53.761]]}},{"type":"Feature","properties":{"r":4,"n":"Sieber"},"geometry":{"type":"LineString","coordinates":[[10.3003,51.6726],[10.2916,51.6673],[10.282,51.6642],[10.2721,51.6618],[10.2636,51.6565],[10.2546,51.6511],[10.2448,51.6481],[10.2344,51.6479]]}},{"type":"Feature","properties":{"r":4,"n":"Issumer Fleuth"},"geometry":{"type":"LineString","coordinates":[[6.3473,51.5618],[6.3579,51.5636],[6.3515,51.5716],[6.3415,51.5719],[6.3317,51.5699],[6.321,51.5712],[6.314,51.5788],[6.3046,51.5823]]}},{"type":"Feature","properties":{"r":4,"n":"Leine"},"geometry":{"type":"LineString","coordinates":[[9.9199,51.5414],[9.917,51.5515],[9.912,51.5604],[9.9126,51.5705],[9.9152,51.5815],[9.9109,51.591],[9.9147,51.6005],[9.9165,51.6109]]}},{"type":"Feature","properties":{"r":4,"n":"Wietze"},"geometry":{"type":"LineString","coordinates":[[9.9798,52.9146],[9.9896,52.9114],[9.9996,52.9133],[10.01,52.9147],[10.02,52.9158],[10.03,52.9161],[10.0401,52.9156],[10.0504,52.9159]]}},{"type":"Feature","properties":{"r":6,"n":"Großefehnkanal"},"geometry":{"type":"LineString","coordinates":[[7.6039,53.4022],[7.6211,53.4007],[7.6312,53.4037],[7.6428,53.4072],[7.6542,53.4107],[7.6776,53.4179],[7.6916,53.4222],[7.7027,53.4256]]}},{"type":"Feature","properties":{"r":4,"n":"Oost-Friesche Gaatje / Ostfriesischen Gatje"},"geometry":{"type":"LineString","coordinates":[[7.0135,53.3244],[6.9984,53.3317],[6.9915,53.3451],[6.962,53.386],[6.9481,53.4041],[6.9367,53.4152],[6.9178,53.4331],[6.8993,53.4432]]}},{"type":"Feature","properties":{"r":4,"n":"Ems"},"geometry":{"type":"LineString","coordinates":[[7.3724,53.1614],[7.3713,53.1714],[7.3806,53.1755],[7.3907,53.1822],[7.4004,53.1855],[7.4083,53.1919],[7.4113,53.2016],[7.4205,53.2096]]}},{"type":"Feature","properties":{"r":6,"n":"Käseburger Sieltief"},"geometry":{"type":"LineString","coordinates":[[8.4018,53.2762],[8.4119,53.2775],[8.4228,53.2752],[8.4342,53.2691],[8.4459,53.268],[8.4559,53.2698],[8.4608,53.2793],[8.4707,53.2859]]}},{"type":"Feature","properties":{"r":4,"n":"Böhme"},"geometry":{"type":"LineString","coordinates":[[9.6948,52.8668],[9.6874,52.8736],[9.6771,52.875],[9.6676,52.8718],[9.6582,52.8757],[9.6488,52.8793],[9.6395,52.8835],[9.6293,52.8813]]}},{"type":"Feature","properties":{"r":4,"n":"De Tsjonger of De Kuunder"},"geometry":{"type":"LineString","coordinates":[[6.2595,52.9949],[6.2457,52.9952],[6.2338,52.9955],[6.2141,52.9943],[6.2012,52.9888],[6.1815,52.9823],[6.1636,52.9773],[6.1524,52.9729]]}},{"type":"Feature","properties":{"r":4,"n":"Große Aa"},"geometry":{"type":"LineString","coordinates":[[7.5033,52.4397],[7.4926,52.4353],[7.4818,52.4318],[7.4711,52.4303],[7.4601,52.4326],[7.4492,52.4325],[7.4392,52.4335],[7.4298,52.4298]]}},{"type":"Feature","properties":{"r":4,"n":"Emmer"},"geometry":{"type":"LineString","coordinates":[[9.0507,51.8147],[9.0605,51.8167],[9.0709,51.8169],[9.0809,51.8174],[9.0902,51.8222],[9.0891,51.8323],[9.0955,51.84],[9.1028,51.8469]]}},{"type":"Feature","properties":{"r":4,"n":"Lippe"},"geometry":{"type":"LineString","coordinates":[[7.4268,51.6617],[7.4166,51.6619],[7.4071,51.6655],[7.397,51.6688],[7.3875,51.6732],[7.3776,51.6789],[7.3664,51.6801],[7.3565,51.6823]]}},{"type":"Feature","properties":{"r":6,"n":"Süd-Nord Kanal"},"geometry":{"type":"LineString","coordinates":[[7.1033,52.7473],[7.1051,52.7595],[7.1076,52.7796],[7.1096,52.7965],[7.1116,52.8091],[7.1187,52.8167],[7.1249,52.8246],[7.1213,52.8345]]}},{"type":"Feature","properties":{"r":4,"n":"Dreierwalder Aa"},"geometry":{"type":"LineString","coordinates":[[7.5381,52.3247],[7.5292,52.3297],[7.5193,52.3322],[7.5093,52.3339],[7.4997,52.3372],[7.4918,52.3444],[7.4836,52.3529],[7.4775,52.3609]]}},{"type":"Feature","properties":{"r":4,"n":"Ems"},"geometry":{"type":"LineString","coordinates":[[8.4321,51.8062],[8.4227,51.8107],[8.4118,51.8119],[8.4017,51.8111],[8.3913,51.8107],[8.3819,51.8143],[8.3718,51.816],[8.3623,51.8194]]}},{"type":"Feature","properties":{"r":4,"n":"Vechte"},"geometry":{"type":"LineString","coordinates":[[7.2483,52.2002],[7.2569,52.2065],[7.2654,52.2123],[7.2755,52.2126],[7.2857,52.2129],[7.2953,52.2179],[7.3,52.2276],[7.295,52.2363]]}},{"type":"Feature","properties":{"r":6,"n":"Stienzer Feart"},"geometry":{"type":"LineString","coordinates":[[5.7607,53.2572],[5.77,53.2529],[5.7802,53.2554],[5.7902,53.2569],[5.8003,53.2563],[5.8106,53.2556],[5.8213,53.2551],[5.8287,53.2477]]}},{"type":"Feature","properties":{"r":6,"n":"Oranjekanaal"},"geometry":{"type":"LineString","coordinates":[[6.6599,52.8543],[6.6512,52.8606],[6.6355,52.8657],[6.6205,52.8708],[6.6122,52.8796],[6.6016,52.8857],[6.5867,52.8857],[6.5747,52.888]]}},{"type":"Feature","properties":{"r":6,"n":"Arumer Feart"},"geometry":{"type":"LineString","coordinates":[[5.5274,53.1799],[5.5197,53.1729],[5.5129,53.1652],[5.5057,53.1569],[5.4994,53.149],[5.4923,53.1418],[5.4846,53.135],[5.4763,53.1291]]}},{"type":"Feature","properties":{"r":6,"n":"Defensiekanaal"},"geometry":{"type":"LineString","coordinates":[[5.8232,51.5956],[5.8137,51.6025],[5.8009,51.6082],[5.791,51.6047],[5.7768,51.6027],[5.7687,51.6103],[5.7638,51.6192],[5.7565,51.6266]]}},{"type":"Feature","properties":{"r":4,"n":"Aller"},"geometry":{"type":"LineString","coordinates":[[10.2194,52.587],[10.2098,52.583],[10.1994,52.5827],[10.1899,52.586],[10.1792,52.5837],[10.169,52.5842],[10.1588,52.5854],[10.1493,52.5894]]}},{"type":"Feature","properties":{"r":4,"n":"Nieste"},"geometry":{"type":"LineString","coordinates":[[9.609,51.3256],[9.5991,51.3238],[9.5912,51.3169],[9.5811,51.3151],[9.5723,51.3103],[9.5622,51.312],[9.5542,51.318],[9.5451,51.3224]]}},{"type":"Feature","properties":{"r":4,"n":"Örtze"},"geometry":{"type":"LineString","coordinates":[[10.0427,52.7463],[10.0338,52.7415],[10.0265,52.7345],[10.0176,52.7296],[10.0101,52.7228],[10.0059,52.7135],[9.9962,52.71],[9.987,52.706]]}},{"type":"Feature","properties":{"r":4,"n":"Grønå"},"geometry":{"type":"LineString","coordinates":[[8.9535,54.9247],[8.9426,54.9247],[8.932,54.9261],[8.9212,54.9251],[8.9093,54.9261],[8.8924,54.9243],[8.8828,54.9208],[8.8715,54.9216]]}},{"type":"Feature","properties":{"r":6,"n":"Van Starkenborghkanaal"},"geometry":{"type":"LineString","coordinates":[[6.5836,53.234],[6.5689,53.239],[6.5569,53.2426],[6.5385,53.2481],[6.5251,53.2522],[6.5117,53.2562],[6.5018,53.2588],[6.4832,53.2599]]}},{"type":"Feature","properties":{"r":4,"n":"Brede Å"},"geometry":{"type":"LineString","coordinates":[[8.909,55.0519],[8.899,55.052],[8.8889,55.0524],[8.8791,55.0547],[8.8641,55.0559],[8.8546,55.0595],[8.8449,55.0623],[8.8335,55.0596]]}},{"type":"Feature","properties":{"r":4,"n":"Stinstedter Randkanal"},"geometry":{"type":"LineString","coordinates":[[8.9841,53.6357],[8.9829,53.646],[8.9724,53.6495],[8.9624,53.652],[8.9541,53.6581],[8.9443,53.6661],[8.9569,53.6842],[8.9463,53.6871]]}},{"type":"Feature","properties":{"r":4,"n":"Weser"},"geometry":{"type":"LineString","coordinates":[[9.5869,51.5217],[9.5968,51.5235],[9.6084,51.5219],[9.6174,51.5283],[9.6213,51.5388],[9.6146,51.5476],[9.6097,51.5565],[9.6032,51.5641]]}},{"type":"Feature","properties":{"r":4,"n":"Weser"},"geometry":{"type":"LineString","coordinates":[[9.5608,51.6002],[9.5484,51.6016],[9.5405,51.6104],[9.5477,51.6193],[9.5536,51.6276],[9.5544,51.638],[9.5442,51.6404],[9.5362,51.6338]]}},{"type":"Feature","properties":{"r":4,"n":"Weser"},"geometry":{"type":"LineString","coordinates":[[9.3939,51.7324],[9.3824,51.7363],[9.3752,51.7434],[9.3841,51.7499],[9.383,51.7629],[9.3833,51.7729],[9.3935,51.7764],[9.4035,51.7739]]}},{"type":"Feature","properties":{"r":4,"n":"Weser"},"geometry":{"type":"LineString","coordinates":[[8.9271,52.1851],[8.9181,52.1777],[8.9097,52.1713],[8.8995,52.1652],[8.8893,52.1657],[8.8779,52.1655],[8.8683,52.1686],[8.8616,52.1783]]}},{"type":"Feature","properties":{"r":4,"n":"Weser"},"geometry":{"type":"LineString","coordinates":[[9.0661,52.1953],[9.0561,52.198],[9.0463,52.1927],[9.0341,52.189],[9.0264,52.1956],[9.0158,52.1965],[9.0077,52.1896],[8.9962,52.1949]]}},{"type":"Feature","properties":{"r":4,"n":"Weser"},"geometry":{"type":"LineString","coordinates":[[9.218,52.1621],[9.206,52.1582],[9.1941,52.162],[9.1885,52.1726],[9.1774,52.1751],[9.1679,52.1698],[9.1594,52.1792],[9.1498,52.1852]]}},{"type":"Feature","properties":{"r":4,"n":"Weser"},"geometry":{"type":"LineString","coordinates":[[9.286,52.1348],[9.277,52.1443],[9.2681,52.1505],[9.2662,52.1609],[9.2551,52.1596],[9.2451,52.1586],[9.2355,52.1618],[9.225,52.1613]]}},{"type":"Feature","properties":{"r":4,"n":"Aller"},"geometry":{"type":"LineString","coordinates":[[9.5122,52.7758],[9.5039,52.7689],[9.4949,52.7639],[9.4867,52.7581],[9.4788,52.7661],[9.4717,52.7588],[9.4649,52.7666],[9.4669,52.7765]]}},{"type":"Feature","properties":{"r":4,"n":"Saale"},"geometry":{"type":"LineString","coordinates":[[11.7481,51.6596],[11.7418,51.6676],[11.732,51.6734],[11.7249,51.6807],[11.714,51.6833],[11.707,51.6916],[11.697,51.6931],[11.6873,51.6976]]}},{"type":"Feature","properties":{"r":4,"n":"Peene"},"geometry":{"type":"LineString","coordinates":[[13.6941,53.8611],[13.7057,53.8627],[13.7167,53.8595],[13.728,53.8629],[13.738,53.8637],[13.751,53.8666],[13.7637,53.868],[13.7733,53.8639]]}},{"type":"Feature","properties":{"r":4,"n":"Schnelle Havel"},"geometry":{"type":"LineString","coordinates":[[13.3431,52.9772],[13.3483,52.9685],[13.3546,52.9607],[13.3634,52.9557],[13.372,52.9502],[13.3763,52.9407],[13.3722,52.9305],[13.38,52.9242]]}},{"type":"Feature","properties":{"r":4,"n":"Schnelle Havel"},"geometry":{"type":"LineString","coordinates":[[13.3265,52.8188],[13.3172,52.8151],[13.3071,52.815],[13.3025,52.8061],[13.2955,52.7989],[13.2854,52.7984],[13.277,52.804],[13.268,52.7993]]}},{"type":"Feature","properties":{"r":4,"n":"Elbe"},"geometry":{"type":"LineString","coordinates":[[12.9374,51.6448],[12.9283,51.6499],[12.9171,51.649],[12.9063,51.6461],[12.8961,51.6484],[12.8952,51.6599],[12.8877,51.6677],[12.8775,51.6665]]}},{"type":"Feature","properties":{"r":4,"n":"Mulde"},"geometry":{"type":"LineString","coordinates":[[12.76,51.2885],[12.7563,51.2979],[12.7566,51.3079],[12.7482,51.3142],[12.7513,51.324],[12.7462,51.3334],[12.7385,51.3408],[12.7308,51.3483]]}},{"type":"Feature","properties":{"r":4,"n":"Ryck"},"geometry":{"type":"LineString","coordinates":[[13.3789,54.099],[13.3891,54.0995],[13.3997,54.0996],[13.4112,54.0982],[13.4214,54.0971],[13.433,54.0954],[13.4428,54.0929],[13.4542,54.0962]]}},{"type":"Feature","properties":{"r":4,"n":"Saale"},"geometry":{"type":"LineString","coordinates":[[12.0054,51.3644],[11.9982,51.3717],[11.9948,51.3813],[11.9952,51.3915],[11.9863,51.3972],[11.978,51.4045],[11.968,51.4095],[11.9578,51.4075]]}},{"type":"Feature","properties":{"r":4,"n":"Aller"},"geometry":{"type":"LineString","coordinates":[[10.7254,52.4513],[10.7185,52.4588],[10.7093,52.463],[10.6996,52.4668],[10.6903,52.4629],[10.6804,52.4648],[10.6713,52.4694],[10.6616,52.4666]]}},{"type":"Feature","properties":{"r":4,"n":"Große Röder"},"geometry":{"type":"LineString","coordinates":[[13.6926,51.2462],[13.6889,51.2558],[13.6802,51.2611],[13.6724,51.2676],[13.6631,51.2724],[13.6529,51.2739],[13.6426,51.2765],[13.6324,51.2778]]}},{"type":"Feature","properties":{"r":4,"n":"Warnow"},"geometry":{"type":"LineString","coordinates":[[11.7713,53.5907],[11.7787,53.5976],[11.7881,53.6022],[11.7787,53.6075],[11.7687,53.6098],[11.7589,53.6125],[11.7518,53.6198],[11.7307,53.617]]}},{"type":"Feature","properties":{"r":4,"n":"Nieplitz"},"geometry":{"type":"LineString","coordinates":[[12.9845,52.2311],[12.9986,52.2289],[13.0187,52.2259],[13.0277,52.2213],[13.0403,52.2129],[13.0502,52.2105],[13.0753,52.2128],[13.0901,52.2112]]}},{"type":"Feature","properties":{"r":4,"n":"Stromelbe"},"geometry":{"type":"LineString","coordinates":[[11.6607,52.1051],[11.6505,52.1069],[11.6407,52.1112],[11.6365,52.1204],[11.6438,52.1286],[11.6523,52.1347],[11.6597,52.1416],[11.6662,52.1492]]}},{"type":"Feature","properties":{"r":6,"n":"Elbe-Seitenkanal"},"geometry":{"type":"LineString","coordinates":[[10.5828,52.9722],[10.5769,52.9809],[10.5708,52.9896],[10.5678,52.9992],[10.5701,53.009],[10.5761,53.0201],[10.5832,53.028],[10.5913,53.0424]]}},{"type":"Feature","properties":{"r":4,"n":"Wustrauer Rhin"},"geometry":{"type":"LineString","coordinates":[[12.8685,52.8479],[12.8607,52.8415],[12.8505,52.8383],[12.841,52.8348],[12.8288,52.8308],[12.8189,52.8272],[12.8095,52.8237],[12.7993,52.8231]]}},{"type":"Feature","properties":{"r":4,"n":"Kleine Röder"},"geometry":{"type":"LineString","coordinates":[[13.4011,51.4155],[13.3931,51.4216],[13.3835,51.4248],[13.3751,51.4305],[13.3701,51.44],[13.3638,51.4486],[13.3737,51.4629],[13.382,51.4703]]}},{"type":"Feature","properties":{"r":4,"n":"Ina"},"geometry":{"type":"LineString","coordinates":[[14.9022,53.44],[14.8941,53.446],[14.8907,53.4555],[14.8839,53.463],[14.8749,53.4678],[14.8724,53.4778],[14.8676,53.4866],[14.8612,53.4943]]}},{"type":"Feature","properties":{"r":6,"n":"Rhinkanal"},"geometry":{"type":"LineString","coordinates":[[12.5903,52.7777],[12.5717,52.7741],[12.5613,52.7729],[12.5405,52.7723],[12.5253,52.7735],[12.5077,52.7749],[12.4927,52.778],[12.4829,52.78]]}},{"type":"Feature","properties":{"r":4,"n":"Purnitz"},"geometry":{"type":"LineString","coordinates":[[11.2016,52.6914],[11.2027,52.7021],[11.2021,52.7123],[11.1958,52.7217],[11.1886,52.7289],[11.179,52.7335],[11.1699,52.7378],[11.1623,52.7457]]}},{"type":"Feature","properties":{"r":4,"n":"Tanger"},"geometry":{"type":"LineString","coordinates":[[11.8126,52.4281],[11.8182,52.4367],[11.8235,52.4458],[11.8329,52.4539],[11.8426,52.4591],[11.8468,52.4686],[11.8479,52.4787],[11.8486,52.4887]]}},{"type":"Feature","properties":{"r":6,"n":"Mittellandkanal"},"geometry":{"type":"LineString","coordinates":[[10.847,52.4353],[10.8359,52.4318],[10.8248,52.431],[10.8129,52.4309],[10.8027,52.4309],[10.7926,52.4307],[10.7781,52.4294],[10.7678,52.4284]]}},{"type":"Feature","properties":{"r":4,"n":"Schlaube"},"geometry":{"type":"LineString","coordinates":[[14.455,52.1392],[14.4504,52.1483],[14.4437,52.1562],[14.4354,52.1638],[14.429,52.1733],[14.4308,52.1832],[14.433,52.1931],[14.4294,52.2027]]}},{"type":"Feature","properties":{"r":4,"n":"Spree"},"geometry":{"type":"LineString","coordinates":[[14.3897,51.659],[14.3977,51.666],[14.4077,51.667],[14.4075,51.6772],[14.4034,51.6871],[14.3947,51.6924],[14.3846,51.6948],[14.3733,51.7008]]}},{"type":"Feature","properties":{"r":6,"n":"Bützow-Güstrow-Kanal"},"geometry":{"type":"LineString","coordinates":[[12.2178,53.7883],[12.2075,53.7899],[12.1967,53.7941],[12.1841,53.7963],[12.1729,53.7987],[12.1609,53.8023],[12.1504,53.8079],[12.1387,53.8135]]}},{"type":"Feature","properties":{"r":4,"n":"Lausitzer Neiße / Nysa Łużycka"},"geometry":{"type":"LineString","coordinates":[[14.7215,51.9958],[14.7141,52.0028],[14.7233,52.0071],[14.7293,52.0153],[14.7377,52.0212],[14.7427,52.0301],[14.7483,52.0385],[14.7466,52.0487]]}},{"type":"Feature","properties":{"r":4,"n":"Oder/Odra"},"geometry":{"type":"LineString","coordinates":[[14.7561,52.0701],[14.7481,52.0783],[14.7404,52.0856],[14.7314,52.0906],[14.7208,52.0947],[14.707,52.0966],[14.6951,52.1016],[14.6853,52.1101]]}},{"type":"Feature","properties":{"r":4,"n":"Treptower Spree"},"geometry":{"type":"LineString","coordinates":[[13.5729,52.4482],[13.5644,52.4541],[13.5538,52.454],[13.5423,52.4562],[13.5325,52.454],[13.5224,52.4555],[13.513,52.46],[13.5035,52.4638]]}},{"type":"Feature","properties":{"r":6,"n":"Elbe-Havel-Kanal"},"geometry":{"type":"LineString","coordinates":[[12.0889,52.4111],[12.1018,52.4123],[12.1126,52.4125],[12.1232,52.4129],[12.1348,52.4118],[12.1451,52.4104],[12.157,52.4105],[12.1684,52.411]]}},{"type":"Feature","properties":{"r":4,"n":"Havel"},"geometry":{"type":"LineString","coordinates":[[13.2504,52.7041],[13.2499,52.6925],[13.2411,52.6812],[13.2344,52.6733],[13.2263,52.6669],[13.2182,52.6596],[13.2184,52.649],[13.2162,52.6387]]}},{"type":"Feature","properties":{"r":4,"n":"Bode"},"geometry":{"type":"LineString","coordinates":[[11.1831,51.9635],[11.1793,51.9728],[11.1839,51.9817],[11.1925,51.9873],[11.2016,51.9917],[11.207,52.0006],[11.2113,52.0105],[11.2197,52.0168]]}},{"type":"Feature","properties":{"r":4,"n":"Mildenitz"},"geometry":{"type":"LineString","coordinates":[[12.0344,53.645],[12.0246,53.6483],[12.0144,53.6482],[12.003,53.6511],[11.993,53.6527],[11.9827,53.6523],[11.9748,53.6586],[11.9645,53.6592]]}},{"type":"Feature","properties":{"r":4,"n":"Wipper"},"geometry":{"type":"LineString","coordinates":[[11.4758,51.6059],[11.4855,51.6086],[11.4933,51.6149],[11.5016,51.6206],[11.5073,51.6294],[11.5067,51.6395],[11.5143,51.6461],[11.5218,51.6528]]}},{"type":"Feature","properties":{"r":6,"n":"Racza Struga"},"geometry":{"type":"LineString","coordinates":[[14.6525,52.5071],[14.6608,52.513],[14.6711,52.5154],[14.6804,52.5204],[14.6929,52.5228],[14.7041,52.5274],[14.7154,52.5303],[14.7231,52.5369]]}},{"type":"Feature","properties":{"r":6,"n":"Kanał Maszówek"},"geometry":{"type":"LineString","coordinates":[[15.0665,52.6729],[15.0536,52.6704],[15.0425,52.6682],[15.0314,52.666],[15.0212,52.6639],[15.0111,52.6619],[14.9971,52.6582],[14.9839,52.655]]}},{"type":"Feature","properties":{"r":4,"n":"Skroda"},"geometry":{"type":"LineString","coordinates":[[14.8806,51.5776],[14.8764,51.5684],[14.8663,51.5621],[14.8575,51.5565],[14.8493,51.5502],[14.8416,51.5438],[14.832,51.5408],[14.826,51.5327]]}},{"type":"Feature","properties":{"r":4,"n":"Krainke"},"geometry":{"type":"LineString","coordinates":[[10.9313,53.2755],[10.9232,53.2824],[10.9161,53.2898],[10.9078,53.2967],[10.903,53.3056],[10.893,53.3071],[10.8995,53.3149],[10.893,53.3227]]}},{"type":"Feature","properties":{"r":4,"n":"Hammergraben"},"geometry":{"type":"LineString","coordinates":[[14.3341,51.8501],[14.3242,51.8519],[14.315,51.8562],[14.303,51.8573],[14.2927,51.8573],[14.2804,51.8546],[14.2704,51.853],[14.2599,51.8542]]}},{"type":"Feature","properties":{"r":4,"n":"Berste"},"geometry":{"type":"LineString","coordinates":[[13.7163,51.8758],[13.7083,51.8851],[13.7062,51.895],[13.7053,51.9055],[13.7082,51.9155],[13.7053,51.9258],[13.6999,51.9344],[13.705,51.9432]]}},{"type":"Feature","properties":{"r":4,"n":"Salza"},"geometry":{"type":"LineString","coordinates":[[11.7535,51.487],[11.7635,51.4889],[11.7729,51.4854],[11.7833,51.4869],[11.789,51.4957],[11.7996,51.4952],[11.8099,51.4981],[11.8094,51.5081]]}},{"type":"Feature","properties":{"r":4,"n":"Geißlitz (Röderkanal)"},"geometry":{"type":"LineString","coordinates":[[13.4276,51.3988],[13.4218,51.4071],[13.4223,51.4171],[13.4295,51.4271],[13.43,51.4374],[13.4277,51.4477],[13.434,51.4567],[13.4439,51.4584]]}},{"type":"Feature","properties":{"r":4,"n":"Tanger"},"geometry":{"type":"LineString","coordinates":[[11.765,52.3788],[11.7698,52.3877],[11.7707,52.3981],[11.7792,52.4035],[11.7887,52.4094],[11.7932,52.419],[11.8024,52.425],[11.8121,52.4276]]}},{"type":"Feature","properties":{"r":4,"n":"Spree"},"geometry":{"type":"LineString","coordinates":[[14.4743,51.4744],[14.4636,51.4789],[14.4571,51.4866],[14.4465,51.4898],[14.4368,51.4931],[14.4264,51.494],[14.4164,51.4955],[14.4087,51.502]]}},{"type":"Feature","properties":{"r":6,"n":"Müritz-Elde-Wasserstraße"},"geometry":{"type":"LineString","coordinates":[[11.8378,53.4292],[11.8276,53.4354],[11.8165,53.4395],[11.8093,53.4478],[11.7996,53.4442],[11.7894,53.4435],[11.7796,53.4407],[11.7696,53.4397]]}},{"type":"Feature","properties":{"r":6,"n":"Müritz-Elde-Wasserstraße"},"geometry":{"type":"LineString","coordinates":[[12.2602,53.4568],[12.25,53.4566],[12.2396,53.4578],[12.2354,53.4675],[12.2255,53.4701],[12.2149,53.4695],[12.2038,53.4692],[12.1934,53.4703]]}},{"type":"Feature","properties":{"r":4,"n":"Helme"},"geometry":{"type":"LineString","coordinates":[[11.2995,51.4337],[11.3079,51.4281],[11.318,51.4244],[11.3284,51.422],[11.3384,51.4186],[11.3488,51.416],[11.3524,51.4066],[11.3553,51.397]]}},{"type":"Feature","properties":{"r":4,"n":"Rurzyca"},"geometry":{"type":"LineString","coordinates":[[14.3894,52.9805],[14.3912,52.9918],[14.3912,53.0019],[14.3954,53.0111],[14.3909,53.0207],[14.3838,53.028],[14.3756,53.0342],[14.3696,53.0423]]}},{"type":"Feature","properties":{"r":4,"n":"Weißer Graben"},"geometry":{"type":"LineString","coordinates":[[13.762,53.6223],[13.7751,53.6298],[13.7884,53.6381],[13.7969,53.6434],[13.8061,53.6491],[13.8152,53.6533],[13.825,53.6576],[13.8383,53.6635]]}},{"type":"Feature","properties":{"r":4,"n":"Ohre"},"geometry":{"type":"LineString","coordinates":[[11.2393,52.4333],[11.2504,52.4326],[11.2627,52.4264],[11.2708,52.4201],[11.28,52.4135],[11.2901,52.4077],[11.302,52.3993],[11.3194,52.3856]]}},{"type":"Feature","properties":{"r":6,"n":"Kanał Bema"},"geometry":{"type":"LineString","coordinates":[[15.0912,52.6095],[15.081,52.6076],[15.0709,52.6069],[15.0617,52.6024],[15.0524,52.5984],[15.0401,52.5945],[15.0256,52.5923],[15.0122,52.5902]]}},{"type":"Feature","properties":{"r":4,"n":"Łarpia"},"geometry":{"type":"LineString","coordinates":[[14.6177,53.5384],[14.6074,53.5366],[14.596,53.5398],[14.5857,53.5394],[14.5778,53.5464],[14.5748,53.556],[14.5856,53.5562],[14.6002,53.5569]]}},{"type":"Feature","properties":{"r":4,"n":"Marwica"},"geometry":{"type":"LineString","coordinates":[[15.1435,52.7916],[15.1533,52.7889],[15.1629,52.786],[15.1729,52.7848],[15.1828,52.7823],[15.1925,52.7795],[15.2022,52.7768],[15.211,52.7718]]}},{"type":"Feature","properties":{"r":4,"n":"Wipperau"},"geometry":{"type":"LineString","coordinates":[[10.7801,52.9725],[10.7702,52.9764],[10.7597,52.9781],[10.757,52.988],[10.7483,52.9951],[10.7419,53.0039],[10.7351,53.0117],[10.7247,53.0151]]}},{"type":"Feature","properties":{"r":6,"n":"Nordumfluter"},"geometry":{"type":"LineString","coordinates":[[14.1519,51.8702],[14.1372,51.8751],[14.1193,51.878],[14.1015,51.8838],[14.0893,51.8882],[14.0645,51.8954],[14.0544,51.8979],[14.0431,51.9007]]}},{"type":"Feature","properties":{"r":4,"n":"Mała Ina"},"geometry":{"type":"LineString","coordinates":[[15.2563,53.1539],[15.2491,53.1612],[15.2428,53.1691],[15.2364,53.1768],[15.2285,53.1836],[15.2187,53.1857],[15.2093,53.1897],[15.2017,53.1963]]}},{"type":"Feature","properties":{"r":4,"n":"Spree"},"geometry":{"type":"LineString","coordinates":[[13.9871,52.1194],[13.9982,52.1195],[14.007,52.1139],[14.017,52.112],[14.0273,52.1106],[14.0383,52.1154],[14.0484,52.1185],[14.0598,52.1178]]}},{"type":"Feature","properties":{"r":6,"n":"Mittellandkanal"},"geometry":{"type":"LineString","coordinates":[[11.6299,52.2293],[11.6173,52.2294],[11.6028,52.2295],[11.584,52.2297],[11.573,52.2307],[11.5596,52.2339],[11.5414,52.2384],[11.5296,52.2413]]}},{"type":"Feature","properties":{"r":4,"n":"Brandenburger Niederhavel"},"geometry":{"type":"LineString","coordinates":[[12.5618,52.417],[12.5541,52.4099],[12.542,52.4056],[12.5323,52.4028],[12.5258,52.3944],[12.5163,52.3909],[12.5061,52.388],[12.4958,52.3886]]}},{"type":"Feature","properties":{"r":6,"n":"Oder-Havel-Kanal"},"geometry":{"type":"LineString","coordinates":[[13.8214,52.8556],[13.8067,52.8547],[13.7953,52.8536],[13.7848,52.853],[13.77,52.8531],[13.7597,52.8531],[13.7497,52.8532],[13.7353,52.8564]]}},{"type":"Feature","properties":{"r":4,"n":"Saale"},"geometry":{"type":"LineString","coordinates":[[12.0502,51.3097],[12.0406,51.3144],[12.0425,51.3243],[12.0328,51.3274],[12.0241,51.3336],[12.0136,51.3327],[12.0042,51.337],[11.9999,51.3462]]}},{"type":"Feature","properties":{"r":4,"n":"Pełcz"},"geometry":{"type":"LineString","coordinates":[[15.3618,52.9379],[15.3667,52.9291],[15.3714,52.9201],[15.3781,52.9125],[15.386,52.9056],[15.396,52.9041],[15.4036,52.8976],[15.4134,52.8945]]}},{"type":"Feature","properties":{"r":4,"n":"Teterower Peene"},"geometry":{"type":"LineString","coordinates":[[12.6735,53.813],[12.6848,53.8135],[12.6966,53.8144],[12.7069,53.8141],[12.7167,53.8165],[12.7273,53.8173],[12.7379,53.8188],[12.747,53.8235]]}},{"type":"Feature","properties":{"r":4,"n":"Lubieszowa"},"geometry":{"type":"LineString","coordinates":[[15.3017,53.8989],[15.3031,53.9107],[15.2943,53.917],[15.2853,53.9219],[15.278,53.9289],[15.2681,53.9327],[15.2586,53.9361],[15.2484,53.9362]]}},{"type":"Feature","properties":{"r":4,"n":"Bode"},"geometry":{"type":"LineString","coordinates":[[11.706,51.8473],[11.7098,51.8378],[11.7212,51.8335],[11.7313,51.8337],[11.7413,51.8306],[11.7518,51.8292],[11.7616,51.8332],[11.7724,51.8338]]}},{"type":"Feature","properties":{"r":4,"n":"Tywa"},"geometry":{"type":"LineString","coordinates":[[14.6269,52.9669],[14.628,52.978],[14.6289,52.9883],[14.6277,52.9985],[14.6328,53.013],[14.6255,53.0203],[14.6255,53.0305],[14.6329,53.0373]]}},{"type":"Feature","properties":{"r":4,"n":"Czerna Wielka"},"geometry":{"type":"LineString","coordinates":[[15.2756,51.4298],[15.2708,51.4388],[15.262,51.4441],[15.252,51.4482],[15.2497,51.4581],[15.2446,51.4668],[15.2361,51.4721],[15.2334,51.4818]]}},{"type":"Feature","properties":{"r":4,"n":"Stepnica"},"geometry":{"type":"LineString","coordinates":[[15.0094,53.5295],[15.0003,53.5353],[15.0057,53.5451],[15.0032,53.5553],[15.0032,53.5657],[15.0076,53.5755],[15.0136,53.5839],[15.0098,53.5947]]}},{"type":"Feature","properties":{"r":6,"n":"Müritz-Elde-Wasserstraße"},"geometry":{"type":"LineString","coordinates":[[11.9221,53.4154],[11.9147,53.4082],[11.908,53.4004],[11.8977,53.3992],[11.8868,53.3987],[11.8778,53.3943],[11.8677,53.3961],[11.8565,53.3981]]}},{"type":"Feature","properties":{"r":6,"n":"Müritz-Elde-Wasserstraße"},"geometry":{"type":"LineString","coordinates":[[11.5918,53.3585],[11.6017,53.3561],[11.6107,53.349],[11.616,53.34],[11.6177,53.3298],[11.6238,53.3189],[11.6165,53.3064],[11.6055,53.3043]]}},{"type":"Feature","properties":{"r":4,"n":"Odra Zachodnia"},"geometry":{"type":"LineString","coordinates":[[14.4565,53.2919],[14.4626,53.3001],[14.4661,53.3118],[14.4731,53.3191],[14.4801,53.3274],[14.4936,53.334],[14.4992,53.345],[14.5079,53.3529]]}},{"type":"Feature","properties":{"r":4,"n":"Seege"},"geometry":{"type":"LineString","coordinates":[[11.5438,52.9985],[11.5339,53.0022],[11.5249,53.0072],[11.5149,53.0058],[11.5051,53.0099],[11.4944,53.0111],[11.4854,53.0158],[11.4758,53.02]]}},{"type":"Feature","properties":{"r":4,"n":"Wola Struga"},"geometry":{"type":"LineString","coordinates":[[14.7423,53.7669],[14.7344,53.7733],[14.724,53.7773],[14.7253,53.7888],[14.7257,53.7997],[14.7302,53.8113],[14.7212,53.816],[14.7112,53.8158]]}},{"type":"Feature","properties":{"r":4,"n":"Zimny Potok"},"geometry":{"type":"LineString","coordinates":[[15.41,52.0302],[15.4002,52.0324],[15.3924,52.0261],[15.3822,52.0251],[15.3721,52.0264],[15.3625,52.0293],[15.3521,52.0308],[15.3421,52.0307]]}},{"type":"Feature","properties":{"r":4,"n":"Bóbr"},"geometry":{"type":"LineString","coordinates":[[15.2919,51.6725],[15.2853,51.6823],[15.2788,51.6903],[15.2846,51.6991],[15.2806,51.7083],[15.2761,51.7175],[15.2704,51.7259],[15.2614,51.7351]]}},{"type":"Feature","properties":{"r":4,"n":"Spree"},"geometry":{"type":"LineString","coordinates":[[14.5494,51.3091],[14.5403,51.3139],[14.5345,51.3222],[14.5294,51.3309],[14.5212,51.3369],[14.524,51.3466],[14.516,51.3529],[14.5142,51.3628]]}},{"type":"Feature","properties":{"r":4,"n":"Oder"},"geometry":{"type":"LineString","coordinates":[[10.5376,51.7637],[10.5443,51.7562],[10.5504,51.7482],[10.5533,51.7386],[10.5577,51.7296],[10.5598,51.7198],[10.5634,51.7103],[10.5582,51.7015]]}},{"type":"Feature","properties":{"r":4,"n":"Bóbr"},"geometry":{"type":"LineString","coordinates":[[15.1035,51.98],[15.1117,51.9865],[15.1199,51.9924],[15.1112,51.9977],[15.1021,51.9916],[15.0932,51.9861],[15.0821,51.9842],[15.0682,51.9874]]}},{"type":"Feature","properties":{"r":4,"n":"Mulde"},"geometry":{"type":"LineString","coordinates":[[12.4316,51.6069],[12.4237,51.6133],[12.419,51.6253],[12.4124,51.6394],[12.4037,51.6453],[12.3846,51.6527],[12.374,51.6564],[12.3632,51.6568]]}},{"type":"Feature","properties":{"r":4,"n":"Zimny Potok"},"geometry":{"type":"LineString","coordinates":[[15.3327,52.0298],[15.3228,52.0319],[15.3139,52.0395],[15.3026,52.0422],[15.2905,52.0432],[15.2801,52.0461],[15.2699,52.0445],[15.2566,52.0494]]}},{"type":"Feature","properties":{"r":4,"n":"Bode"},"geometry":{"type":"LineString","coordinates":[[11.1876,51.8049],[11.1954,51.8113],[11.2011,51.8198],[11.2062,51.8286],[11.2138,51.8358],[11.223,51.8406],[11.2308,51.8469],[11.2365,51.8552]]}},{"type":"Feature","properties":{"r":4,"n":"Bode"},"geometry":{"type":"LineString","coordinates":[[10.9195,51.7415],[10.9152,51.7322],[10.9251,51.7339],[10.9353,51.7327],[10.9428,51.7258],[10.9519,51.7214],[10.9616,51.7246],[10.97,51.7191]]}},{"type":"Feature","properties":{"r":4,"n":"Mołstowa"},"geometry":{"type":"LineString","coordinates":[[15.3633,53.9872],[15.358,53.9957],[15.3485,53.9992],[15.3382,54.0028],[15.328,54.0006],[15.3185,53.9944],[15.3082,53.9924],[15.2987,53.9876]]}},{"type":"Feature","properties":{"r":4,"n":"Stepenitz"},"geometry":{"type":"LineString","coordinates":[[12.0851,53.281],[12.075,53.2799],[12.065,53.2809],[12.0562,53.2758],[12.0523,53.265],[12.0434,53.2595],[12.0382,53.2509],[12.0307,53.2438]]}},{"type":"Feature","properties":{"r":4,"n":"Hoyerswerdaer Schwarzwasser"},"geometry":{"type":"LineString","coordinates":[[14.3236,51.2941],[14.3219,51.3041],[14.3213,51.3145],[14.3223,51.3273],[14.3187,51.3372],[14.3153,51.3471],[14.3095,51.3559],[14.3078,51.3659]]}},{"type":"Feature","properties":{"r":4,"n":"Brixentaler Ache"},"geometry":{"type":"LineString","coordinates":[[12.129,47.4805],[12.1192,47.4845],[12.1091,47.4872],[12.0999,47.4919],[12.0896,47.4939],[12.0793,47.4933],[12.0688,47.4954]]}},{"type":"Feature","properties":{"r":4,"n":"Labe"},"geometry":{"type":"LineString","coordinates":[[14.237,50.7996],[14.2277,50.8113],[14.2233,50.822],[14.2275,50.8314],[14.2219,50.84],[14.2165,50.8489],[14.2234,50.8591]]}},{"type":"Feature","properties":{"r":4,"n":"Labe"},"geometry":{"type":"LineString","coordinates":[[14.0549,50.5956],[14.066,50.596],[14.0728,50.6042],[14.0762,50.6152],[14.0692,50.6242],[14.0595,50.6269],[14.0504,50.6327]]}},{"type":"Feature","properties":{"r":4,"n":"Labe"},"geometry":{"type":"LineString","coordinates":[[14.0585,50.5179],[14.0491,50.5215],[14.0582,50.5303],[14.0609,50.54],[14.0519,50.545],[14.042,50.5465],[14.037,50.5568]]}},{"type":"Feature","properties":{"r":4,"n":"Donau"},"geometry":{"type":"LineString","coordinates":[[12.0438,48.995],[12.0342,49.0036],[12.0285,49.0119],[12.0395,49.0216],[12.0502,49.0279],[12.0598,49.0311],[12.0703,49.0308]]}},{"type":"Feature","properties":{"r":4,"n":"Rokytka"},"geometry":{"type":"LineString","coordinates":[[14.5513,50.1],[14.5416,50.0975],[14.5317,50.0958],[14.5215,50.0965],[14.5119,50.0935],[14.5203,50.099],[14.5308,50.1003]]}},{"type":"Feature","properties":{"r":4,"n":"Lech"},"geometry":{"type":"LineString","coordinates":[[10.8298,47.7235],[10.8253,47.7346],[10.8302,47.748],[10.839,47.7537],[10.8373,47.7636],[10.8488,47.7632],[10.8555,47.7707]]}},{"type":"Feature","properties":{"r":4,"n":"Wilde Weißeritz"},"geometry":{"type":"LineString","coordinates":[[13.5701,50.9396],[13.5767,50.9474],[13.5801,50.9569],[13.583,50.9667],[13.5821,50.9767],[13.5906,50.9821],[13.6009,50.9829]]}},{"type":"Feature","properties":{"r":4,"n":"Salzach"},"geometry":{"type":"LineString","coordinates":[[12.7506,48.0993],[12.7493,48.1098],[12.7578,48.1174],[12.7595,48.1273],[12.7702,48.1284],[12.7805,48.1238],[12.7905,48.1291]]}},{"type":"Feature","properties":{"r":4,"n":"Roter Main"},"geometry":{"type":"LineString","coordinates":[[11.5035,50.0082],[11.4942,50.0122],[11.4846,50.009],[11.4777,50.0172],[11.4683,50.0207],[11.4628,50.0291],[11.4549,50.0356]]}},{"type":"Feature","properties":{"r":4,"n":"Labe"},"geometry":{"type":"LineString","coordinates":[[14.8234,50.1749],[14.8124,50.1752],[14.8014,50.1715],[14.7896,50.1706],[14.7795,50.1725],[14.7675,50.1726],[14.7562,50.1697]]}},{"type":"Feature","properties":{"r":4,"n":"Berchtesgadener Ache"},"geometry":{"type":"LineString","coordinates":[[13.0164,47.6373],[13.0245,47.6439],[13.0342,47.6473],[13.0414,47.6549],[13.0357,47.6633],[13.0369,47.6739],[13.0433,47.6817]]}},{"type":"Feature","properties":{"r":4,"n":"Seidewitz"},"geometry":{"type":"LineString","coordinates":[[13.8694,50.9093],[13.8789,50.9128],[13.8859,50.9201],[13.8941,50.9259],[13.904,50.9282],[13.9131,50.9325],[13.9221,50.9369]]}},{"type":"Feature","properties":{"r":4,"n":"Salzach"},"geometry":{"type":"LineString","coordinates":[[13.2116,47.4434],[13.2095,47.4536],[13.2001,47.4578],[13.198,47.4676],[13.1938,47.4771],[13.187,47.4849],[13.1781,47.4908]]}},{"type":"Feature","properties":{"r":6,"n":"Alzkanal"},"geometry":{"type":"LineString","coordinates":[[12.6648,48.1539],[12.6751,48.1525],[12.685,48.156],[12.6964,48.1566],[12.7066,48.1579],[12.7181,48.161],[12.7277,48.1655]]}},{"type":"Feature","properties":{"r":4,"n":"Krems"},"geometry":{"type":"LineString","coordinates":[[14.265,48.2052],[14.2706,48.2136],[14.2734,48.2234],[14.2823,48.2283],[14.2923,48.2303],[14.3011,48.2355],[14.3109,48.2376]]}},{"type":"Feature","properties":{"r":4,"n":"Rauriser Ache"},"geometry":{"type":"LineString","coordinates":[[12.979,47.1996],[12.9856,47.2074],[12.9856,47.2176],[12.9911,47.2262],[12.9931,47.236],[12.9877,47.2447],[12.9859,47.2547]]}},{"type":"Feature","properties":{"r":4,"n":"Roth"},"geometry":{"type":"LineString","coordinates":[[11.1443,49.2175],[11.1344,49.22],[11.1276,49.2281],[11.1218,49.2363],[11.1128,49.2407],[11.1042,49.246],[11.0943,49.2478]]}},{"type":"Feature","properties":{"r":4,"n":"Große Gusen"},"geometry":{"type":"LineString","coordinates":[[14.4183,48.3494],[14.4255,48.3422],[14.4355,48.3426],[14.4455,48.3427],[14.4552,48.3401],[14.4649,48.3363],[14.4743,48.3323]]}},{"type":"Feature","properties":{"r":4,"n":"Regen"},"geometry":{"type":"LineString","coordinates":[[12.2098,49.2137],[12.1996,49.2145],[12.1898,49.2109],[12.1869,49.2208],[12.1772,49.2234],[12.1696,49.216],[12.162,49.2087]]}},{"type":"Feature","properties":{"r":6,"n":"Oberwasserkanal"},"geometry":{"type":"LineString","coordinates":[[14.4834,48.1768],[14.4918,48.1847],[14.4998,48.1908],[14.5097,48.1931],[14.5192,48.1971],[14.5247,48.2123],[14.5287,48.2219]]}},{"type":"Feature","properties":{"r":6,"n":"Mittlere-Isar-Kanal"},"geometry":{"type":"LineString","coordinates":[[11.9801,48.4158],[11.9845,48.4277],[11.9927,48.4372],[11.9887,48.4464],[11.9816,48.4557],[11.9749,48.4641],[11.9709,48.475]]}},{"type":"Feature","properties":{"r":4,"n":"Melk"},"geometry":{"type":"LineString","coordinates":[[15.2805,48.2055],[15.2897,48.2111],[15.2996,48.2141],[15.3094,48.2167],[15.3184,48.2216],[15.3274,48.2275],[15.3328,48.2373]]}},{"type":"Feature","properties":{"r":4,"n":"Zinkenbach"},"geometry":{"type":"LineString","coordinates":[[13.4015,47.699],[13.4103,47.7049],[13.4148,47.7139],[13.412,47.7236],[13.4219,47.7267],[13.4315,47.7317],[13.4407,47.7359]]}},{"type":"Feature","properties":{"r":4,"n":"Grimming"},"geometry":{"type":"LineString","coordinates":[[14.0903,47.5902],[14.0809,47.5855],[14.0709,47.5838],[14.0606,47.5821],[14.0506,47.5808],[14.0406,47.5791],[14.0307,47.5775]]}},{"type":"Feature","properties":{"r":4,"n":"Donnersbach"},"geometry":{"type":"LineString","coordinates":[[14.1419,47.3599],[14.1328,47.3642],[14.1252,47.3707],[14.1186,47.3787],[14.1203,47.3887],[14.1237,47.3983],[14.1241,47.4084]]}},{"type":"Feature","properties":{"r":4,"n":"Kainischtraun"},"geometry":{"type":"LineString","coordinates":[[13.8396,47.5696],[13.8303,47.5736],[13.8201,47.5758],[13.8099,47.5756],[13.8027,47.583],[13.7958,47.5907],[13.7867,47.5968]]}},{"type":"Feature","properties":{"r":4,"n":"Apfelstädt"},"geometry":{"type":"LineString","coordinates":[[10.7427,50.8782],[10.7494,50.8861],[10.7612,50.8899],[10.7749,50.8933],[10.7839,50.8981],[10.794,50.9016],[10.8048,50.9053]]}},{"type":"Feature","properties":{"r":4,"n":"Mürz"},"geometry":{"type":"LineString","coordinates":[[15.3491,47.4663],[15.3393,47.4634],[15.3282,47.4587],[15.3234,47.4499],[15.3135,47.4478],[15.3035,47.4444],[15.2928,47.442]]}},{"type":"Feature","properties":{"r":4,"n":"Lužická Nisa"},"geometry":{"type":"LineString","coordinates":[[15.152,50.729],[15.1447,50.7221],[15.1346,50.7228],[15.1247,50.7248],[15.1156,50.7294],[15.1068,50.7342],[15.0985,50.7415]]}},{"type":"Feature","properties":{"r":4,"n":"Schorgast"},"geometry":{"type":"LineString","coordinates":[[11.6095,50.1078],[11.5997,50.105],[11.5908,50.1098],[11.5811,50.113],[11.571,50.1149],[11.5616,50.1184],[11.5515,50.1202]]}},{"type":"Feature","properties":{"r":4,"n":"Schnauder"},"geometry":{"type":"LineString","coordinates":[[12.3174,51.0524],[12.3272,51.0549],[12.3372,51.0555],[12.348,51.0581],[12.3582,51.0581],[12.3678,51.0616],[12.3727,51.0704]]}},{"type":"Feature","properties":{"r":4,"n":"Deutsche Thaya"},"geometry":{"type":"LineString","coordinates":[[15.3043,48.8991],[15.314,48.9017],[15.3239,48.904],[15.3265,48.9137],[15.3367,48.9127],[15.3344,48.9225],[15.3442,48.9252]]}},{"type":"Feature","properties":{"r":4,"n":"Pockau"},"geometry":{"type":"LineString","coordinates":[[13.2111,50.6572],[13.2082,50.6671],[13.2132,50.6762],[13.2081,50.6849],[13.2171,50.6902],[13.2244,50.6972],[13.2328,50.7029]]}},{"type":"Feature","properties":{"r":4,"n":"Pöhlbach"},"geometry":{"type":"LineString","coordinates":[[13.0554,50.5269],[13.052,50.5364],[13.0468,50.5452],[13.0456,50.5553],[13.0498,50.5644],[13.0543,50.5739],[13.0491,50.5827]]}},{"type":"Feature","properties":{"r":4,"n":"Egau"},"geometry":{"type":"LineString","coordinates":[[10.5101,48.5901],[10.52,48.5917],[10.5295,48.595],[10.5396,48.5942],[10.5491,48.5976],[10.5595,48.5987],[10.5699,48.6001]]}},{"type":"Feature","properties":{"r":4,"n":"Kronach"},"geometry":{"type":"LineString","coordinates":[[11.3664,50.2791],[11.3631,50.2696],[11.3541,50.2633],[11.3458,50.2576],[11.3396,50.248],[11.3324,50.2406],[11.3225,50.238]]}},{"type":"Feature","properties":{"r":4,"n":"Haßlach"},"geometry":{"type":"LineString","coordinates":[[11.2918,50.2953],[11.2971,50.2859],[11.2999,50.2755],[11.3019,50.2657],[11.3108,50.2603],[11.3207,50.2574],[11.3225,50.2464]]}},{"type":"Feature","properties":{"r":4,"n":"Ilm"},"geometry":{"type":"LineString","coordinates":[[11.7056,48.7976],[11.7142,48.8028],[11.7229,48.8079],[11.7328,48.8117],[11.7421,48.8158],[11.7514,48.8199],[11.7598,48.8254]]}},{"type":"Feature","properties":{"r":4,"n":"Glonn"},"geometry":{"type":"LineString","coordinates":[[11.1739,48.2942],[11.1827,48.2996],[11.1894,48.3072],[11.1965,48.3143],[11.2063,48.3168],[11.2181,48.3198],[11.2281,48.3196]]}},{"type":"Feature","properties":{"r":4,"n":"Kessel"},"geometry":{"type":"LineString","coordinates":[[10.7139,48.681],[10.7249,48.689],[10.7353,48.689],[10.7454,48.6914],[10.7548,48.6953],[10.766,48.6997],[10.7742,48.7058]]}},{"type":"Feature","properties":{"r":4,"n":"Ingeringbach"},"geometry":{"type":"LineString","coordinates":[[14.7552,47.251],[14.764,47.2459],[14.771,47.2387],[14.7775,47.2311],[14.7831,47.2227],[14.7923,47.2173],[14.8018,47.2122]]}},{"type":"Feature","properties":{"r":6,"n":"Main-Donau-Kanal"},"geometry":{"type":"LineString","coordinates":[[11.6366,48.9809],[11.6456,48.9764],[11.657,48.9754],[11.6675,48.9797],[11.6729,48.9889],[11.6832,48.9917],[11.6933,48.9871]]}},{"type":"Feature","properties":{"r":4,"n":"Lužnice"},"geometry":{"type":"LineString","coordinates":[[14.886,48.8922],[14.8892,48.902],[14.8924,48.9116],[14.8995,48.9187],[14.8933,48.927],[14.8896,48.9365],[14.8811,48.945]]}},{"type":"Feature","properties":{"r":4,"n":"Fränkische Rezat"},"geometry":{"type":"LineString","coordinates":[[10.5094,49.343],[10.5144,49.3342],[10.5229,49.3285],[10.5314,49.3232],[10.541,49.3184],[10.55,49.3139],[10.5584,49.3082]]}},{"type":"Feature","properties":{"r":4,"n":"Fränkische Rezat"},"geometry":{"type":"LineString","coordinates":[[10.6572,49.2821],[10.6672,49.2823],[10.6773,49.2782],[10.6871,49.2802],[10.6971,49.278],[10.7072,49.2774],[10.7176,49.2769]]}},{"type":"Feature","properties":{"r":4,"n":"Kleine Vils"},"geometry":{"type":"LineString","coordinates":[[12.208,48.4609],[12.218,48.4645],[12.2286,48.4664],[12.2395,48.4688],[12.2506,48.4713],[12.2607,48.4726],[12.27,48.4764]]}},{"type":"Feature","properties":{"r":4,"n":"Aisch"},"geometry":{"type":"LineString","coordinates":[[10.4778,49.5281],[10.4836,49.5364],[10.4923,49.5414],[10.5029,49.5448],[10.511,49.5508],[10.5216,49.5526],[10.5315,49.555]]}},{"type":"Feature","properties":{"r":4,"n":"Singold"},"geometry":{"type":"LineString","coordinates":[[10.7612,48.1394],[10.7552,48.1477],[10.7576,48.1577],[10.7543,48.1674],[10.7539,48.1778],[10.753,48.1879],[10.7562,48.1974]]}},{"type":"Feature","properties":{"r":4,"n":"Ilm"},"geometry":{"type":"LineString","coordinates":[[11.4474,48.4325],[11.4574,48.4337],[11.4664,48.4389],[11.476,48.4428],[11.4854,48.4468],[11.4921,48.4545],[11.5012,48.4589]]}},{"type":"Feature","properties":{"r":4,"n":"Waldaist"},"geometry":{"type":"LineString","coordinates":[[14.6304,48.3899],[14.6203,48.3927],[14.612,48.3984],[14.6023,48.3952],[14.5953,48.3879],[14.5879,48.3809],[14.5863,48.3709]]}},{"type":"Feature","properties":{"r":4,"n":"Salzach"},"geometry":{"type":"LineString","coordinates":[[12.7928,48.1323],[12.7978,48.1418],[12.8052,48.1493],[12.8162,48.1521],[12.8265,48.1525],[12.835,48.159],[12.8426,48.1658]]}},{"type":"Feature","properties":{"r":4,"n":"Gusen"},"geometry":{"type":"LineString","coordinates":[[14.4821,48.3026],[14.475,48.2955],[14.468,48.288],[14.4596,48.2824],[14.4496,48.2815],[14.4504,48.2713],[14.4495,48.2612]]}},{"type":"Feature","properties":{"r":4,"n":"Paar"},"geometry":{"type":"LineString","coordinates":[[11.4935,48.7158],[11.4985,48.7248],[11.5075,48.7303],[11.5174,48.7337],[11.5269,48.7369],[11.5291,48.7467],[11.5351,48.7547]]}},{"type":"Feature","properties":{"r":4,"n":"Zusam"},"geometry":{"type":"LineString","coordinates":[[10.6063,48.338],[10.5963,48.343],[10.5864,48.347],[10.5763,48.3509],[10.5696,48.3586],[10.574,48.3676],[10.5787,48.3765]]}},{"type":"Feature","properties":{"r":4,"n":"Stropnice"},"geometry":{"type":"LineString","coordinates":[[14.7429,48.7743],[14.752,48.7795],[14.7609,48.7841],[14.7709,48.786],[14.7796,48.797],[14.7877,48.8034],[14.7919,48.8126]]}},{"type":"Feature","properties":{"r":4,"n":"Garchinger Mühlbach"},"geometry":{"type":"LineString","coordinates":[[11.6328,48.207],[11.6402,48.2138],[11.6455,48.2225],[11.6521,48.2304],[11.6562,48.2397],[11.6637,48.2464],[11.6721,48.2525]]}},{"type":"Feature","properties":{"r":4,"n":"Gusen"},"geometry":{"type":"LineString","coordinates":[[14.4492,48.2606],[14.4548,48.2523],[14.459,48.2429],[14.4691,48.2445],[14.4792,48.2475],[14.4896,48.2471],[14.5009,48.2442]]}},{"type":"Feature","properties":{"r":4,"n":"Salzach"},"geometry":{"type":"LineString","coordinates":[[12.8081,48.0435],[12.7959,48.0506],[12.7871,48.0558],[12.7769,48.062],[12.7609,48.0736],[12.7533,48.0857],[12.7506,48.0993]]}},{"type":"Feature","properties":{"r":4,"n":"Inn"},"geometry":{"type":"LineString","coordinates":[[12.0713,47.5217],[12.0809,47.525],[12.0878,47.5176],[12.0923,47.5269],[12.1004,47.533],[12.1125,47.5392],[12.1202,47.5471]]}},{"type":"Feature","properties":{"r":4,"n":"Nördliche Taurach"},"geometry":{"type":"LineString","coordinates":[[13.4988,47.347],[13.4952,47.3573],[13.4899,47.3663],[13.4808,47.3712],[13.4741,47.3789],[13.4838,47.3828],[13.4939,47.3851]]}},{"type":"Feature","properties":{"r":4,"n":"Sempt"},"geometry":{"type":"LineString","coordinates":[[11.9219,48.3913],[11.9158,48.3998],[11.9153,48.4098],[11.9234,48.4171],[11.934,48.417],[11.9433,48.4207],[11.9529,48.4249]]}},{"type":"Feature","properties":{"r":4,"n":"Isar"},"geometry":{"type":"LineString","coordinates":[[11.7142,48.3379],[11.7174,48.3478],[11.7256,48.3538],[11.7253,48.3643],[11.7341,48.3691],[11.7369,48.3788],[11.7449,48.3874]]}},{"type":"Feature","properties":{"r":4,"n":"Křemelná"},"geometry":{"type":"LineString","coordinates":[[13.258,49.2052],[13.2626,49.1962],[13.2723,49.1936],[13.282,49.1964],[13.292,49.1966],[13.3012,49.1926],[13.3109,49.19]]}},{"type":"Feature","properties":{"r":4,"n":"Vltava"},"geometry":{"type":"LineString","coordinates":[[14.1986,49.62],[14.2086,49.6198],[14.2147,49.6111],[14.2234,49.6171],[14.2335,49.6152],[14.2303,49.6248],[14.2399,49.6321]]}},{"type":"Feature","properties":{"r":4,"n":"Vltava"},"geometry":{"type":"LineString","coordinates":[[14.3643,48.8589],[14.3604,48.8684],[14.3621,48.8787],[14.3714,48.8838],[14.367,48.8928],[14.3569,48.8905],[14.3645,48.8974]]}},{"type":"Feature","properties":{"r":4,"n":"Berounka"},"geometry":{"type":"LineString","coordinates":[[13.9431,50.0201],[13.9537,50.0214],[13.9585,50.0115],[13.9722,50.0056],[13.9824,50.0065],[13.9934,50.0021],[14.0048,50.0012]]}},{"type":"Feature","properties":{"r":4,"n":"Dračice"},"geometry":{"type":"LineString","coordinates":[[14.9879,48.8952],[14.9779,48.8939],[14.9678,48.8948],[14.9574,48.8952],[14.948,48.8916],[14.9379,48.8931],[14.9284,48.8966]]}},{"type":"Feature","properties":{"r":4,"n":"Hinterwildalpenbach"},"geometry":{"type":"LineString","coordinates":[[14.9295,47.6464],[14.9397,47.6451],[14.9499,47.6464],[14.9597,47.65],[14.9696,47.6523],[14.9799,47.6531],[14.9872,47.66]]}},{"type":"Feature","properties":{"r":4,"n":"Röden"},"geometry":{"type":"LineString","coordinates":[[11.1023,50.3113],[11.0931,50.3055],[11.0829,50.3056],[11.0729,50.3071],[11.0633,50.304],[11.0539,50.3],[11.0485,50.2915]]}},{"type":"Feature","properties":{"r":4,"n":"Glonn"},"geometry":{"type":"LineString","coordinates":[[12.0072,47.9136],[12.0104,47.9038],[12.0031,47.894],[11.9996,47.8845],[12.0054,47.8761],[12.0078,47.8661],[12.0143,47.8584]]}},{"type":"Feature","properties":{"r":4,"n":"Glonn"},"geometry":{"type":"LineString","coordinates":[[11.2358,48.3218],[11.2456,48.3251],[11.2557,48.3257],[11.2656,48.3283],[11.2758,48.3304],[11.2868,48.3315],[11.2965,48.334]]}},{"type":"Feature","properties":{"r":4,"n":"Nattersbach"},"geometry":{"type":"LineString","coordinates":[[15.3065,47.9631],[15.3078,47.9731],[15.3166,47.9784],[15.3254,47.9838],[15.3358,47.9853],[15.3456,47.9874],[15.3552,47.9908]]}},{"type":"Feature","properties":{"r":4,"n":"Rott"},"geometry":{"type":"LineString","coordinates":[[12.0847,47.9099],[12.0898,47.9187],[12.0957,47.9268],[12.103,47.9338],[12.109,47.9418],[12.1143,47.9509],[12.1243,47.9521]]}},{"type":"Feature","properties":{"r":6,"n":"Alzkanal"},"geometry":{"type":"LineString","coordinates":[[12.5434,48.0155],[12.5469,48.0251],[12.5567,48.0287],[12.5617,48.0389],[12.5662,48.048],[12.5714,48.0574],[12.5755,48.0673]]}},{"type":"Feature","properties":{"r":4,"n":"Kleine Ohe"},"geometry":{"type":"LineString","coordinates":[[13.4556,48.8705],[13.4458,48.8678],[13.4368,48.8633],[13.4267,48.8628],[13.4168,48.8649],[13.4067,48.8652],[13.4037,48.8556]]}},{"type":"Feature","properties":{"r":4,"n":"Wolfsteiner Ohe"},"geometry":{"type":"LineString","coordinates":[[13.5177,48.8193],[13.5073,48.8196],[13.5014,48.8115],[13.491,48.8101],[13.4803,48.8124],[13.4704,48.8107],[13.4692,48.8005]]}},{"type":"Feature","properties":{"r":4,"n":"Labe"},"geometry":{"type":"LineString","coordinates":[[14.5935,50.2371],[14.5833,50.2366],[14.5715,50.2343],[14.5615,50.236],[14.5572,50.2452],[14.551,50.2533],[14.5399,50.2529]]}},{"type":"Feature","properties":{"r":4,"n":"Lužnice"},"geometry":{"type":"LineString","coordinates":[[14.8227,49.0284],[14.8178,49.0372],[14.8077,49.0379],[14.7965,49.042],[14.7857,49.0446],[14.7721,49.0452],[14.7617,49.0479]]}},{"type":"Feature","properties":{"r":4,"n":"Kamenice"},"geometry":{"type":"LineString","coordinates":[[15.2832,50.7369],[15.2934,50.7347],[15.3033,50.7364],[15.3136,50.7331],[15.3157,50.7228],[15.3177,50.7126],[15.3216,50.7031]]}},{"type":"Feature","properties":{"r":4,"n":"Saale"},"geometry":{"type":"LineString","coordinates":[[11.7074,51.0501],[11.7053,51.0603],[11.6955,51.0645],[11.6956,51.075],[11.6976,51.0851],[11.6902,51.0921],[11.6807,51.0961]]}},{"type":"Feature","properties":{"r":4,"n":"Vils"},"geometry":{"type":"LineString","coordinates":[[11.8572,49.4428],[11.8677,49.4385],[11.8694,49.4276],[11.8763,49.4195],[11.8856,49.4136],[11.8956,49.4114],[11.9031,49.4039]]}},{"type":"Feature","properties":{"r":4,"n":"Zschopau"},"geometry":{"type":"LineString","coordinates":[[13.0507,50.8661],[13.0425,50.8719],[13.0325,50.8748],[13.0225,50.8743],[13.0123,50.8742],[13.0175,50.8845],[13.0159,50.8945]]}},{"type":"Feature","properties":{"r":4,"n":"Liesing"},"geometry":{"type":"LineString","coordinates":[[14.6363,47.4222],[14.6457,47.4187],[14.6553,47.4157],[14.6652,47.4174],[14.6748,47.4211],[14.6806,47.4293],[14.6882,47.436]]}},{"type":"Feature","properties":{"r":4,"n":"Sulzbach"},"geometry":{"type":"LineString","coordinates":[[12.9438,48.5251],[12.9515,48.5319],[12.9594,48.5383],[12.9672,48.5449],[12.9769,48.5491],[12.9864,48.5538],[12.9956,48.5586]]}},{"type":"Feature","properties":{"r":6,"n":"Kleinmünchner Kanal (Jaukerbach)"},"geometry":{"type":"LineString","coordinates":[[14.2865,48.2343],[14.2953,48.2391],[14.3047,48.2428],[14.3136,48.2489],[14.3237,48.2501],[14.3312,48.257],[14.3406,48.262]]}},{"type":"Feature","properties":{"r":4,"n":"Leitzach"},"geometry":{"type":"LineString","coordinates":[[11.9967,47.6795],[11.9845,47.6813],[11.9772,47.6882],[11.9675,47.6913],[11.9576,47.6937],[11.948,47.6969],[11.9415,47.7047]]}},{"type":"Feature","properties":{"r":4,"n":"Röslau"},"geometry":{"type":"LineString","coordinates":[[12.1618,50.0319],[12.1685,50.0394],[12.1755,50.0467],[12.1829,50.054],[12.1953,50.0553],[12.2033,50.0614],[12.2105,50.0685]]}},{"type":"Feature","properties":{"r":4,"n":"Ilm"},"geometry":{"type":"LineString","coordinates":[[11.258,50.8716],[11.2642,50.8795],[11.2696,50.8884],[11.279,50.8919],[11.2875,50.8972],[11.2835,50.9064],[11.2932,50.9101]]}},{"type":"Feature","properties":{"r":4,"n":"Saale"},"geometry":{"type":"LineString","coordinates":[[11.7179,50.5508],[11.7116,50.5604],[11.7021,50.5561],[11.7053,50.5659],[11.6945,50.5682],[11.6858,50.5738],[11.6761,50.5785]]}},{"type":"Feature","properties":{"r":4,"n":"Saale"},"geometry":{"type":"LineString","coordinates":[[11.3993,50.7187],[11.4104,50.7246],[11.4206,50.7254],[11.4299,50.7297],[11.4398,50.7277],[11.4486,50.7334],[11.4545,50.7422]]}},{"type":"Feature","properties":{"r":4,"n":"Waldnaab"},"geometry":{"type":"LineString","coordinates":[[12.1721,49.7359],[12.1639,49.7298],[12.1699,49.721],[12.1773,49.7131],[12.1823,49.7023],[12.1829,49.6923],[12.1787,49.6831]]}},{"type":"Feature","properties":{"r":4,"n":"Waldnaab"},"geometry":{"type":"LineString","coordinates":[[12.1632,49.8066],[12.1661,49.797],[12.1623,49.7872],[12.1686,49.7791],[12.1765,49.7718],[12.1667,49.7686],[12.1751,49.763]]}},{"type":"Feature","properties":{"r":4,"n":"Schwarzer Regen"},"geometry":{"type":"LineString","coordinates":[[13.1791,48.9971],[13.1692,48.999],[13.1602,48.9929],[13.1605,48.9824],[13.1514,48.9771],[13.1421,48.9728],[13.1318,48.9729]]}},{"type":"Feature","properties":{"r":4,"n":"Naab"},"geometry":{"type":"LineString","coordinates":[[11.941,49.1271],[11.9356,49.1172],[11.9349,49.1067],[11.9419,49.0989],[11.9422,49.0884],[11.9483,49.0802],[11.9575,49.0757]]}},{"type":"Feature","properties":{"r":4,"n":"Reichramingbach"},"geometry":{"type":"LineString","coordinates":[[14.4641,47.8408],[14.4555,47.8464],[14.4536,47.8565],[14.4564,47.8662],[14.4493,47.8745],[14.45,47.8848],[14.4587,47.8903]]}},{"type":"Feature","properties":{"r":6,"n":"Mittlere-Isar-Kanal"},"geometry":{"type":"LineString","coordinates":[[11.8997,48.3812],[11.9152,48.3848],[11.9265,48.3881],[11.9393,48.3932],[11.9525,48.3984],[11.962,48.4022],[11.9729,48.4097]]}},{"type":"Feature","properties":{"r":4,"n":"Ramsauer Ache"},"geometry":{"type":"LineString","coordinates":[[12.9258,47.6029],[12.9357,47.6053],[12.945,47.6108],[12.9547,47.6139],[12.9647,47.6167],[12.9747,47.6184],[12.9837,47.6228]]}},{"type":"Feature","properties":{"r":4,"n":"Offenseebach"},"geometry":{"type":"LineString","coordinates":[[13.8273,47.7676],[13.8173,47.7692],[13.8072,47.769],[13.7972,47.7697],[13.7872,47.7701],[13.7769,47.7693],[13.7671,47.7664]]}},{"type":"Feature","properties":{"r":4,"n":"Weiße Traun"},"geometry":{"type":"LineString","coordinates":[[12.6604,47.7271],[12.6605,47.7371],[12.6584,47.747],[12.6589,47.7574],[12.6525,47.7663],[12.6449,47.7738],[12.6429,47.7836]]}},{"type":"Feature","properties":{"r":4,"n":"Rohrdorfer Achen"},"geometry":{"type":"LineString","coordinates":[[12.1957,47.7925],[12.1853,47.7941],[12.1755,47.7965],[12.166,47.8002],[12.1558,47.8004],[12.1505,47.8089],[12.1472,47.8186]]}},{"type":"Feature","properties":{"r":4,"n":"Main"},"geometry":{"type":"LineString","coordinates":[[10.5467,50.0029],[10.5367,50.0049],[10.5292,50.0118],[10.5203,50.0173],[10.5137,50.0274],[10.5018,50.0299],[10.4906,50.0306]]}},{"type":"Feature","properties":{"r":4,"n":"Ilm"},"geometry":{"type":"LineString","coordinates":[[11.1002,50.7827],[11.1097,50.7863],[11.1197,50.786],[11.1301,50.7873],[11.1396,50.7906],[11.1491,50.7948],[11.1591,50.7946]]}},{"type":"Feature","properties":{"r":6,"n":"Isarwerkkanal"},"geometry":{"type":"LineString","coordinates":[[11.4427,47.9454],[11.4608,47.9512],[11.4733,47.9572],[11.4786,47.9659],[11.4782,47.9759],[11.4809,47.9857],[11.4858,47.9948]]}},{"type":"Feature","properties":{"r":4,"n":"Wertach"},"geometry":{"type":"LineString","coordinates":[[10.6091,47.7959],[10.6177,47.8015],[10.6275,47.8056],[10.627,47.8156],[10.6353,47.8213],[10.6439,47.8266],[10.6503,47.8347]]}},{"type":"Feature","properties":{"r":6,"n":"Innwerkkanal"},"geometry":{"type":"LineString","coordinates":[[12.4239,48.2039],[12.433,48.2084],[12.4461,48.2102],[12.4559,48.2125],[12.463,48.2199],[12.4613,48.2301],[12.4649,48.2401]]}},{"type":"Feature","properties":{"r":4,"n":"Křinice"},"geometry":{"type":"LineString","coordinates":[[14.4022,50.9239],[14.3926,50.921],[14.3861,50.9134],[14.3873,50.9034],[14.3786,50.8983],[14.3687,50.8968],[14.3589,50.8994]]}},{"type":"Feature","properties":{"r":4,"n":"Seidewitz"},"geometry":{"type":"LineString","coordinates":[[13.8516,50.8509],[13.8514,50.8609],[13.8522,50.8709],[13.8539,50.8808],[13.8612,50.8883],[13.864,50.898],[13.8688,50.907]]}},{"type":"Feature","properties":{"r":4,"n":"Saale"},"geometry":{"type":"LineString","coordinates":[[11.8317,51.1666],[11.8345,51.157],[11.8442,51.154],[11.8553,51.1544],[11.8641,51.1607],[11.8641,51.1717],[11.8615,51.1837]]}},{"type":"Feature","properties":{"r":4,"n":"Sázava"},"geometry":{"type":"LineString","coordinates":[[14.811,49.8725],[14.8004,49.8696],[14.7896,49.8715],[14.7793,49.8739],[14.7692,49.8735],[14.7591,49.873],[14.7501,49.8784]]}},{"type":"Feature","properties":{"r":4,"n":"Inn"},"geometry":{"type":"LineString","coordinates":[[10.78,47.2136],[10.7901,47.2113],[10.8021,47.2119],[10.8121,47.2142],[10.8198,47.2216],[10.8295,47.2268],[10.8381,47.2323]]}},{"type":"Feature","properties":{"r":4,"n":"Blahbach"},"geometry":{"type":"LineString","coordinates":[[14.4551,47.25],[14.4647,47.253],[14.4747,47.2525],[14.4846,47.251],[14.4947,47.2528],[14.5045,47.2553],[14.5141,47.2585]]}},{"type":"Feature","properties":{"r":4,"n":"Unstrut"},"geometry":{"type":"LineString","coordinates":[[10.5492,51.1635],[10.5604,51.1622],[10.5709,51.1641],[10.5824,51.1598],[10.5948,51.1554],[10.6081,51.1484],[10.6172,51.1441]]}},{"type":"Feature","properties":{"r":4,"n":"Jochberger Ache"},"geometry":{"type":"LineString","coordinates":[[12.4069,47.335],[12.4118,47.3438],[12.4153,47.3533],[12.4162,47.3633],[12.4224,47.3712],[12.4225,47.3812],[12.4246,47.391]]}},{"type":"Feature","properties":{"r":4,"n":"Oichten"},"geometry":{"type":"LineString","coordinates":[[13.0316,48.003],[13.023,47.9978],[13.0146,47.9918],[13.0072,47.983],[13.0034,47.9736],[12.9979,47.9652],[12.9942,47.9554]]}},{"type":"Feature","properties":{"r":4,"n":"Erlau"},"geometry":{"type":"LineString","coordinates":[[13.5441,48.7113],[13.5343,48.7133],[13.5302,48.7041],[13.5301,48.6938],[13.5311,48.6837],[13.5347,48.6741],[13.5426,48.6675]]}},{"type":"Feature","properties":{"r":4,"n":"Traun"},"geometry":{"type":"LineString","coordinates":[[13.7947,48.0073],[13.8002,48.0162],[13.8068,48.0238],[13.8174,48.0278],[13.8211,48.0377],[13.8305,48.0414],[13.838,48.0483]]}},{"type":"Feature","properties":{"r":4,"n":"Große Krems"},"geometry":{"type":"LineString","coordinates":[[15.3136,48.4637],[15.3202,48.4715],[15.3287,48.4769],[15.3386,48.4785],[15.3481,48.4824],[15.3581,48.4815],[15.3681,48.4786]]}},{"type":"Feature","properties":{"r":4,"n":"Wiesent"},"geometry":{"type":"LineString","coordinates":[[11.2976,49.8037],[11.3068,49.7992],[11.3164,49.7936],[11.3212,49.7842],[11.3293,49.7781],[11.3214,49.7715],[11.3114,49.7727]]}},{"type":"Feature","properties":{"r":4,"n":"Enns"},"geometry":{"type":"LineString","coordinates":[[14.5122,47.8931],[14.501,47.8959],[14.4907,47.8938],[14.4774,47.8918],[14.4662,47.8921],[14.4588,47.8991],[14.4468,47.9013]]}},{"type":"Feature","properties":{"r":4,"n":"Mittlere Aurach"},"geometry":{"type":"LineString","coordinates":[[10.7452,49.5566],[10.7552,49.5578],[10.7654,49.5565],[10.7756,49.5575],[10.7854,49.5601],[10.7953,49.5618],[10.8047,49.5655]]}},{"type":"Feature","properties":{"r":4,"n":"Krems"},"geometry":{"type":"LineString","coordinates":[[14.1218,48.0351],[14.1255,48.0445],[14.1324,48.052],[14.1388,48.06],[14.147,48.0662],[14.157,48.0675],[14.1664,48.0711]]}},{"type":"Feature","properties":{"r":4,"n":"Große Mühl"},"geometry":{"type":"LineString","coordinates":[[13.9966,48.4779],[13.9858,48.4728],[13.9773,48.4666],[13.9714,48.4575],[13.9758,48.4485],[13.9768,48.4382],[13.9852,48.4327]]}},{"type":"Feature","properties":{"r":4,"n":"Fieberbrunner Ache"},"geometry":{"type":"LineString","coordinates":[[12.4907,47.4966],[12.4827,47.5033],[12.4731,47.5064],[12.4633,47.5102],[12.4545,47.5153],[12.4443,47.5186],[12.4346,47.5222]]}},{"type":"Feature","properties":{"r":4,"n":"Schwarzache"},"geometry":{"type":"LineString","coordinates":[[12.5495,47.4103],[12.5594,47.412],[12.5693,47.4135],[12.5781,47.4185],[12.5804,47.4283],[12.5821,47.4382],[12.5857,47.4478]]}},{"type":"Feature","properties":{"r":4,"n":"Kleinarler Ache"},"geometry":{"type":"LineString","coordinates":[[13.3169,47.2807],[13.3105,47.2885],[13.3053,47.2971],[13.3044,47.3071],[13.3058,47.3171],[13.3027,47.3268],[13.2947,47.3331]]}},{"type":"Feature","properties":{"r":4,"n":"Ilz"},"geometry":{"type":"LineString","coordinates":[[13.4332,48.671],[13.4387,48.6624],[13.4442,48.6532],[13.4382,48.645],[13.437,48.634],[13.4386,48.6235],[13.442,48.6113]]}},{"type":"Feature","properties":{"r":4,"n":"Schwarze Laber"},"geometry":{"type":"LineString","coordinates":[[11.9069,49.0355],[11.9144,49.0287],[11.9229,49.0232],[11.9276,49.0142],[11.9375,49.012],[11.9477,49.011],[11.9581,49.0088]]}},{"type":"Feature","properties":{"r":4,"n":"Schleuse"},"geometry":{"type":"LineString","coordinates":[[10.7816,50.4922],[10.774,50.4988],[10.7646,50.5025],[10.7545,50.5013],[10.7445,50.5019],[10.7349,50.4985],[10.7251,50.4961]]}},{"type":"Feature","properties":{"r":4,"n":"Regen"},"geometry":{"type":"LineString","coordinates":[[12.4809,49.1768],[12.471,49.1799],[12.4605,49.178],[12.4507,49.1809],[12.4406,49.1793],[12.4305,49.1816],[12.4199,49.1841]]}},{"type":"Feature","properties":{"r":4,"n":"Siekierka"},"geometry":{"type":"LineString","coordinates":[[15.214,51.1031],[15.224,51.1038],[15.2342,51.1054],[15.2443,51.1053],[15.2539,51.1082],[15.2637,51.1103],[15.273,51.1141]]}},{"type":"Feature","properties":{"r":4,"n":"Werra"},"geometry":{"type":"LineString","coordinates":[[10.6792,50.4474],[10.673,50.4553],[10.663,50.457],[10.6553,50.4501],[10.6467,50.4554],[10.6481,50.4654],[10.6443,50.4747]]}},{"type":"Feature","properties":{"r":4,"n":"Schwarze Laber"},"geometry":{"type":"LineString","coordinates":[[11.9732,48.9952],[11.9765,48.9857],[11.9867,48.9847],[11.9973,48.9863],[12.0076,48.9872],[12.0175,48.991],[12.0278,48.9913]]}},{"type":"Feature","properties":{"r":4,"n":"Pleiße"},"geometry":{"type":"LineString","coordinates":[[12.4437,51.1461],[12.4336,51.1484],[12.4238,51.1517],[12.414,51.155],[12.4059,51.1609],[12.3988,51.1688],[12.4037,51.1784]]}},{"type":"Feature","properties":{"r":4,"n":"Kwisa"},"geometry":{"type":"LineString","coordinates":[[15.2977,51.1002],[15.2979,51.1104],[15.3009,51.12],[15.3011,51.13],[15.3087,51.1368],[15.3147,51.1452],[15.3164,51.1554]]}},{"type":"Feature","properties":{"r":4,"n":"Isen"},"geometry":{"type":"LineString","coordinates":[[12.4039,48.2611],[12.4146,48.2613],[12.425,48.2597],[12.4353,48.2618],[12.4438,48.2674],[12.4534,48.2719],[12.4639,48.2738]]}},{"type":"Feature","properties":{"r":4,"n":"Isar"},"geometry":{"type":"LineString","coordinates":[[11.3749,47.5442],[11.3843,47.5477],[11.3941,47.5507],[11.4042,47.5498],[11.414,47.5527],[11.424,47.5528],[11.4325,47.5583]]}},{"type":"Feature","properties":{"r":4,"n":"Traun"},"geometry":{"type":"LineString","coordinates":[[13.919,48.0911],[13.9304,48.0965],[13.941,48.1022],[13.9506,48.1059],[13.9566,48.1139],[13.9666,48.1163],[13.9715,48.1258]]}},{"type":"Feature","properties":{"r":4,"n":"Traun"},"geometry":{"type":"LineString","coordinates":[[13.859,48.0877],[13.8695,48.088],[13.8804,48.0873],[13.8911,48.0919],[13.8979,48.0845],[13.9083,48.0835],[13.917,48.0897]]}},{"type":"Feature","properties":{"r":4,"n":"Donau"},"geometry":{"type":"LineString","coordinates":[[13.8545,48.4484],[13.8652,48.4497],[13.8749,48.4453],[13.8863,48.445],[13.8979,48.4504],[13.908,48.4545],[13.917,48.45]]}},{"type":"Feature","properties":{"r":4,"n":"Donau"},"geometry":{"type":"LineString","coordinates":[[14.5624,48.2303],[14.5783,48.2257],[14.5889,48.2205],[14.5981,48.2096],[14.605,48.2022],[14.6127,48.1955],[14.6232,48.1903]]}},{"type":"Feature","properties":{"r":4,"n":"Schwabach"},"geometry":{"type":"LineString","coordinates":[[11.0561,49.5948],[11.0462,49.5963],[11.0363,49.5987],[11.0263,49.5994],[11.017,49.6031],[11.007,49.604],[10.9977,49.6084]]}},{"type":"Feature","properties":{"r":4,"n":"Pegnitz"},"geometry":{"type":"LineString","coordinates":[[11.234,49.4857],[11.2241,49.4842],[11.2135,49.4838],[11.2054,49.4776],[11.1953,49.476],[11.1849,49.4747],[11.1761,49.4698]]}},{"type":"Feature","properties":{"r":4,"n":"Inn"},"geometry":{"type":"LineString","coordinates":[[12.9353,48.207],[12.9477,48.2071],[12.9589,48.2105],[12.9719,48.219],[12.9812,48.2255],[12.9906,48.2319],[13,48.2384]]}},{"type":"Feature","properties":{"r":4,"n":"Isar"},"geometry":{"type":"LineString","coordinates":[[12.6602,48.6675],[12.6709,48.6713],[12.6841,48.6747],[12.6945,48.6759],[12.7048,48.679],[12.7155,48.6794],[12.7401,48.6851]]}},{"type":"Feature","properties":{"r":4,"n":"Aurach"},"geometry":{"type":"LineString","coordinates":[[10.8198,49.8687],[10.8295,49.8662],[10.8393,49.8642],[10.8481,49.8593],[10.858,49.8572],[10.8671,49.853],[10.877,49.8511]]}},{"type":"Feature","properties":{"r":4,"n":"Labe"},"geometry":{"type":"LineString","coordinates":[[14.661,50.1929],[14.6507,50.1978],[14.6431,50.2068],[14.6417,50.2177],[14.6326,50.2227],[14.6223,50.2263],[14.6107,50.2296]]}},{"type":"Feature","properties":{"r":4,"n":"Große Vils"},"geometry":{"type":"LineString","coordinates":[[12.1965,48.3462],[12.2071,48.3471],[12.2183,48.3485],[12.2265,48.3545],[12.2353,48.3595],[12.2447,48.363],[12.2529,48.3688]]}},{"type":"Feature","properties":{"r":4,"n":"Lech"},"geometry":{"type":"LineString","coordinates":[[10.8758,48.0463],[10.8785,48.0563],[10.8757,48.0664],[10.8784,48.0763],[10.8728,48.0851],[10.8686,48.0952],[10.8653,48.1048]]}},{"type":"Feature","properties":{"r":4,"n":"Spree"},"geometry":{"type":"LineString","coordinates":[[14.4908,51.0436],[14.4807,51.0453],[14.4705,51.0449],[14.4605,51.0441],[14.4507,51.0464],[14.4403,51.0479],[14.4375,51.0576]]}},{"type":"Feature","properties":{"r":4,"n":"Aschach"},"geometry":{"type":"LineString","coordinates":[[13.9498,48.3747],[13.9598,48.3725],[13.9699,48.3726],[13.9791,48.3686],[13.9794,48.3585],[13.9893,48.3565],[13.998,48.3514]]}},{"type":"Feature","properties":{"r":4,"n":"Lužická Nisa"},"geometry":{"type":"LineString","coordinates":[[14.8687,50.8343],[14.8599,50.8396],[14.8525,50.848],[14.8424,50.8494],[14.8326,50.8526],[14.8224,50.8559],[14.8245,50.8667]]}},{"type":"Feature","properties":{"r":4,"n":"Výrovka"},"geometry":{"type":"LineString","coordinates":[[14.9999,50.0376],[15.0098,50.0418],[15.0198,50.0422],[15.0121,50.0487],[15.003,50.0541],[14.9968,50.0621],[15.0038,50.0708]]}},{"type":"Feature","properties":{"r":4,"n":"Saale"},"geometry":{"type":"LineString","coordinates":[[11.9338,50.2217],[11.9356,50.2316],[11.9365,50.2416],[11.9395,50.2515],[11.9337,50.2597],[11.9297,50.269],[11.9246,50.2784]]}},{"type":"Feature","properties":{"r":4,"n":"Ohře"},"geometry":{"type":"LineString","coordinates":[[12.929,50.2373],[12.94,50.2339],[12.9452,50.243],[12.9549,50.2462],[12.966,50.2453],[12.976,50.2446],[12.9872,50.2439]]}},{"type":"Feature","properties":{"r":4,"n":"Radbuza"},"geometry":{"type":"LineString","coordinates":[[13.3612,49.7175],[13.3715,49.7174],[13.3818,49.718],[13.3897,49.7252],[13.3814,49.7309],[13.3811,49.7411],[13.3874,49.7492]]}},{"type":"Feature","properties":{"r":4,"n":"Mur"},"geometry":{"type":"LineString","coordinates":[[15.2756,47.4096],[15.2856,47.4092],[15.2851,47.3986],[15.2937,47.3912],[15.3038,47.3937],[15.3104,47.3859],[15.3063,47.3757]]}},{"type":"Feature","properties":{"r":4,"n":"Alz"},"geometry":{"type":"LineString","coordinates":[[12.5981,48.1318],[12.6073,48.1358],[12.6178,48.137],[12.6278,48.1407],[12.6372,48.1452],[12.647,48.1475],[12.6565,48.1526]]}},{"type":"Feature","properties":{"r":4,"n":"Zwönitz"},"geometry":{"type":"LineString","coordinates":[[12.8515,50.703],[12.8613,50.7061],[12.8716,50.7102],[12.8819,50.7135],[12.8893,50.7206],[12.8991,50.7238],[12.9084,50.7278]]}},{"type":"Feature","properties":{"r":4,"n":"Odrava"},"geometry":{"type":"LineString","coordinates":[[12.3939,50.0414],[12.3995,50.0501],[12.4108,50.0471],[12.4267,50.0555],[12.4557,50.0638],[12.4655,50.0713],[12.4731,50.0791]]}},{"type":"Feature","properties":{"r":4,"n":"Mur"},"geometry":{"type":"LineString","coordinates":[[15.3529,47.3426],[15.3555,47.332],[15.3646,47.3258],[15.3713,47.3177],[15.3776,47.3092],[15.3694,47.3027],[15.358,47.2999]]}},{"type":"Feature","properties":{"r":4,"n":"Elbe"},"geometry":{"type":"LineString","coordinates":[[9.9238,53.5417],[9.9099,53.5417],[9.896,53.542],[9.8793,53.5424],[9.8666,53.5434],[9.8498,53.5456],[9.8352,53.5481]]}},{"type":"Feature","properties":{"r":4,"n":"Glückstädter Nebenelbe"},"geometry":{"type":"LineString","coordinates":[[9.4213,53.7433],[9.4183,53.7549],[9.4135,53.7742],[9.4059,53.7843],[9.3982,53.7942],[9.3896,53.8047],[9.3732,53.8065]]}},{"type":"Feature","properties":{"r":4,"n":"Ems"},"geometry":{"type":"LineString","coordinates":[[7.3619,53.1056],[7.3712,53.1125],[7.3749,53.122],[7.3679,53.1292],[7.37,53.1394],[7.3743,53.1491],[7.3724,53.1614]]}},{"type":"Feature","properties":{"r":4,"n":"Leine"},"geometry":{"type":"LineString","coordinates":[[9.8018,52.282],[9.8007,52.292],[9.7979,52.3017],[9.788,52.3039],[9.7804,52.3105],[9.7731,52.3177],[9.7648,52.3235]]}},{"type":"Feature","properties":{"r":4,"n":"Leine"},"geometry":{"type":"LineString","coordinates":[[9.8136,51.9951],[9.8056,52.0013],[9.8055,52.0114],[9.7977,52.0182],[9.7877,52.0204],[9.7777,52.0223],[9.7739,52.0319]]}},{"type":"Feature","properties":{"r":6,"n":"Rhein-Herne-Kanal"},"geometry":{"type":"LineString","coordinates":[[7.241,51.5643],[7.2303,51.563],[7.2156,51.5602],[7.2057,51.558],[7.1949,51.5553],[7.1853,51.552],[7.1736,51.5488]]}},{"type":"Feature","properties":{"r":4,"n":"Wümme - Südarm"},"geometry":{"type":"LineString","coordinates":[[9.0108,53.0974],[9.0005,53.0975],[8.9905,53.0994],[8.9799,53.1011],[8.9696,53.1031],[8.9618,53.1097],[8.9541,53.1162]]}},{"type":"Feature","properties":{"r":6,"n":"Ruiten-Aa-kanaal"},"geometry":{"type":"LineString","coordinates":[[7.0994,52.877],[7.1002,52.8884],[7.1014,52.9011],[7.1085,52.909],[7.119,52.9171],[7.1287,52.9213],[7.1437,52.927]]}},{"type":"Feature","properties":{"r":4,"n":"Pannerdensch Kanaal"},"geometry":{"type":"LineString","coordinates":[[6.0442,51.8715],[6.0342,51.8771],[6.0274,51.8849],[6.0228,51.8953],[6.0136,51.9015],[6.0014,51.9054],[5.9916,51.91]]}},{"type":"Feature","properties":{"r":4,"n":"Griethauser Altrhein"},"geometry":{"type":"LineString","coordinates":[[6.1384,51.8296],[6.128,51.8328],[6.1154,51.8315],[6.1038,51.8334],[6.0955,51.8425],[6.0862,51.8483],[6.0793,51.8578]]}},{"type":"Feature","properties":{"r":4,"n":"Innerste"},"geometry":{"type":"LineString","coordinates":[[10.2511,52.0753],[10.2417,52.0796],[10.2324,52.0845],[10.2227,52.087],[10.2127,52.0903],[10.2035,52.0943],[10.1946,52.0994]]}},{"type":"Feature","properties":{"r":4,"n":"Niers"},"geometry":{"type":"LineString","coordinates":[[6.1493,51.6864],[6.1453,51.6974],[6.1366,51.7041],[6.1266,51.7061],[6.1161,51.7071],[6.1052,51.7084],[6.0948,51.7121]]}},{"type":"Feature","properties":{"r":4,"n":"Niers"},"geometry":{"type":"LineString","coordinates":[[6.0948,51.7121],[6.0834,51.7118],[6.0727,51.7104],[6.0622,51.7068],[6.0516,51.7043],[6.0417,51.7071],[6.032,51.7113]]}},{"type":"Feature","properties":{"r":4,"n":"Leine"},"geometry":{"type":"LineString","coordinates":[[9.9173,51.617],[9.9259,51.6223],[9.9299,51.6317],[9.9308,51.6417],[9.9396,51.6472],[9.9463,51.6548],[9.9537,51.662]]}},{"type":"Feature","properties":{"r":6,"n":"Mittellandkanal"},"geometry":{"type":"LineString","coordinates":[[9.8578,52.3675],[9.8488,52.375],[9.8399,52.3822],[9.8298,52.3919],[9.8218,52.3994],[9.8126,52.4042],[9.8007,52.4054]]}},{"type":"Feature","properties":{"r":4,"n":"Emscher"},"geometry":{"type":"LineString","coordinates":[[6.9292,51.4982],[6.9178,51.4964],[6.9039,51.4955],[6.8906,51.4957],[6.8787,51.4957],[6.8656,51.4954],[6.8486,51.495]]}},{"type":"Feature","properties":{"r":4,"n":"Werse"},"geometry":{"type":"LineString","coordinates":[[7.7058,51.903],[7.7051,51.913],[7.6978,51.92],[7.6956,51.9298],[7.6947,51.9399],[7.6978,51.9497],[7.7035,51.958]]}},{"type":"Feature","properties":{"r":6,"n":"Stichkanal Osnabrück"},"geometry":{"type":"LineString","coordinates":[[7.9607,52.3293],[7.9531,52.3373],[7.9562,52.3474],[7.9572,52.3586],[7.9574,52.3693],[7.9558,52.3807],[7.9562,52.3912]]}},{"type":"Feature","properties":{"r":4,"n":"Bruchgraben"},"geometry":{"type":"LineString","coordinates":[[10.0497,52.2286],[10.0364,52.2308],[10.023,52.2307],[10.0124,52.2307],[9.9994,52.2306],[9.9883,52.2292],[9.9786,52.2317]]}},{"type":"Feature","properties":{"r":4,"n":"Bega"},"geometry":{"type":"LineString","coordinates":[[8.9907,52.0331],[8.9818,52.0282],[8.9742,52.0213],[8.9643,52.0181],[8.9545,52.0157],[8.9446,52.0185],[8.9346,52.021]]}},{"type":"Feature","properties":{"r":4,"n":"Rinne"},"geometry":{"type":"LineString","coordinates":[[9.4715,54.2988],[9.4618,54.2955],[9.4527,54.2913],[9.4424,54.2913],[9.4321,54.2925],[9.4204,54.2911],[9.4093,54.2932]]}},{"type":"Feature","properties":{"r":4,"n":"Fuhse"},"geometry":{"type":"LineString","coordinates":[[10.2117,52.4711],[10.2045,52.4781],[10.1957,52.4831],[10.1856,52.4827],[10.1775,52.4889],[10.168,52.4923],[10.1659,52.5023]]}},{"type":"Feature","properties":{"r":4,"n":"Nette"},"geometry":{"type":"LineString","coordinates":[[10.1345,51.9607],[10.1347,51.9708],[10.1283,51.9786],[10.1198,51.9839],[10.1253,51.9923],[10.1271,52.0022],[10.121,52.0105]]}},{"type":"Feature","properties":{"r":6,"n":"Schwarzwasser"},"geometry":{"type":"LineString","coordinates":[[9.4742,53.7857],[9.4671,53.7778],[9.4567,53.7777],[9.4464,53.7801],[9.4353,53.7821],[9.4246,53.7826],[9.4147,53.7842]]}},{"type":"Feature","properties":{"r":4,"n":"Maade"},"geometry":{"type":"LineString","coordinates":[[8.0778,53.5559],[8.09,53.5606],[8.1013,53.5609],[8.1137,53.5591],[8.1248,53.5581],[8.14,53.5574],[8.1497,53.5602]]}},{"type":"Feature","properties":{"r":4,"n":"Fuhse"},"geometry":{"type":"LineString","coordinates":[[10.1997,52.4165],[10.2031,52.4266],[10.2108,52.4331],[10.219,52.4393],[10.2282,52.444],[10.2382,52.4472],[10.2472,52.4524]]}},{"type":"Feature","properties":{"r":6,"n":"Bederkesa-Geeste-Kanal"},"geometry":{"type":"LineString","coordinates":[[8.8409,53.5867],[8.8332,53.5797],[8.8257,53.5726],[8.8188,53.5646],[8.8046,53.5588],[8.7948,53.556],[8.7743,53.5501]]}},{"type":"Feature","properties":{"r":4,"n":"Bever"},"geometry":{"type":"LineString","coordinates":[[9.3018,51.6311],[9.3101,51.6375],[9.3167,51.6452],[9.3261,51.6492],[9.3363,51.6506],[9.345,51.656],[9.3549,51.6584]]}},{"type":"Feature","properties":{"r":6,"n":"Dortmund-Ems-Kanal"},"geometry":{"type":"LineString","coordinates":[[7.4039,51.586],[7.3925,51.5915],[7.3836,51.5974],[7.3839,51.608],[7.3736,51.613],[7.3608,51.6141],[7.3479,51.6146]]}},{"type":"Feature","properties":{"r":4,"n":"Schwarzwasser"},"geometry":{"type":"LineString","coordinates":[[10.2885,52.5745],[10.2786,52.577],[10.2683,52.5783],[10.2579,52.581],[10.248,52.5842],[10.2379,52.586],[10.2281,52.5882]]}},{"type":"Feature","properties":{"r":4,"n":"Sarninghäuser Meerbach"},"geometry":{"type":"LineString","coordinates":[[8.9414,52.4948],[8.9456,52.5051],[8.9533,52.5132],[8.9616,52.522],[8.9582,52.5319],[8.9626,52.541],[8.9728,52.5461]]}},{"type":"Feature","properties":{"r":4,"n":"Große Aa"},"geometry":{"type":"LineString","coordinates":[[7.3763,52.4202],[7.3672,52.4296],[7.364,52.4391],[7.3554,52.4455],[7.3475,52.4519],[7.3393,52.4605],[7.3292,52.459]]}},{"type":"Feature","properties":{"r":4,"n":"Este"},"geometry":{"type":"LineString","coordinates":[[9.6827,53.4121],[9.6751,53.4186],[9.6713,53.4281],[9.6727,53.4382],[9.6797,53.4456],[9.6845,53.4552],[9.6925,53.4612]]}},{"type":"Feature","properties":{"r":4,"n":"Neger"},"geometry":{"type":"LineString","coordinates":[[8.4764,51.269],[8.4789,51.2789],[8.4832,51.288],[8.4853,51.2981],[8.4868,51.308],[8.4878,51.318],[8.4866,51.3281]]}},{"type":"Feature","properties":{"r":4,"n":"Ruschwede"},"geometry":{"type":"LineString","coordinates":[[9.6767,53.1592],[9.6672,53.1633],[9.6592,53.1694],[9.6514,53.1757],[9.6406,53.1794],[9.6303,53.1808],[9.6199,53.1848]]}},{"type":"Feature","properties":{"r":4,"n":"Glenne"},"geometry":{"type":"LineString","coordinates":[[8.3432,51.7331],[8.3344,51.7278],[8.3263,51.7213],[8.3145,51.7177],[8.3053,51.7082],[8.3014,51.6988],[8.2967,51.6894]]}},{"type":"Feature","properties":{"r":4,"n":"Dinkel"},"geometry":{"type":"LineString","coordinates":[[7.006,52.2317],[7.0071,52.2417],[7.0162,52.2459],[7.0199,52.2553],[7.021,52.2654],[7.0292,52.2712],[7.025,52.2803]]}},{"type":"Feature","properties":{"r":4,"n":"Luhnau"},"geometry":{"type":"LineString","coordinates":[[9.634,54.1765],[9.625,54.1823],[9.6194,54.191],[9.6188,54.201],[9.606,54.2052],[9.5971,54.2099],[9.5867,54.2095]]}},{"type":"Feature","properties":{"r":6,"n":"Coldeborger Sieltief"},"geometry":{"type":"LineString","coordinates":[[7.297,53.2506],[7.3063,53.2564],[7.3134,53.2664],[7.3231,53.2744],[7.3319,53.2816],[7.3394,53.2886],[7.3482,53.2943]]}},{"type":"Feature","properties":{"r":4,"n":"Braake"},"geometry":{"type":"LineString","coordinates":[[9.1109,53.939],[9.1159,53.9299],[9.1257,53.9233],[9.1352,53.9201],[9.1442,53.9118],[9.1391,53.903],[9.1311,53.8969]]}},{"type":"Feature","properties":{"r":6,"n":"Ditzum Bunder Sieltief"},"geometry":{"type":"LineString","coordinates":[[7.2258,53.2065],[7.2368,53.2081],[7.2475,53.2092],[7.2578,53.2138],[7.2653,53.2224],[7.2699,53.2318],[7.2731,53.2413]]}},{"type":"Feature","properties":{"r":4,"n":"Ems"},"geometry":{"type":"LineString","coordinates":[[7.2479,52.5841],[7.2516,52.5935],[7.2446,52.6014],[7.2535,52.6065],[7.254,52.617],[7.2536,52.627],[7.2495,52.6362]]}},{"type":"Feature","properties":{"r":4,"n":"Bennebek"},"geometry":{"type":"LineString","coordinates":[[9.4783,54.3621],[9.4686,54.3648],[9.4585,54.3658],[9.4479,54.3676],[9.4373,54.3684],[9.4269,54.3679],[9.4168,54.368]]}},{"type":"Feature","properties":{"r":4,"n":"Alte Sorge"},"geometry":{"type":"LineString","coordinates":[[9.3149,54.3474],[9.3285,54.3455],[9.3402,54.344],[9.3492,54.3384],[9.3598,54.3391],[9.3692,54.3351],[9.3754,54.327]]}},{"type":"Feature","properties":{"r":6,"n":"Zuid-Willemsvaart"},"geometry":{"type":"LineString","coordinates":[[5.5161,51.6168],[5.5047,51.6226],[5.494,51.6286],[5.4845,51.6336],[5.472,51.6403],[5.4596,51.6447],[5.4495,51.6472]]}},{"type":"Feature","properties":{"r":4,"n":"Ruhr"},"geometry":{"type":"LineString","coordinates":[[7.9562,51.4612],[7.9489,51.4685],[7.9391,51.471],[7.9293,51.4731],[7.9192,51.4753],[7.9233,51.4846],[7.9225,51.4947]]}},{"type":"Feature","properties":{"r":6,"n":"Groothuser Tief"},"geometry":{"type":"LineString","coordinates":[[7.0682,53.4335],[7.0723,53.4242],[7.0763,53.415],[7.0779,53.4041],[7.08,53.3939],[7.0859,53.3857],[7.097,53.3836]]}},{"type":"Feature","properties":{"r":4,"n":"Sieber"},"geometry":{"type":"LineString","coordinates":[[10.4824,51.7471],[10.4882,51.7389],[10.4942,51.7308],[10.4877,51.7232],[10.4841,51.7138],[10.4851,51.7037],[10.4757,51.6989]]}},{"type":"Feature","properties":{"r":6,"n":"Dortmund-Ems-Kanal"},"geometry":{"type":"LineString","coordinates":[[7.543,52.2828],[7.5331,52.285],[7.5189,52.2898],[7.5083,52.2933],[7.4979,52.2968],[7.4861,52.3005],[7.4767,52.3048]]}},{"type":"Feature","properties":{"r":6,"n":"Brucher Schleusenfleth"},"geometry":{"type":"LineString","coordinates":[[9.2193,53.7705],[9.2071,53.7729],[9.1963,53.7737],[9.1862,53.7743],[9.1753,53.7724],[9.1612,53.7689],[9.1481,53.7658]]}},{"type":"Feature","properties":{"r":6,"n":"Großes Fleth"},"geometry":{"type":"LineString","coordinates":[[9.2311,53.7439],[9.2188,53.7401],[9.2087,53.737],[9.1981,53.7337],[9.1829,53.729],[9.1729,53.7307],[9.158,53.7274]]}},{"type":"Feature","properties":{"r":4,"n":"Dadau"},"geometry":{"type":"LineString","coordinates":[[8.3904,52.6664],[8.4007,52.6659],[8.4095,52.6709],[8.4212,52.6711],[8.4321,52.6703],[8.4414,52.6665],[8.4515,52.6683]]}},{"type":"Feature","properties":{"r":4,"n":"Erpe"},"geometry":{"type":"LineString","coordinates":[[9.1655,51.3691],[9.1586,51.3768],[9.1497,51.3814],[9.1414,51.387],[9.139,51.3968],[9.1357,51.4063],[9.1271,51.4115]]}},{"type":"Feature","properties":{"r":4,"n":"Ridding"},"geometry":{"type":"LineString","coordinates":[[7.3822,53.417],[7.3735,53.4119],[7.3657,53.4047],[7.3571,53.3995],[7.3474,53.3958],[7.3377,53.393],[7.3273,53.3901]]}},{"type":"Feature","properties":{"r":4,"n":"Rhume"},"geometry":{"type":"LineString","coordinates":[[10.286,51.5837],[10.2763,51.5808],[10.2669,51.5845],[10.2579,51.5894],[10.2498,51.5954],[10.2421,51.6019],[10.2342,51.6081]]}},{"type":"Feature","properties":{"r":4,"n":"Eileringsbeeke"},"geometry":{"type":"LineString","coordinates":[[7.1822,52.2825],[7.1933,52.28],[7.2033,52.2813],[7.2139,52.2783],[7.2225,52.2842],[7.2284,52.2923],[7.2304,52.3021]]}},{"type":"Feature","properties":{"r":4,"n":"Lecker Au"},"geometry":{"type":"LineString","coordinates":[[9.003,54.7685],[8.989,54.7682],[8.9783,54.7709],[8.9676,54.7708],[8.9576,54.7731],[8.9437,54.7713],[8.9233,54.766]]}},{"type":"Feature","properties":{"r":4,"n":"Heidenauer Aue"},"geometry":{"type":"LineString","coordinates":[[9.6658,53.296],[9.6549,53.2931],[9.6439,53.2907],[9.6334,53.2882],[9.623,53.2886],[9.6125,53.2879],[9.6026,53.2857]]}},{"type":"Feature","properties":{"r":4,"n":"Gackau"},"geometry":{"type":"LineString","coordinates":[[8.6836,53.4072],[8.6752,53.4139],[8.6688,53.4228],[8.6594,53.4265],[8.6514,53.4327],[8.6508,53.4433],[8.6431,53.4497]]}},{"type":"Feature","properties":{"r":4,"n":"Westerwoldsche Aa"},"geometry":{"type":"LineString","coordinates":[[7.0801,53.0614],[7.0709,53.066],[7.0679,53.0759],[7.0725,53.086],[7.0838,53.09],[7.0949,53.0906],[7.1015,53.0985]]}},{"type":"Feature","properties":{"r":6,"n":"Kanaal van Deurne"},"geometry":{"type":"LineString","coordinates":[[5.9015,51.3249],[5.9077,51.3364],[5.9101,51.3466],[5.9025,51.3569],[5.8948,51.3645],[5.8895,51.3741],[5.8848,51.3831]]}},{"type":"Feature","properties":{"r":6,"n":"Ter Apelkanaal"},"geometry":{"type":"LineString","coordinates":[[7.0473,52.9161],[7.0484,52.8991],[7.0488,52.8869],[7.0491,52.8742],[7.0617,52.8737],[7.0718,52.8736],[7.0793,52.8655]]}},{"type":"Feature","properties":{"r":4,"n":"Sorge"},"geometry":{"type":"LineString","coordinates":[[9.6284,54.3647],[9.6184,54.3624],[9.6051,54.3619],[9.595,54.3624],[9.5853,54.3574],[9.5754,54.3543],[9.5653,54.3531]]}},{"type":"Feature","properties":{"r":4,"n":"Möhne"},"geometry":{"type":"LineString","coordinates":[[8.0072,51.4932],[7.9989,51.4874],[7.9972,51.4753],[7.9895,51.4681],[7.979,51.4683],[7.9732,51.4601],[7.9632,51.4561]]}},{"type":"Feature","properties":{"r":4,"n":"Thune"},"geometry":{"type":"LineString","coordinates":[[8.7546,51.7737],[8.7442,51.7732],[8.734,51.772],[8.7245,51.7678],[8.7147,51.765],[8.7043,51.762],[8.694,51.7636]]}},{"type":"Feature","properties":{"r":6,"n":"Warffumermaar"},"geometry":{"type":"LineString","coordinates":[[6.5851,53.3353],[6.5811,53.3446],[6.5731,53.3514],[6.5682,53.3608],[6.572,53.3704],[6.5639,53.3772],[6.5606,53.3876]]}},{"type":"Feature","properties":{"r":4,"n":"Ibbenbürener Aa"},"geometry":{"type":"LineString","coordinates":[[7.7161,52.2667],[7.7053,52.2682],[7.6963,52.2729],[7.6871,52.2769],[7.678,52.2833],[7.6637,52.2836],[7.6537,52.2833]]}},{"type":"Feature","properties":{"r":4,"n":"Südlicher Sielgraben"},"geometry":{"type":"LineString","coordinates":[[9.2182,53.8406],[9.2285,53.8409],[9.2388,53.8405],[9.2502,53.839],[9.2603,53.8386],[9.2741,53.8352],[9.2836,53.8407]]}},{"type":"Feature","properties":{"r":6,"n":"Boker-Heide-Kanal"},"geometry":{"type":"LineString","coordinates":[[8.435,51.725],[8.4252,51.7215],[8.4111,51.7203],[8.3926,51.7182],[8.3801,51.7156],[8.3742,51.704],[8.3625,51.6995]]}},{"type":"Feature","properties":{"r":4,"n":"Ihme"},"geometry":{"type":"LineString","coordinates":[[9.6558,52.2911],[9.6635,52.2976],[9.6719,52.3033],[9.679,52.3106],[9.6887,52.3138],[9.6977,52.3195],[9.7075,52.3222]]}},{"type":"Feature","properties":{"r":4,"n":"Soholmer Au"},"geometry":{"type":"LineString","coordinates":[[9.0229,54.6998],[9.014,54.7063],[9.0042,54.7083],[8.9941,54.7095],[8.9843,54.713],[8.9738,54.7119],[8.9637,54.7131]]}},{"type":"Feature","properties":{"r":6,"n":"Leiding 2"},"geometry":{"type":"LineString","coordinates":[[6.7698,53.0532],[6.7599,53.0593],[6.7485,53.0619],[6.7368,53.0643],[6.7252,53.0728],[6.7154,53.0788],[6.7098,53.0902]]}},{"type":"Feature","properties":{"r":6,"n":"Kanaal Almelo-De Haandrik"},"geometry":{"type":"LineString","coordinates":[[6.6397,52.5567],[6.6433,52.5676],[6.6537,52.5784],[6.6652,52.5888],[6.6719,52.5964],[6.676,52.6061],[6.6852,52.6159]]}},{"type":"Feature","properties":{"r":6,"n":"Kanaal Buinen Schoonoord"},"geometry":{"type":"LineString","coordinates":[[6.7612,52.9016],[6.7698,52.9092],[6.7804,52.9125],[6.7922,52.9147],[6.8032,52.9193],[6.8156,52.9348],[6.824,52.9463]]}},{"type":"Feature","properties":{"r":4,"n":"Alster"},"geometry":{"type":"LineString","coordinates":[[10.1244,53.7719],[10.1343,53.7739],[10.1442,53.7756],[10.1521,53.7694],[10.1481,53.7602],[10.1391,53.7554],[10.1303,53.7503]]}},{"type":"Feature","properties":{"r":4,"n":"Pinnau"},"geometry":{"type":"LineString","coordinates":[[9.8525,53.6978],[9.8433,53.6927],[9.8347,53.6872],[9.8291,53.6787],[9.8201,53.6743],[9.8131,53.667],[9.8041,53.6625]]}},{"type":"Feature","properties":{"r":4,"n":"Moersbach"},"geometry":{"type":"LineString","coordinates":[[6.6244,51.4957],[6.6128,51.4972],[6.6059,51.5048],[6.6078,51.5149],[6.5995,51.5212],[6.6012,51.5313],[6.5983,51.5413]]}},{"type":"Feature","properties":{"r":4,"n":"Ruhr"},"geometry":{"type":"LineString","coordinates":[[7.1113,51.4288],[7.1001,51.4288],[7.089,51.4304],[7.084,51.4404],[7.0733,51.4429],[7.064,51.4386],[7.0577,51.4307]]}},{"type":"Feature","properties":{"r":4,"n":"Miele"},"geometry":{"type":"LineString","coordinates":[[9.0328,54.0916],[9.0217,54.093],[9.01,54.0933],[8.9971,54.0936],[8.9864,54.0945],[8.9739,54.0959],[8.9599,54.0959]]}},{"type":"Feature","properties":{"r":6,"n":"Dortmund-Ems-Kanal"},"geometry":{"type":"LineString","coordinates":[[7.4745,52.3061],[7.4656,52.3131],[7.4584,52.3205],[7.4503,52.3288],[7.4428,52.3363],[7.4321,52.3474],[7.419,52.3608]]}},{"type":"Feature","properties":{"r":6,"n":"Wesel-Datteln-Kanal"},"geometry":{"type":"LineString","coordinates":[[7.3149,51.6924],[7.3058,51.6975],[7.2953,51.7043],[7.2828,51.7104],[7.2707,51.7128],[7.2589,51.7139],[7.2468,51.7163]]}},{"type":"Feature","properties":{"r":4,"n":"Bille"},"geometry":{"type":"LineString","coordinates":[[10.3159,53.5547],[10.3064,53.5513],[10.3002,53.5431],[10.2922,53.5369],[10.3018,53.5341],[10.3008,53.5238],[10.2916,53.5198]]}},{"type":"Feature","properties":{"r":4,"n":"Lutter"},"geometry":{"type":"LineString","coordinates":[[10.3346,52.6894],[10.327,52.6828],[10.3172,52.6804],[10.3076,52.6763],[10.3039,52.6669],[10.297,52.659],[10.2905,52.6513]]}},{"type":"Feature","properties":{"r":6,"n":"Startenhuistermaar"},"geometry":{"type":"LineString","coordinates":[[6.6619,53.3646],[6.6721,53.365],[6.6824,53.3666],[6.6928,53.3667],[6.6999,53.3742],[6.7095,53.3775],[6.7185,53.3827]]}},{"type":"Feature","properties":{"r":4,"n":"Aue"},"geometry":{"type":"LineString","coordinates":[[7.9873,53.1799],[7.9822,53.1706],[7.9734,53.1647],[7.9658,53.1582],[7.9574,53.1514],[7.9526,53.1422],[7.9594,53.1345]]}},{"type":"Feature","properties":{"r":4,"n":"Marka"},"geometry":{"type":"LineString","coordinates":[[7.7959,52.9994],[7.796,53.0097],[7.7931,53.0193],[7.7784,53.0246],[7.7682,53.0262],[7.7581,53.0263],[7.7471,53.0246]]}},{"type":"Feature","properties":{"r":4,"n":"Wümme - Südarm"},"geometry":{"type":"LineString","coordinates":[[9.1601,53.0908],[9.1498,53.0951],[9.14,53.0992],[9.13,53.1012],[9.1198,53.1013],[9.1097,53.1031],[9.0995,53.1038]]}},{"type":"Feature","properties":{"r":4,"n":"Oste"},"geometry":{"type":"LineString","coordinates":[[9.4728,53.2764],[9.4676,53.267],[9.4545,53.2602],[9.4442,53.2588],[9.4342,53.2587],[9.4345,53.2691],[9.431,53.2785]]}},{"type":"Feature","properties":{"r":4,"n":"Wümme"},"geometry":{"type":"LineString","coordinates":[[9.2316,53.0755],[9.2215,53.0751],[9.2115,53.0752],[9.2009,53.0765],[9.1908,53.0761],[9.1801,53.0783],[9.1702,53.0808]]}},{"type":"Feature","properties":{"r":4,"n":"Oostervoortse Diep"},"geometry":{"type":"LineString","coordinates":[[6.4926,53.0813],[6.4861,53.089],[6.48,53.097],[6.4731,53.1044],[6.4634,53.1071],[6.4534,53.108],[6.4437,53.1052]]}},{"type":"Feature","properties":{"r":4,"n":"Röhr"},"geometry":{"type":"LineString","coordinates":[[7.9794,51.363],[7.9788,51.3731],[7.9868,51.3805],[7.9948,51.3879],[8.0038,51.3926],[7.9955,51.3985],[7.9917,51.4081]]}},{"type":"Feature","properties":{"r":6,"n":"Königreich-Westermoorender-Wettern"},"geometry":{"type":"LineString","coordinates":[[9.6874,53.503],[9.6957,53.5112],[9.7041,53.5201],[9.7122,53.5296],[9.7192,53.5369],[9.7295,53.5379],[9.7388,53.5421]]}},{"type":"Feature","properties":{"r":4,"n":"Hunte"},"geometry":{"type":"LineString","coordinates":[[8.4731,52.8228],[8.4769,52.8325],[8.4803,52.8434],[8.4784,52.8537],[8.4734,52.8632],[8.4721,52.8735],[8.4668,52.8823]]}},{"type":"Feature","properties":{"r":6,"n":"Hoogeveensche Vaart"},"geometry":{"type":"LineString","coordinates":[[6.3409,52.6795],[6.3276,52.6773],[6.3131,52.6784],[6.2996,52.6806],[6.2869,52.6827],[6.274,52.6878],[6.2621,52.6899]]}},{"type":"Feature","properties":{"r":6,"n":"Prinses Margrietkanaal"},"geometry":{"type":"LineString","coordinates":[[6.0988,53.2083],[6.106,53.2154],[6.1155,53.2201],[6.1303,53.221],[6.1427,53.222],[6.1543,53.2231],[6.165,53.2257]]}},{"type":"Feature","properties":{"r":6,"n":"Espelervaart"},"geometry":{"type":"LineString","coordinates":[[5.6463,52.7192],[5.6573,52.717],[5.6824,52.7168],[5.7173,52.7164],[5.7277,52.7163],[5.7383,52.7162],[5.7461,52.7088]]}},{"type":"Feature","properties":{"r":6,"n":"Ballens"},"geometry":{"type":"LineString","coordinates":[[5.722,53.1945],[5.7202,53.2044],[5.7098,53.2037],[5.6995,53.2034],[5.69,53.2071],[5.6804,53.2104],[5.6689,53.2136]]}},{"type":"Feature","properties":{"r":6,"n":"Hallumer Feart"},"geometry":{"type":"LineString","coordinates":[[5.8407,53.277],[5.8315,53.281],[5.8221,53.2851],[5.8124,53.2893],[5.8021,53.2937],[5.7928,53.2978],[5.7823,53.3023]]}},{"type":"Feature","properties":{"r":6,"n":"Slochterdiep"},"geometry":{"type":"LineString","coordinates":[[6.6509,53.2359],[6.6617,53.2355],[6.6777,53.2354],[6.7104,53.2352],[6.7246,53.2351],[6.7348,53.2353],[6.7469,53.2332]]}},{"type":"Feature","properties":{"r":4,"n":"De Lende"},"geometry":{"type":"LineString","coordinates":[[5.9116,52.8155],[5.9016,52.8122],[5.8934,52.8062],[5.8831,52.804],[5.8732,52.8019],[5.862,52.8043],[5.8516,52.8061]]}},{"type":"Feature","properties":{"r":6,"n":"Kanaal Beukers-Steenwijk"},"geometry":{"type":"LineString","coordinates":[[6.0861,52.7722],[6.0797,52.7567],[6.0765,52.7443],[6.0764,52.734],[6.0771,52.7236],[6.0753,52.7124],[6.0711,52.7024]]}},{"type":"Feature","properties":{"r":6,"n":"Ruttensevaart"},"geometry":{"type":"LineString","coordinates":[[5.7466,52.8068],[5.7356,52.805],[5.7234,52.8044],[5.7096,52.8044],[5.6994,52.8024],[5.6916,52.7949],[5.6864,52.7856]]}},{"type":"Feature","properties":{"r":6,"n":"Makkumer Feart"},"geometry":{"type":"LineString","coordinates":[[5.4421,53.0538],[5.4523,53.0569],[5.4599,53.0634],[5.471,53.0632],[5.4816,53.0609],[5.4916,53.0619],[5.502,53.0608]]}},{"type":"Feature","properties":{"r":6,"n":"Súdhoekster Faart"},"geometry":{"type":"LineString","coordinates":[[5.721,53.2805],[5.7156,53.2719],[5.7103,53.2633],[5.6952,53.2596],[5.6847,53.2588],[5.6732,53.2604],[5.6612,53.2594]]}},{"type":"Feature","properties":{"r":4,"n":"Aldswemmer"},"geometry":{"type":"LineString","coordinates":[[6.0788,53.2942],[6.0794,53.3042],[6.0896,53.3066],[6.1004,53.3066],[6.1121,53.3093],[6.1227,53.3089],[6.1333,53.3073]]}},{"type":"Feature","properties":{"r":6,"n":"Swiftervaart"},"geometry":{"type":"LineString","coordinates":[[5.7325,52.5575],[5.7194,52.562],[5.7063,52.5666],[5.6942,52.5709],[5.6817,52.5757],[5.6699,52.5803],[5.6581,52.5849]]}},{"type":"Feature","properties":{"r":4,"n":"Nordradde"},"geometry":{"type":"LineString","coordinates":[[7.4769,52.8029],[7.4656,52.8025],[7.4539,52.7997],[7.4462,52.7932],[7.4422,52.784],[7.4361,52.7751],[7.425,52.7696]]}},{"type":"Feature","properties":{"r":4,"n":"Fulda"},"geometry":{"type":"LineString","coordinates":[[9.5512,51.362],[9.5616,51.3612],[9.5712,51.3658],[9.5637,51.3744],[9.5607,51.3848],[9.5696,51.3903],[9.5766,51.3984]]}},{"type":"Feature","properties":{"r":6,"n":"Zuid-Willemsvaart"},"geometry":{"type":"LineString","coordinates":[[5.6687,51.2455],[5.6806,51.2499],[5.6981,51.2559],[5.7104,51.2601],[5.7227,51.2643],[5.7358,51.2687],[5.7488,51.2725]]}},{"type":"Feature","properties":{"r":4,"n":"Schlinge"},"geometry":{"type":"LineString","coordinates":[[6.8644,51.9437],[6.8542,51.9422],[6.8447,51.9388],[6.835,51.9363],[6.8255,51.9329],[6.8154,51.9319],[6.8055,51.9336]]}},{"type":"Feature","properties":{"r":4,"n":"Weser"},"geometry":{"type":"LineString","coordinates":[[8.8541,53.0599],[8.8428,53.0599],[8.834,53.0665],[8.8225,53.0679],[8.8103,53.0708],[8.8012,53.076],[8.7906,53.0803]]}},{"type":"Feature","properties":{"r":4,"n":"Weser"},"geometry":{"type":"LineString","coordinates":[[9.0287,52.4285],[9.0177,52.4331],[9.0092,52.4392],[9.0118,52.4496],[9.0201,52.4584],[9.0231,52.4688],[9.0246,52.4787]]}},{"type":"Feature","properties":{"r":6,"n":"Schokkerhaven"},"geometry":{"type":"LineString","coordinates":[[5.8398,52.6133],[5.8232,52.612],[5.8102,52.612],[5.7955,52.6121],[5.7797,52.6122],[5.764,52.6122],[5.7537,52.6119]]}},{"type":"Feature","properties":{"r":4,"n":"Wellspanger Au"},"geometry":{"type":"LineString","coordinates":[[9.6105,54.588],[9.6186,54.5939],[9.6243,54.6022],[9.6342,54.6056],[9.6436,54.6092],[9.6524,54.6143],[9.66,54.6208]]}},{"type":"Feature","properties":{"r":4,"n":"Werse"},"geometry":{"type":"LineString","coordinates":[[7.9487,51.7496],[7.9393,51.7459],[7.9294,51.7439],[7.9194,51.7446],[7.9097,51.7473],[7.901,51.7557],[7.8912,51.7578]]}},{"type":"Feature","properties":{"r":4,"n":"Overijsselsche Vecht"},"geometry":{"type":"LineString","coordinates":[[6.5658,52.5189],[6.5558,52.5148],[6.5452,52.5175],[6.5363,52.5246],[6.5248,52.5214],[6.5165,52.5131],[6.5036,52.5223]]}},{"type":"Feature","properties":{"r":6,"n":"Uttumer Tief"},"geometry":{"type":"LineString","coordinates":[[7.2027,53.451],[7.1925,53.451],[7.1809,53.4506],[7.1707,53.4503],[7.1609,53.4531],[7.1515,53.4579],[7.1447,53.4655]]}},{"type":"Feature","properties":{"r":6,"n":"Oude AE"},"geometry":{"type":"LineString","coordinates":[[6.5505,53.2652],[6.5551,53.2741],[6.5571,53.284],[6.5582,53.2941],[6.5593,53.3041],[6.5605,53.3141],[6.5642,53.3235]]}},{"type":"Feature","properties":{"r":4,"n":"Leda"},"geometry":{"type":"LineString","coordinates":[[7.5899,53.1922],[7.5794,53.1946],[7.572,53.2018],[7.5617,53.2018],[7.5509,53.204],[7.5416,53.209],[7.5307,53.2101]]}},{"type":"Feature","properties":{"r":4,"n":"Aschau"},"geometry":{"type":"LineString","coordinates":[[10.2234,52.7154],[10.2208,52.7052],[10.2261,52.6965],[10.2358,52.6923],[10.246,52.6905],[10.2479,52.6806],[10.2404,52.6738]]}},{"type":"Feature","properties":{"r":4,"n":"Bückeburger Aue"},"geometry":{"type":"LineString","coordinates":[[8.987,52.297],[8.9906,52.3064],[8.992,52.3169],[8.9912,52.3277],[8.9905,52.3379],[8.9922,52.3481],[8.9981,52.3565]]}},{"type":"Feature","properties":{"r":4,"n":"Hache"},"geometry":{"type":"LineString","coordinates":[[8.824,52.9134],[8.8205,52.923],[8.8199,52.9331],[8.8234,52.9426],[8.8272,52.9519],[8.8364,52.9572],[8.8447,52.9632]]}},{"type":"Feature","properties":{"r":4,"n":"Meiße"},"geometry":{"type":"LineString","coordinates":[[9.6582,52.7374],[9.6511,52.7446],[9.6413,52.7469],[9.6312,52.752],[9.6154,52.7553],[9.6034,52.7559],[9.5934,52.7569]]}},{"type":"Feature","properties":{"r":4,"n":"Jade"},"geometry":{"type":"LineString","coordinates":[[8.2334,53.3439],[8.2241,53.3505],[8.2162,53.3575],[8.2063,53.3595],[8.2033,53.3692],[8.1994,53.3807],[8.2068,53.3887]]}},{"type":"Feature","properties":{"r":6,"n":"Hemmelsbäker Kanal"},"geometry":{"type":"LineString","coordinates":[[8.3215,53.111],[8.3061,53.1134],[8.2957,53.115],[8.2851,53.1178],[8.2755,53.1233],[8.2648,53.1293],[8.2558,53.1347]]}},{"type":"Feature","properties":{"r":4,"n":"Stör"},"geometry":{"type":"LineString","coordinates":[[9.9268,54.0527],[9.9167,54.051],[9.9066,54.0496],[9.8965,54.0489],[9.8862,54.047],[9.8765,54.0435],[9.8658,54.0436]]}},{"type":"Feature","properties":{"r":4,"n":"Slinge"},"geometry":{"type":"LineString","coordinates":[[6.5211,52.0727],[6.5153,52.0814],[6.5059,52.0879],[6.4967,52.0988],[6.4911,52.1071],[6.494,52.1171],[6.4889,52.1262]]}},{"type":"Feature","properties":{"r":4,"n":"Broklandsau"},"geometry":{"type":"LineString","coordinates":[[9.1201,54.2435],[9.1147,54.2522],[9.1107,54.2618],[9.1041,54.2699],[9.1043,54.2801],[9.1064,54.2901],[9.1088,54.3002]]}},{"type":"Feature","properties":{"r":4,"n":"Ems"},"geometry":{"type":"LineString","coordinates":[[7.327,52.4165],[7.3381,52.419],[7.3365,52.4289],[7.3299,52.4373],[7.3271,52.4474],[7.3176,52.4515],[7.3243,52.4591]]}},{"type":"Feature","properties":{"r":4,"n":"Schmale Aue"},"geometry":{"type":"LineString","coordinates":[[10.0145,53.1465],[10.0232,53.1527],[10.0263,53.1624],[10.0297,53.1725],[10.031,53.1828],[10.0293,53.193],[10.0259,53.2028]]}},{"type":"Feature","properties":{"r":4,"n":"Mühlenbach"},"geometry":{"type":"LineString","coordinates":[[7.5096,52.1297],[7.518,52.1354],[7.5268,52.1402],[7.533,52.1482],[7.5422,52.1522],[7.5372,52.1614],[7.5285,52.1665]]}},{"type":"Feature","properties":{"r":4,"n":"Neetze"},"geometry":{"type":"LineString","coordinates":[[10.5471,53.3088],[10.5477,53.3188],[10.5377,53.3228],[10.5287,53.329],[10.5188,53.3309],[10.5084,53.3338],[10.4984,53.3348]]}},{"type":"Feature","properties":{"r":4,"n":"Böhme"},"geometry":{"type":"LineString","coordinates":[[9.7605,52.9022],[9.757,52.8925],[9.7488,52.8856],[9.7392,52.8821],[9.7293,52.8796],[9.7217,52.873],[9.7116,52.8727]]}},{"type":"Feature","properties":{"r":4,"n":"Weser"},"geometry":{"type":"LineString","coordinates":[[9.0799,52.9954],[9.0681,52.9955],[9.0561,52.9946],[9.0432,52.9947],[9.032,52.991],[9.0217,52.9884],[9.0099,52.9907]]}},{"type":"Feature","properties":{"r":4,"n":"Lecker Au"},"geometry":{"type":"LineString","coordinates":[[8.8956,54.7536],[8.8869,54.7452],[8.8782,54.7396],[8.8696,54.7339],[8.8552,54.7241],[8.8452,54.7173],[8.8356,54.7109]]}},{"type":"Feature","properties":{"r":4,"n":"Aller"},"geometry":{"type":"LineString","coordinates":[[10.1364,52.5884],[10.1266,52.5923],[10.1282,52.6024],[10.1227,52.6117],[10.1131,52.6146],[10.1047,52.6201],[10.0948,52.6249]]}},{"type":"Feature","properties":{"r":6,"n":"Zwolse Vaart"},"geometry":{"type":"LineString","coordinates":[[5.8621,52.7067],[5.8466,52.7074],[5.8223,52.7081],[5.8092,52.7085],[5.7956,52.7082],[5.781,52.7079],[5.7705,52.7078]]}},{"type":"Feature","properties":{"r":6,"n":"Dwingelerstroom"},"geometry":{"type":"LineString","coordinates":[[6.4281,52.8502],[6.4153,52.8492],[6.406,52.8451],[6.3958,52.8446],[6.3854,52.8435],[6.375,52.8414],[6.3649,52.8416]]}},{"type":"Feature","properties":{"r":6,"n":"Hauptfehnkanal"},"geometry":{"type":"LineString","coordinates":[[7.5865,53.1387],[7.5905,53.1481],[7.6002,53.1521],[7.5987,53.1643],[7.5945,53.1734],[7.5888,53.1821],[7.5899,53.1922]]}},{"type":"Feature","properties":{"r":4,"n":"Schipbeek"},"geometry":{"type":"LineString","coordinates":[[6.5832,52.1823],[6.5706,52.1818],[6.5594,52.1794],[6.5477,52.1788],[6.5359,52.1802],[6.5247,52.1839],[6.5145,52.1859]]}},{"type":"Feature","properties":{"r":6,"n":"Cornelisgracht"},"geometry":{"type":"LineString","coordinates":[[6.09,52.7228],[6.0778,52.7223],[6.0649,52.7218],[6.0512,52.7213],[6.0402,52.7207],[6.027,52.72],[6.017,52.7195]]}},{"type":"Feature","properties":{"r":6,"n":"Nije Feart"},"geometry":{"type":"LineString","coordinates":[[6.0583,53.0052],[6.0509,53.0189],[6.0437,53.0306],[6.0369,53.039],[5.9991,53.0491],[5.9753,53.0561],[5.9584,53.0537]]}},{"type":"Feature","properties":{"r":6,"n":"Noord-Willemskanaal"},"geometry":{"type":"LineString","coordinates":[[6.6029,53.1424],[6.5979,53.1553],[6.5916,53.1634],[6.5859,53.1737],[6.5767,53.1815],[6.5678,53.1863],[6.5621,53.195]]}},{"type":"Feature","properties":{"r":6,"n":"Wilhelminakanaal"},"geometry":{"type":"LineString","coordinates":[[5.6472,51.52],[5.6332,51.5172],[5.6193,51.5145],[5.6083,51.5139],[5.5981,51.5136],[5.5833,51.5133],[5.5722,51.5126]]}},{"type":"Feature","properties":{"r":4,"n":"Weser"},"geometry":{"type":"LineString","coordinates":[[8.9205,52.3145],[8.9258,52.3244],[8.9351,52.3327],[8.9433,52.3411],[8.954,52.3483],[8.9652,52.3553],[8.9766,52.3579]]}},{"type":"Feature","properties":{"r":6,"n":"De Luts"},"geometry":{"type":"LineString","coordinates":[[5.5402,52.873],[5.5494,52.8788],[5.5582,52.8841],[5.5673,52.8899],[5.5758,52.8956],[5.5857,52.9002],[5.5968,52.9042]]}},{"type":"Feature","properties":{"r":4,"n":"Schwülme"},"geometry":{"type":"LineString","coordinates":[[9.6744,51.5925],[9.673,51.6027],[9.6696,51.6122],[9.6616,51.6182],[9.6514,51.6194],[9.6408,51.6232],[9.6304,51.6239]]}},{"type":"Feature","properties":{"r":4,"n":"Reitdiep"},"geometry":{"type":"LineString","coordinates":[[6.424,53.3271],[6.4138,53.3275],[6.4054,53.3199],[6.3928,53.3197],[6.3797,53.3199],[6.3694,53.3214],[6.3608,53.3157]]}},{"type":"Feature","properties":{"r":4,"n":"Berkel"},"geometry":{"type":"LineString","coordinates":[[6.488,52.1312],[6.4822,52.14],[6.4727,52.1448],[6.4563,52.155],[6.4432,52.1539],[6.4328,52.1542],[6.4249,52.1616]]}},{"type":"Feature","properties":{"r":6,"n":"Kleasterfeart"},"geometry":{"type":"LineString","coordinates":[[5.5307,53.074],[5.541,53.0737],[5.5511,53.0732],[5.5609,53.0759],[5.5709,53.077],[5.581,53.0769],[5.5914,53.0764]]}},{"type":"Feature","properties":{"r":4,"n":"Eems / Ems"},"geometry":{"type":"LineString","coordinates":[[7.2515,53.3265],[7.2416,53.3287],[7.2305,53.3301],[7.2196,53.3307],[7.2082,53.3311],[7.1922,53.3321],[7.1815,53.3331]]}},{"type":"Feature","properties":{"r":4,"n":"Maas"},"geometry":{"type":"LineString","coordinates":[[5.6893,51.7901],[5.6776,51.7923],[5.6649,51.7937],[5.6554,51.7998],[5.6487,51.8084],[5.6409,51.8181],[5.6309,51.8196]]}},{"type":"Feature","properties":{"r":6,"n":"Beentjesgraven"},"geometry":{"type":"LineString","coordinates":[[6.3287,52.5936],[6.3196,52.5992],[6.3067,52.5976],[6.2939,52.5961],[6.2826,52.5983],[6.2725,52.5969],[6.2628,52.5941]]}},{"type":"Feature","properties":{"r":4,"n":"Ruhr"},"geometry":{"type":"LineString","coordinates":[[8.4885,51.3497],[8.4815,51.3582],[8.4708,51.36],[8.4605,51.3591],[8.4532,51.3663],[8.4431,51.3642],[8.433,51.366]]}},{"type":"Feature","properties":{"r":6,"n":"Käseburger Sieltief"},"geometry":{"type":"LineString","coordinates":[[8.3368,53.2643],[8.3486,53.2655],[8.359,53.2659],[8.369,53.2654],[8.378,53.2711],[8.3877,53.2754],[8.3992,53.2757]]}},{"type":"Feature","properties":{"r":6,"n":"De Peazens"},"geometry":{"type":"LineString","coordinates":[[6.035,53.3813],[6.0245,53.3791],[6.0149,53.3763],[6.0174,53.3663],[6.0214,53.3571],[6.0151,53.3467],[6.0048,53.3448]]}},{"type":"Feature","properties":{"r":4,"n":"Weser"},"geometry":{"type":"LineString","coordinates":[[9.6403,51.4733],[9.6291,51.4753],[9.618,51.4819],[9.6099,51.4907],[9.6047,51.4997],[9.5969,51.5087],[9.5862,51.5153]]}},{"type":"Feature","properties":{"r":4,"n":"Weser"},"geometry":{"type":"LineString","coordinates":[[9.6479,51.4215],[9.6394,51.4274],[9.6382,51.4392],[9.6428,51.4497],[9.6318,51.4528],[9.6379,51.4634],[9.6405,51.4731]]}},{"type":"Feature","properties":{"r":4,"n":"Weser"},"geometry":{"type":"LineString","coordinates":[[9.3959,51.6803],[9.3874,51.6868],[9.3983,51.6966],[9.4,51.7068],[9.3905,51.714],[9.3883,51.7239],[9.3939,51.7324]]}},{"type":"Feature","properties":{"r":4,"n":"Weser"},"geometry":{"type":"LineString","coordinates":[[9.3932,51.6353],[9.3834,51.6376],[9.3752,51.6445],[9.3768,51.6549],[9.3798,51.6662],[9.3886,51.6711],[9.3972,51.6772]]}},{"type":"Feature","properties":{"r":4,"n":"Weser"},"geometry":{"type":"LineString","coordinates":[[9.4713,51.6548],[9.4615,51.6514],[9.452,51.6447],[9.4374,51.6483],[9.4221,51.6451],[9.4113,51.6403],[9.4008,51.6357]]}},{"type":"Feature","properties":{"r":4,"n":"Weser"},"geometry":{"type":"LineString","coordinates":[[9.4278,51.8173],[9.4412,51.8257],[9.4367,51.8355],[9.4431,51.8461],[9.4546,51.851],[9.4614,51.8586],[9.4652,51.8693]]}},{"type":"Feature","properties":{"r":4,"n":"Weser"},"geometry":{"type":"LineString","coordinates":[[9.41,51.7721],[9.4159,51.7891],[9.4207,51.7983],[9.4156,51.8071],[9.4048,51.804],[9.4071,51.8146],[9.4225,51.8165]]}},{"type":"Feature","properties":{"r":4,"n":"Weser"},"geometry":{"type":"LineString","coordinates":[[8.8535,52.2336],[8.8626,52.24],[8.8749,52.2416],[8.8857,52.2374],[8.9007,52.24],[8.9145,52.2418],[8.9217,52.2492]]}},{"type":"Feature","properties":{"r":4,"n":"Weser"},"geometry":{"type":"LineString","coordinates":[[8.8604,52.1864],[8.8633,52.196],[8.8537,52.2079],[8.8435,52.2145],[8.8324,52.2179],[8.8371,52.227],[8.8448,52.2341]]}},{"type":"Feature","properties":{"r":4,"n":"Weser"},"geometry":{"type":"LineString","coordinates":[[9.3505,52.1034],[9.3421,52.1147],[9.3326,52.1201],[9.3219,52.1187],[9.3109,52.1203],[9.2982,52.1256],[9.2891,52.1315]]}},{"type":"Feature","properties":{"r":6,"n":"Hijumer Feart"},"geometry":{"type":"LineString","coordinates":[[5.7359,53.2943],[5.7465,53.2941],[5.757,53.294],[5.7671,53.2934],[5.7771,53.2899],[5.7866,53.2867],[5.7963,53.2838]]}},{"type":"Feature","properties":{"r":4,"n":"Schipbeek"},"geometry":{"type":"LineString","coordinates":[[6.6787,52.1371],[6.6686,52.1376],[6.6584,52.14],[6.6499,52.1466],[6.6397,52.1496],[6.6311,52.155],[6.6199,52.1578]]}},{"type":"Feature","properties":{"r":4,"n":"Elbe"},"geometry":{"type":"LineString","coordinates":[[13.0087,51.5671],[13.0081,51.5773],[13.0197,51.5829],[13.0292,51.5877],[13.0221,51.5964],[13.0104,51.5978],[13.0011,51.6021]]}},{"type":"Feature","properties":{"r":4,"n":"Elbe"},"geometry":{"type":"LineString","coordinates":[[13.1114,51.4977],[13.1013,51.4981],[13.0943,51.5069],[13.0847,51.5115],[13.074,51.5086],[13.0637,51.5091],[13.0621,51.5191]]}},{"type":"Feature","properties":{"r":4,"n":"Havel"},"geometry":{"type":"LineString","coordinates":[[12.1357,52.8137],[12.1239,52.8136],[12.1152,52.8188],[12.1045,52.8191],[12.0945,52.8225],[12.0844,52.8244],[12.0745,52.8228]]}},{"type":"Feature","properties":{"r":4,"n":"Havel"},"geometry":{"type":"LineString","coordinates":[[12.2089,52.7964],[12.1966,52.7963],[12.186,52.798],[12.1765,52.8015],[12.1642,52.8062],[12.1522,52.8073],[12.1405,52.8128]]}},{"type":"Feature","properties":{"r":6,"n":"Müritz-Elde-Wasserstraße"},"geometry":{"type":"LineString","coordinates":[[11.406,53.2127],[11.3998,53.2031],[11.391,53.1983],[11.3811,53.1952],[11.3704,53.1911],[11.3565,53.1904],[11.3465,53.1902]]}},{"type":"Feature","properties":{"r":4,"n":"Mulde"},"geometry":{"type":"LineString","coordinates":[[12.6482,51.4733],[12.6387,51.4773],[12.6339,51.4861],[12.6233,51.4866],[12.6133,51.4886],[12.6211,51.4954],[12.6195,51.5054]]}},{"type":"Feature","properties":{"r":4,"n":"Odra Wschodnia"},"geometry":{"type":"LineString","coordinates":[[14.6339,53.4312],[14.6417,53.4401],[14.6492,53.4486],[14.6579,53.4599],[14.6647,53.5051],[14.6626,53.5161],[14.6494,53.5233]]}},{"type":"Feature","properties":{"r":4,"n":"Schunter"},"geometry":{"type":"LineString","coordinates":[[10.8463,52.2808],[10.8379,52.2876],[10.8284,52.2961],[10.8188,52.3024],[10.8092,52.3054],[10.8089,52.3154],[10.8077,52.3258]]}},{"type":"Feature","properties":{"r":4,"n":"Kleines Fließ"},"geometry":{"type":"LineString","coordinates":[[14.1798,51.8538],[14.1705,51.8575],[14.1609,51.8622],[14.1507,51.8649],[14.1413,51.8684],[14.1316,51.8718],[14.1214,51.873]]}},{"type":"Feature","properties":{"r":4,"n":"Peene"},"geometry":{"type":"LineString","coordinates":[[13.615,53.8695],[13.625,53.8669],[13.6349,53.8636],[13.6455,53.8629],[13.6569,53.8591],[13.6684,53.8599],[13.6781,53.8566]]}},{"type":"Feature","properties":{"r":6,"n":"Mittellandkanal"},"geometry":{"type":"LineString","coordinates":[[10.9112,52.4793],[10.9013,52.4755],[10.8893,52.4669],[10.8773,52.4571],[10.8693,52.4506],[10.8613,52.4441],[10.8505,52.4367]]}},{"type":"Feature","properties":{"r":4,"n":"Oderberger Gewässer"},"geometry":{"type":"LineString","coordinates":[[14.0145,52.8597],[14.0024,52.8605],[13.9921,52.8611],[13.982,52.8608],[13.972,52.858],[13.9627,52.8536],[13.953,52.8499]]}},{"type":"Feature","properties":{"r":6,"n":"Müritz-Elde-Wasserstraße"},"geometry":{"type":"LineString","coordinates":[[12.0245,53.4596],[12.0214,53.4495],[12.0147,53.4402],[12.0226,53.4339],[12.0255,53.4242],[12.0226,53.4142],[12.0193,53.4042]]}},{"type":"Feature","properties":{"r":6,"n":"Mirower Kanal"},"geometry":{"type":"LineString","coordinates":[[12.7121,53.32],[12.72,53.3134],[12.7256,53.3037],[12.7357,53.2979],[12.7483,53.2955],[12.7581,53.2914],[12.769,53.2848]]}},{"type":"Feature","properties":{"r":4,"n":"Wipperau"},"geometry":{"type":"LineString","coordinates":[[10.6625,53.0149],[10.6508,53.0152],[10.6391,53.0148],[10.6324,53.0073],[10.6224,53.0059],[10.612,53.0036],[10.601,53.0023]]}},{"type":"Feature","properties":{"r":4,"n":"Trebelkanal"},"geometry":{"type":"LineString","coordinates":[[12.7467,54.0784],[12.7532,54.0704],[12.7517,54.0601],[12.7489,54.0497],[12.7555,54.0399],[12.7623,54.0301],[12.7721,54.0235]]}},{"type":"Feature","properties":{"r":4,"n":"Odra"},"geometry":{"type":"LineString","coordinates":[[14.6336,53.5266],[14.6302,53.5381],[14.6195,53.5472],[14.6059,53.5531],[14.5987,53.5634],[14.5959,53.577],[14.5956,53.5873]]}},{"type":"Feature","properties":{"r":4,"n":"Wipper"},"geometry":{"type":"LineString","coordinates":[[11.0315,51.3158],[11.0384,51.3081],[11.0477,51.3125],[11.0542,51.3045],[11.0615,51.2974],[11.0719,51.2964],[11.0651,51.2889]]}},{"type":"Feature","properties":{"r":4,"n":"Finow"},"geometry":{"type":"LineString","coordinates":[[13.6269,52.7764],[13.6306,52.7863],[13.6315,52.7972],[13.6402,52.8033],[13.6486,52.8088],[13.6585,52.8115],[13.6553,52.8211]]}},{"type":"Feature","properties":{"r":4,"n":"Nuthe"},"geometry":{"type":"LineString","coordinates":[[13.1907,52.2558],[13.1804,52.2622],[13.1718,52.2676],[13.162,52.2735],[13.1527,52.2818],[13.1467,52.29],[13.1422,52.3006]]}},{"type":"Feature","properties":{"r":4,"n":"Wriezener Alte Oder"},"geometry":{"type":"LineString","coordinates":[[14.1458,52.871],[14.1347,52.8684],[14.1242,52.8678],[14.1131,52.8691],[14.0984,52.8704],[14.0874,52.8692],[14.0767,52.8656]]}},{"type":"Feature","properties":{"r":4,"n":"Warme Bode"},"geometry":{"type":"LineString","coordinates":[[10.6368,51.7179],[10.6475,51.7184],[10.6576,51.7176],[10.6659,51.7113],[10.6693,51.7018],[10.6798,51.6981],[10.6902,51.6968]]}},{"type":"Feature","properties":{"r":4,"n":"Ryde Å"},"geometry":{"type":"LineString","coordinates":[[11.1939,54.8057],[11.1836,54.8045],[11.1737,54.8026],[11.1631,54.801],[11.1539,54.8082],[11.1502,54.8186],[11.1433,54.8266]]}},{"type":"Feature","properties":{"r":4,"n":"Ostpeene"},"geometry":{"type":"LineString","coordinates":[[12.7819,53.5759],[12.781,53.5873],[12.7844,53.597],[12.791,53.6047],[12.7842,53.6122],[12.774,53.6134],[12.7649,53.6177]]}},{"type":"Feature","properties":{"r":4,"n":"Pretschener Spree"},"geometry":{"type":"LineString","coordinates":[[13.8974,52.0471],[13.9073,52.0496],[13.917,52.0532],[13.9247,52.0597],[13.9327,52.0671],[13.9415,52.0722],[13.9514,52.0749]]}},{"type":"Feature","properties":{"r":6,"n":"Kanał Krzesiński"},"geometry":{"type":"LineString","coordinates":[[14.8416,52.0855],[14.8314,52.0861],[14.8183,52.0888],[14.8056,52.0885],[14.7899,52.0902],[14.7791,52.0924],[14.7686,52.0923]]}},{"type":"Feature","properties":{"r":4,"n":"Wustrower Dumme"},"geometry":{"type":"LineString","coordinates":[[10.9676,52.8902],[10.9712,52.8999],[10.9807,52.9034],[10.9903,52.9063],[10.9996,52.9108],[11.0099,52.9107],[11.02,52.9107]]}},{"type":"Feature","properties":{"r":4,"n":"Bode"},"geometry":{"type":"LineString","coordinates":[[11.47,51.9465],[11.4802,51.9454],[11.4884,51.9394],[11.5035,51.9361],[11.5146,51.9348],[11.5181,51.9251],[11.5194,51.9151]]}},{"type":"Feature","properties":{"r":4,"n":"Fuhne"},"geometry":{"type":"LineString","coordinates":[[11.7939,51.7155],[11.7979,51.7247],[11.8064,51.7302],[11.8065,51.7402],[11.7983,51.7461],[11.8023,51.7553],[11.7956,51.7635]]}},{"type":"Feature","properties":{"r":4,"n":"Bruchwetter"},"geometry":{"type":"LineString","coordinates":[[10.614,53.3328],[10.6035,53.3321],[10.5925,53.3316],[10.5821,53.3309],[10.5719,53.3315],[10.5617,53.3294],[10.5517,53.3307]]}},{"type":"Feature","properties":{"r":4,"n":"Stepenitz"},"geometry":{"type":"LineString","coordinates":[[10.9667,53.9071],[10.9514,53.9104],[10.9393,53.9161],[10.9242,53.9156],[10.9,53.9195],[10.8874,53.9278],[10.8704,53.9309]]}},{"type":"Feature","properties":{"r":4,"n":"Maurine"},"geometry":{"type":"LineString","coordinates":[[10.9359,53.8331],[10.9353,53.8431],[10.9394,53.8523],[10.9471,53.8589],[10.9566,53.8623],[10.9637,53.8695],[10.9707,53.8767]]}},{"type":"Feature","properties":{"r":4,"n":"Hoyerswerdaer Schwarzwasser"},"geometry":{"type":"LineString","coordinates":[[14.3138,51.2209],[14.3185,51.2298],[14.3294,51.233],[14.3388,51.2379],[14.343,51.2473],[14.3411,51.2572],[14.3409,51.2674]]}},{"type":"Feature","properties":{"r":4,"n":"Spree"},"geometry":{"type":"LineString","coordinates":[[14.3568,51.7717],[14.361,51.7817],[14.3659,51.7906],[14.3586,51.798],[14.3576,51.8087],[14.3532,51.8179],[14.3489,51.8295]]}},{"type":"Feature","properties":{"r":4,"n":"Mulde"},"geometry":{"type":"LineString","coordinates":[[12.2522,51.8338],[12.2622,51.8391],[12.255,51.8483],[12.2572,51.8586],[12.2484,51.864],[12.2458,51.8741],[12.2359,51.8714]]}},{"type":"Feature","properties":{"r":4,"n":"Stepenitz"},"geometry":{"type":"LineString","coordinates":[[12.2353,53.3143],[12.225,53.3122],[12.2148,53.3109],[12.2044,53.3114],[12.1925,53.3154],[12.1823,53.3167],[12.1723,53.3178]]}},{"type":"Feature","properties":{"r":6,"n":"Elbe-Seitenkanal"},"geometry":{"type":"LineString","coordinates":[[10.676,52.4986],[10.6677,52.5096],[10.661,52.5198],[10.6573,52.5291],[10.6579,52.5397],[10.6602,52.5514],[10.6638,52.5609]]}},{"type":"Feature","properties":{"r":4,"n":"Sude"},"geometry":{"type":"LineString","coordinates":[[11.2257,53.4507],[11.2325,53.4427],[11.2386,53.4324],[11.2452,53.4242],[11.2492,53.4142],[11.2497,53.4036],[11.2502,53.3935]]}},{"type":"Feature","properties":{"r":4,"n":"Temnitz"},"geometry":{"type":"LineString","coordinates":[[12.6232,52.9787],[12.6156,52.9722],[12.6208,52.9636],[12.631,52.9623],[12.6386,52.9548],[12.6491,52.9502],[12.6579,52.9454]]}},{"type":"Feature","properties":{"r":6,"n":"Torfschifffahrtskanal"},"geometry":{"type":"LineString","coordinates":[[12.1905,52.3717],[12.1799,52.3736],[12.1718,52.3795],[12.1695,52.3896],[12.1612,52.3965],[12.1512,52.3972],[12.144,52.4042]]}},{"type":"Feature","properties":{"r":4,"n":"Unstrut"},"geometry":{"type":"LineString","coordinates":[[11.6794,51.2263],[11.6902,51.227],[11.7001,51.2253],[11.7028,51.2155],[11.7128,51.2131],[11.723,51.2113],[11.7329,51.2092]]}},{"type":"Feature","properties":{"r":6,"n":"Teltowkanal"},"geometry":{"type":"LineString","coordinates":[[13.5203,52.4264],[13.51,52.4277],[13.4986,52.4327],[13.4879,52.438],[13.4784,52.4426],[13.467,52.4481],[13.4589,52.4561]]}},{"type":"Feature","properties":{"r":4,"n":"Unstrut"},"geometry":{"type":"LineString","coordinates":[[11.6324,51.2484],[11.6414,51.2427],[11.6518,51.2442],[11.6606,51.2492],[11.6697,51.2537],[11.6789,51.2492],[11.6809,51.2393]]}},{"type":"Feature","properties":{"r":6,"n":"Storkower Kanal"},"geometry":{"type":"LineString","coordinates":[[13.932,52.2584],[13.9215,52.2589],[13.9112,52.26],[13.9003,52.2577],[13.8902,52.2578],[13.8815,52.2631],[13.8714,52.2644]]}},{"type":"Feature","properties":{"r":6,"n":"Silokanal"},"geometry":{"type":"LineString","coordinates":[[12.5661,52.4237],[12.5543,52.4254],[12.543,52.4256],[12.5312,52.4239],[12.5138,52.4201],[12.5033,52.4179],[12.4933,52.4151]]}},{"type":"Feature","properties":{"r":4,"n":"Röderneugraben"},"geometry":{"type":"LineString","coordinates":[[13.6092,51.2878],[13.5993,51.2895],[13.589,51.2911],[13.5787,51.2914],[13.5659,51.2919],[13.5555,51.2914],[13.5442,51.2909]]}},{"type":"Feature","properties":{"r":6,"n":"Mittellandkanal"},"geometry":{"type":"LineString","coordinates":[[10.7602,52.4275],[10.7495,52.4263],[10.7393,52.426],[10.7223,52.4259],[10.7104,52.4258],[10.6877,52.4254],[10.6766,52.4246]]}},{"type":"Feature","properties":{"r":4,"n":"Ostpeene"},"geometry":{"type":"LineString","coordinates":[[12.8085,53.6629],[12.8046,53.6724],[12.7953,53.6773],[12.7913,53.6866],[12.7862,53.6953],[12.776,53.6974],[12.7706,53.7059]]}},{"type":"Feature","properties":{"r":4,"n":"Saale"},"geometry":{"type":"LineString","coordinates":[[12.0245,51.2448],[12.035,51.2454],[12.0373,51.2552],[12.0438,51.2628],[12.0536,51.2664],[12.0505,51.2768],[12.0571,51.285]]}},{"type":"Feature","properties":{"r":6,"n":"Flutgraben"},"geometry":{"type":"LineString","coordinates":[[11.182,51.3448],[11.197,51.3497],[11.209,51.3544],[11.2226,51.3609],[11.2346,51.3618],[11.2473,51.3614],[11.2576,51.3613]]}},{"type":"Feature","properties":{"r":6,"n":"Nausdorfer Kanal"},"geometry":{"type":"LineString","coordinates":[[11.5906,53.1419],[11.581,53.138],[11.5731,53.1317],[11.5637,53.127],[11.5534,53.1263],[11.547,53.1173],[11.5376,53.1131]]}},{"type":"Feature","properties":{"r":4,"n":"Schwarzer Schöps"},"geometry":{"type":"LineString","coordinates":[[14.6801,51.3486],[14.6767,51.3581],[14.67,51.3658],[14.6625,51.3728],[14.6533,51.3774],[14.6431,51.3795],[14.6329,51.3808]]}},{"type":"Feature","properties":{"r":4,"n":"Augraben"},"geometry":{"type":"LineString","coordinates":[[13.0136,53.75],[13.0183,53.7594],[13.0239,53.7677],[13.0315,53.7746],[13.0413,53.7768],[13.0491,53.7831],[13.0513,53.793]]}},{"type":"Feature","properties":{"r":4,"n":"Słubia"},"geometry":{"type":"LineString","coordinates":[[14.5347,52.8714],[14.523,52.8739],[14.512,52.8761],[14.5069,52.8851],[14.4956,52.8888],[14.4852,52.8919],[14.4754,52.8875]]}},{"type":"Feature","properties":{"r":4,"n":"Radegast"},"geometry":{"type":"LineString","coordinates":[[11.0826,53.7209],[11.0745,53.7269],[11.0675,53.7341],[11.0675,53.7441],[11.0622,53.7526],[11.0583,53.762],[11.0598,53.7719]]}},{"type":"Feature","properties":{"r":4,"n":"Thyra"},"geometry":{"type":"LineString","coordinates":[[10.9483,51.5125],[10.9508,51.5021],[10.9589,51.4956],[10.9689,51.4933],[10.9763,51.4864],[10.983,51.4785],[10.9881,51.4698]]}},{"type":"Feature","properties":{"r":4,"n":"Czerna Mała"},"geometry":{"type":"LineString","coordinates":[[15.1623,51.3294],[15.1625,51.3394],[15.1589,51.349],[15.1613,51.3589],[15.1652,51.3683],[15.1742,51.374],[15.1824,51.3814]]}},{"type":"Feature","properties":{"r":4,"n":"Rega"},"geometry":{"type":"LineString","coordinates":[[15.2492,53.9586],[15.2507,53.9685],[15.2611,53.9682],[15.2704,53.9725],[15.2792,53.9776],[15.2892,53.9795],[15.2896,53.9895]]}},{"type":"Feature","properties":{"r":6,"n":"Brenzer Kanal"},"geometry":{"type":"LineString","coordinates":[[11.6356,53.4294],[11.6271,53.4201],[11.6291,53.4084],[11.6355,53.3821],[11.6381,53.3697],[11.6283,53.3623],[11.6143,53.3543]]}},{"type":"Feature","properties":{"r":4,"n":"Czerna Wielka"},"geometry":{"type":"LineString","coordinates":[[15.3487,51.2115],[15.3621,51.2138],[15.3567,51.2224],[15.3538,51.232],[15.3549,51.2421],[15.3506,51.2512],[15.3425,51.2571]]}},{"type":"Feature","properties":{"r":4,"n":"Elde"},"geometry":{"type":"LineString","coordinates":[[12.4696,53.3157],[12.4748,53.3071],[12.4822,53.2999],[12.4908,53.2936],[12.5012,53.2925],[12.511,53.2904],[12.5205,53.2865]]}},{"type":"Feature","properties":{"r":6,"n":"Klinkener Bach"},"geometry":{"type":"LineString","coordinates":[[11.7001,53.5107],[11.6889,53.4997],[11.6821,53.4923],[11.6752,53.4846],[11.6643,53.4838],[11.6525,53.4881],[11.639,53.4832]]}},{"type":"Feature","properties":{"r":6,"n":"Saale-Leipzig-Kanal"},"geometry":{"type":"LineString","coordinates":[[12.227,51.3562],[12.2161,51.3582],[12.2042,51.3578],[12.1887,51.3542],[12.1775,51.3514],[12.1659,51.3486],[12.1557,51.3461]]}},{"type":"Feature","properties":{"r":6,"n":"Rossdorfer Altkanal"},"geometry":{"type":"LineString","coordinates":[[12.1801,52.4161],[12.1858,52.4245],[12.1962,52.4251],[12.2067,52.4222],[12.2169,52.4178],[12.2256,52.4118],[12.234,52.4047]]}},{"type":"Feature","properties":{"r":4,"n":"Spree"},"geometry":{"type":"LineString","coordinates":[[13.2737,52.5291],[13.2621,52.5284],[13.2516,52.5275],[13.2421,52.531],[13.2316,52.5343],[13.2215,52.5358],[13.2114,52.5365]]}},{"type":"Feature","properties":{"r":4,"n":"Rheinsberger Rhin"},"geometry":{"type":"LineString","coordinates":[[12.9059,53.0407],[12.9041,53.0305],[12.9055,53.0205],[12.907,53.0106],[12.9029,53.0013],[12.8984,52.9923],[12.889,52.9975]]}},{"type":"Feature","properties":{"r":4,"n":"Stuchowska Struga"},"geometry":{"type":"LineString","coordinates":[[14.9441,53.9622],[14.9343,53.9645],[14.9245,53.9667],[14.9151,53.971],[14.9096,53.9825],[14.9021,53.9902],[14.8919,53.9962]]}},{"type":"Feature","properties":{"r":4,"n":"Lehnertsgraben"},"geometry":{"type":"LineString","coordinates":[[11.2408,52.0229],[11.254,52.0208],[11.2644,52.0196],[11.2743,52.0176],[11.2843,52.015],[11.2952,52.0119],[11.3058,52.0079]]}},{"type":"Feature","properties":{"r":4,"n":"Flutgraben"},"geometry":{"type":"LineString","coordinates":[[11.3152,51.4007],[11.3185,51.3912],[11.3196,51.3809],[11.3256,51.3724],[11.3347,51.368],[11.3377,51.3572],[11.3346,51.347]]}},{"type":"Feature","properties":{"r":4,"n":"Quillow"},"geometry":{"type":"LineString","coordinates":[[13.7317,53.3408],[13.7436,53.3465],[13.7526,53.3525],[13.7616,53.3577],[13.7711,53.3621],[13.7812,53.3627],[13.7935,53.3626]]}},{"type":"Feature","properties":{"r":4,"n":"Płonia"},"geometry":{"type":"LineString","coordinates":[[15.1801,53.1158],[15.1698,53.1182],[15.1606,53.1228],[15.1489,53.1269],[15.1375,53.131],[15.1276,53.1337],[15.0462,53.1598]]}},{"type":"Feature","properties":{"r":4,"n":"Aller"},"geometry":{"type":"LineString","coordinates":[[10.6107,52.497],[10.601,52.4942],[10.5911,52.4958],[10.5835,52.4893],[10.5737,52.4917],[10.5633,52.4915],[10.5539,52.486]]}},{"type":"Feature","properties":{"r":4,"n":"Alte Elde"},"geometry":{"type":"LineString","coordinates":[[11.7602,53.4419],[11.7501,53.4439],[11.7401,53.4453],[11.7299,53.4471],[11.7189,53.4489],[11.7088,53.4506],[11.6989,53.4532]]}},{"type":"Feature","properties":{"r":6,"n":"Mittellandkanal"},"geometry":{"type":"LineString","coordinates":[[11.5285,52.2416],[11.5135,52.2453],[11.5034,52.249],[11.4943,52.2537],[11.4764,52.2594],[11.4647,52.2632],[11.4526,52.2671]]}},{"type":"Feature","properties":{"r":4,"n":"Kleine Elster"},"geometry":{"type":"LineString","coordinates":[[13.4933,51.5661],[13.484,51.562],[13.474,51.56],[13.4646,51.5552],[13.455,51.5515],[13.4475,51.5447],[13.4381,51.5412]]}},{"type":"Feature","properties":{"r":4,"n":"Czerna Wielka"},"geometry":{"type":"LineString","coordinates":[[15.2876,51.3744],[15.2885,51.3851],[15.2905,51.3949],[15.2978,51.402],[15.297,51.412],[15.2885,51.4174],[15.2817,51.4248]]}},{"type":"Feature","properties":{"r":4,"n":"Postomia"},"geometry":{"type":"LineString","coordinates":[[15.0643,52.5262],[15.0581,52.5343],[15.0577,52.5443],[15.0515,52.5523],[15.0427,52.5573],[15.0345,52.5633],[15.0244,52.5646]]}},{"type":"Feature","properties":{"r":4,"n":"Słubia"},"geometry":{"type":"LineString","coordinates":[[14.4561,52.8806],[14.4454,52.8814],[14.4351,52.8832],[14.4255,52.8788],[14.4171,52.8729],[14.3985,52.8635],[14.3885,52.8609]]}},{"type":"Feature","properties":{"r":4,"n":"Rurzyca"},"geometry":{"type":"LineString","coordinates":[[14.4843,52.9989],[14.4744,53.0009],[14.4633,53.001],[14.4535,53.0031],[14.4446,52.9984],[14.4389,52.9894],[14.4413,52.9795]]}},{"type":"Feature","properties":{"r":4,"n":"Czerna Wielka"},"geometry":{"type":"LineString","coordinates":[[15.3398,51.259],[15.3307,51.2636],[15.3217,51.2681],[15.3132,51.274],[15.3035,51.2775],[15.2959,51.2841],[15.2891,51.2915]]}},{"type":"Feature","properties":{"r":4,"n":"Großer Landgraben"},"geometry":{"type":"LineString","coordinates":[[13.3912,53.7622],[13.3811,53.7633],[13.3728,53.7691],[13.3637,53.7741],[13.356,53.7812],[13.3461,53.7843],[13.336,53.7863]]}},{"type":"Feature","properties":{"r":6,"n":"Kanał Czerwony"},"geometry":{"type":"LineString","coordinates":[[14.7223,52.5453],[14.7097,52.5477],[14.6978,52.5523],[14.6873,52.5561],[14.6741,52.5609],[14.6612,52.5654],[14.6516,52.57]]}},{"type":"Feature","properties":{"r":4,"n":"Barthe"},"geometry":{"type":"LineString","coordinates":[[12.8231,54.2522],[12.8127,54.2525],[12.8024,54.2501],[12.792,54.2512],[12.7823,54.2537],[12.7731,54.258],[12.7639,54.2628]]}},{"type":"Feature","properties":{"r":6,"n":"Kremmener Rhin"},"geometry":{"type":"LineString","coordinates":[[12.9439,52.8008],[12.9587,52.7993],[12.9715,52.8001],[12.984,52.7973],[12.994,52.7901],[13.0055,52.7853],[13.016,52.78]]}},{"type":"Feature","properties":{"r":4,"n":"Barthe"},"geometry":{"type":"LineString","coordinates":[[12.99,54.2706],[12.9822,54.2642],[12.9725,54.2606],[12.9605,54.2603],[12.9503,54.2628],[12.9393,54.2624],[12.9283,54.2604]]}},{"type":"Feature","properties":{"r":4,"n":"Lausitzer Neiße / Nysa Łużycka"},"geometry":{"type":"LineString","coordinates":[[14.9722,51.4433],[14.9646,51.4508],[14.9571,51.4577],[14.9531,51.4676],[14.9431,51.4722],[14.9322,51.4733],[14.9245,51.4807]]}},{"type":"Feature","properties":{"r":4,"n":"Lińska Struga"},"geometry":{"type":"LineString","coordinates":[[14.9977,52.1082],[15.0083,52.105],[15.0177,52.1011],[15.028,52.1007],[15.039,52.1016],[15.048,52.0958],[15.0581,52.0945]]}},{"type":"Feature","properties":{"r":4,"n":"Sude"},"geometry":{"type":"LineString","coordinates":[[11.2461,53.5365],[11.2567,53.5366],[11.2668,53.5341],[11.2768,53.5309],[11.2863,53.5266],[11.2903,53.5171],[11.2867,53.507]]}},{"type":"Feature","properties":{"r":4,"n":"Helme"},"geometry":{"type":"LineString","coordinates":[[10.759,51.4868],[10.7691,51.4852],[10.7775,51.4794],[10.7878,51.478],[10.7987,51.4754],[10.8074,51.4703],[10.8147,51.4633]]}},{"type":"Feature","properties":{"r":4,"n":"Westliche Jäglitz"},"geometry":{"type":"LineString","coordinates":[[12.3288,52.9905],[12.3412,52.9916],[12.3509,52.9948],[12.3628,52.9887],[12.3764,52.9842],[12.3873,52.9801],[12.3966,52.9743]]}},{"type":"Feature","properties":{"r":4,"n":"Elbe"},"geometry":{"type":"LineString","coordinates":[[13.0621,51.5191],[13.0625,51.5297],[13.0517,51.5342],[13.0415,51.538],[13.0344,51.5464],[13.0228,51.5498],[13.0125,51.5555]]}},{"type":"Feature","properties":{"r":4,"n":"Tymnica"},"geometry":{"type":"LineString","coordinates":[[14.9152,51.6653],[14.9135,51.6753],[14.9091,51.6845],[14.9001,51.6893],[14.8912,51.6945],[14.8849,51.7024],[14.8761,51.708]]}},{"type":"Feature","properties":{"r":6,"n":"Isar-Sempt-Kanal"},"geometry":{"type":"LineString","coordinates":[[12.0582,48.5058],[12.0688,48.5054],[12.0774,48.5106],[12.0895,48.5133],[12.0998,48.5151],[12.111,48.5206]]}},{"type":"Feature","properties":{"r":4,"n":"Regnitz"},"geometry":{"type":"LineString","coordinates":[[10.9866,49.4868],[10.9803,49.4946],[10.9764,49.504],[10.9728,49.5137],[10.9691,49.5232],[10.9725,49.5343]]}},{"type":"Feature","properties":{"r":4,"n":"Berounka"},"geometry":{"type":"LineString","coordinates":[[14.2183,49.9209],[14.2273,49.916],[14.2384,49.9186],[14.2489,49.9187],[14.2598,49.9196],[14.2693,49.9231]]}},{"type":"Feature","properties":{"r":4,"n":"Almbach"},"geometry":{"type":"LineString","coordinates":[[13.1342,47.7138],[13.1268,47.707],[13.1176,47.7019],[13.1088,47.697],[13.1036,47.6881],[13.0933,47.6857]]}},{"type":"Feature","properties":{"r":4,"n":"Salzach"},"geometry":{"type":"LineString","coordinates":[[12.8687,47.9704],[12.8647,47.9837],[12.86,47.9969],[12.8575,48.0071],[12.8496,48.0168],[12.8396,48.0244]]}},{"type":"Feature","properties":{"r":4,"n":"Müglitz"},"geometry":{"type":"LineString","coordinates":[[13.8147,50.7861],[13.8114,50.7958],[13.8049,50.8034],[13.7962,50.8091],[13.7877,50.8151],[13.7782,50.8197]]}},{"type":"Feature","properties":{"r":6,"n":"Main-Donau-Kanal"},"geometry":{"type":"LineString","coordinates":[[10.9699,49.5563],[10.9708,49.5704],[10.9715,49.5857],[10.972,49.5969],[10.9725,49.6081],[10.9765,49.6188]]}},{"type":"Feature","properties":{"r":4,"n":"Amper"},"geometry":{"type":"LineString","coordinates":[[11.4881,48.2957],[11.4975,48.2993],[11.5069,48.3037],[11.5169,48.306],[11.5271,48.3047],[11.5371,48.308]]}},{"type":"Feature","properties":{"r":4,"n":"Salzach"},"geometry":{"type":"LineString","coordinates":[[12.9763,47.2934],[12.9863,47.2955],[12.9951,47.3006],[13.0052,47.3047],[13.017,47.3064],[13.028,47.3071]]}},{"type":"Feature","properties":{"r":4,"n":"Salzach"},"geometry":{"type":"LineString","coordinates":[[12.6123,47.2806],[12.6226,47.2792],[12.6341,47.2816],[12.6445,47.2807],[12.6544,47.2853],[12.6644,47.2819]]}},{"type":"Feature","properties":{"r":4,"n":"Altmühl"},"geometry":{"type":"LineString","coordinates":[[10.6498,49.1705],[10.6596,49.174],[10.669,49.1699],[10.679,49.1688],[10.6889,49.1668],[10.6981,49.1626]]}},{"type":"Feature","properties":{"r":4,"n":"Schwarzer Regen"},"geometry":{"type":"LineString","coordinates":[[13.227,49.013],[13.2168,49.0094],[13.2068,49.0119],[13.1977,49.0073],[13.1879,49.0053],[13.1827,48.9965]]}},{"type":"Feature","properties":{"r":4,"n":"Fehlbach"},"geometry":{"type":"LineString","coordinates":[[11.9061,48.3029],[11.9091,48.3135],[11.9138,48.3229],[11.9144,48.3336],[11.9122,48.3435],[11.9039,48.3491]]}},{"type":"Feature","properties":{"r":4,"n":"Isen"},"geometry":{"type":"LineString","coordinates":[[12.2387,48.2771],[12.2483,48.2799],[12.2584,48.2814],[12.2683,48.2829],[12.2781,48.2805],[12.2877,48.2747]]}},{"type":"Feature","properties":{"r":4,"n":"Mindel"},"geometry":{"type":"LineString","coordinates":[[10.5021,47.9854],[10.5046,47.9952],[10.4997,48.004],[10.4917,48.0116],[10.4928,48.0217],[10.4897,48.0314]]}},{"type":"Feature","properties":{"r":4,"n":"Reiche Ebrach"},"geometry":{"type":"LineString","coordinates":[[10.8375,49.7793],[10.8475,49.779],[10.8564,49.7836],[10.8664,49.7822],[10.8761,49.785],[10.8839,49.7913]]}},{"type":"Feature","properties":{"r":4,"n":"Zwickauer Mulde"},"geometry":{"type":"LineString","coordinates":[[12.6925,50.6194],[12.6823,50.6196],[12.688,50.628],[12.6787,50.6321],[12.6689,50.6371],[12.6651,50.6465]]}},{"type":"Feature","properties":{"r":4,"n":"Sebnitz"},"geometry":{"type":"LineString","coordinates":[[14.2871,50.9774],[14.2778,50.9721],[14.2697,50.9658],[14.2595,50.9673],[14.2484,50.9693],[14.238,50.9683]]}},{"type":"Feature","properties":{"r":4,"n":"Lech"},"geometry":{"type":"LineString","coordinates":[[10.8612,47.7718],[10.8611,47.7823],[10.8706,47.7863],[10.8834,47.7858],[10.8871,47.7951],[10.8994,47.7978]]}},{"type":"Feature","properties":{"r":4,"n":"Vils"},"geometry":{"type":"LineString","coordinates":[[10.6148,47.5556],[10.6251,47.5545],[10.635,47.5513],[10.6452,47.5505],[10.6551,47.5542],[10.6651,47.5553]]}},{"type":"Feature","properties":{"r":4,"n":"Traun"},"geometry":{"type":"LineString","coordinates":[[13.6269,47.7148],[13.6375,47.719],[13.6467,47.7241],[13.6562,47.7278],[13.6591,47.7375],[13.6684,47.7427]]}},{"type":"Feature","properties":{"r":4,"n":"Oberteisendorfer Ache"},"geometry":{"type":"LineString","coordinates":[[12.7515,47.8236],[12.7575,47.8318],[12.7676,47.8331],[12.7774,47.8352],[12.7857,47.8411],[12.7842,47.851]]}},{"type":"Feature","properties":{"r":4,"n":"Chemnitz"},"geometry":{"type":"LineString","coordinates":[[12.9238,50.7898],[12.9137,50.7904],[12.9091,50.7995],[12.9036,50.8084],[12.9061,50.8181],[12.9161,50.8206]]}},{"type":"Feature","properties":{"r":4,"n":"Mattig"},"geometry":{"type":"LineString","coordinates":[[13.0663,47.8904],[13.0724,47.8986],[13.0744,47.9086],[13.075,47.9186],[13.0774,47.9284],[13.0772,47.9384]]}},{"type":"Feature","properties":{"r":4,"n":"Große Mühl"},"geometry":{"type":"LineString","coordinates":[[13.9,48.6745],[13.9096,48.6712],[13.9194,48.6691],[13.9281,48.6638],[13.9378,48.6582],[13.947,48.6537]]}},{"type":"Feature","properties":{"r":4,"n":"Loisach"},"geometry":{"type":"LineString","coordinates":[[10.988,47.4823],[10.9979,47.4807],[11.0088,47.4814],[11.0192,47.4818],[11.0292,47.4832],[11.0393,47.4839]]}},{"type":"Feature","properties":{"r":4,"n":"Aschacharm"},"geometry":{"type":"LineString","coordinates":[[14.0286,48.3241],[14.0354,48.3158],[14.0458,48.316],[14.056,48.3168],[14.0633,48.3095],[14.0713,48.3033]]}},{"type":"Feature","properties":{"r":4,"n":"Innbach"},"geometry":{"type":"LineString","coordinates":[[14.1002,48.3052],[14.1109,48.3063],[14.1216,48.3075],[14.1322,48.3097],[14.1425,48.3109],[14.1525,48.3095]]}},{"type":"Feature","properties":{"r":4,"n":"Bibert"},"geometry":{"type":"LineString","coordinates":[[10.757,49.3912],[10.767,49.3901],[10.7769,49.3921],[10.7859,49.3968],[10.7946,49.4018],[10.804,49.4059]]}},{"type":"Feature","properties":{"r":4,"n":"Aisch"},"geometry":{"type":"LineString","coordinates":[[10.7318,49.6702],[10.7407,49.6749],[10.7497,49.6808],[10.7594,49.6835],[10.7694,49.6874],[10.7777,49.6937]]}},{"type":"Feature","properties":{"r":4,"n":"Egau"},"geometry":{"type":"LineString","coordinates":[[10.4578,48.6048],[10.4666,48.5999],[10.4757,48.5947],[10.4856,48.5926],[10.4962,48.594],[10.5062,48.5925]]}},{"type":"Feature","properties":{"r":4,"n":"Amper"},"geometry":{"type":"LineString","coordinates":[[11.1288,48.0783],[11.1348,48.0863],[11.138,48.0958],[11.1393,48.1064],[11.1474,48.1153],[11.1547,48.1225]]}},{"type":"Feature","properties":{"r":4,"n":"Pegnitz"},"geometry":{"type":"LineString","coordinates":[[11.5749,49.6633],[11.5649,49.6618],[11.5681,49.6521],[11.5708,49.6423],[11.5618,49.6377],[11.5524,49.6339]]}},{"type":"Feature","properties":{"r":4,"n":"Große Laber"},"geometry":{"type":"LineString","coordinates":[[12.1243,48.8298],[12.1327,48.8353],[12.1436,48.8359],[12.1537,48.8363],[12.1637,48.8349],[12.1741,48.8364]]}},{"type":"Feature","properties":{"r":4,"n":"Außere Laudach"},"geometry":{"type":"LineString","coordinates":[[13.8799,47.9388],[13.8831,47.9486],[13.889,47.957],[13.8967,47.9634],[13.9019,47.9721],[13.9048,47.9819]]}},{"type":"Feature","properties":{"r":4,"n":"Creußen"},"geometry":{"type":"LineString","coordinates":[[11.9113,49.7191],[11.9211,49.7145],[11.9298,49.7095],[11.9405,49.7083],[11.9503,49.7063],[11.958,49.6992]]}},{"type":"Feature","properties":{"r":4,"n":"Lainsitz"},"geometry":{"type":"LineString","coordinates":[[14.9025,48.7413],[14.912,48.7445],[14.9219,48.7461],[14.9321,48.7465],[14.9422,48.7511],[14.9518,48.7543]]}},{"type":"Feature","properties":{"r":4,"n":"Dürre Ager"},"geometry":{"type":"LineString","coordinates":[[13.4582,47.9124],[13.4633,47.9212],[13.4712,47.9278],[13.4786,47.9349],[13.4885,47.9396],[13.498,47.9459]]}},{"type":"Feature","properties":{"r":4,"n":"Felber Bach"},"geometry":{"type":"LineString","coordinates":[[12.4912,47.227],[12.4909,47.237],[12.4869,47.2463],[12.4835,47.2563],[12.4834,47.2664],[12.4862,47.2761]]}},{"type":"Feature","properties":{"r":4,"n":"Kitzbüheler Ache"},"geometry":{"type":"LineString","coordinates":[[12.388,47.4589],[12.3839,47.4681],[12.384,47.4783],[12.3824,47.4883],[12.3892,47.4958],[12.3947,47.5042]]}},{"type":"Feature","properties":{"r":4,"n":"Taugl"},"geometry":{"type":"LineString","coordinates":[[13.2206,47.6559],[13.2106,47.6568],[13.2008,47.6589],[13.1914,47.6637],[13.1811,47.6651],[13.1711,47.666]]}},{"type":"Feature","properties":{"r":4,"n":"Enns"},"geometry":{"type":"LineString","coordinates":[[14.7583,47.6282],[14.7589,47.6385],[14.7551,47.6482],[14.7461,47.6549],[14.7371,47.6595],[14.7296,47.6668]]}},{"type":"Feature","properties":{"r":4,"n":"Kleine Laber"},"geometry":{"type":"LineString","coordinates":[[12.4626,48.8783],[12.4709,48.884],[12.4782,48.8916],[12.4831,48.9004],[12.4912,48.9063],[12.5008,48.9091]]}},{"type":"Feature","properties":{"r":4,"n":"Schwabach"},"geometry":{"type":"LineString","coordinates":[[11.2298,49.6085],[11.2305,49.5985],[11.2202,49.5975],[11.2098,49.5956],[11.2002,49.5919],[11.1906,49.5884]]}},{"type":"Feature","properties":{"r":6,"n":"Abfanggraben"},"geometry":{"type":"LineString","coordinates":[[11.7241,48.1826],[11.735,48.1863],[11.7453,48.1896],[11.7555,48.1938],[11.7665,48.1974],[11.7673,48.2102]]}},{"type":"Feature","properties":{"r":4,"n":"Vils"},"geometry":{"type":"LineString","coordinates":[[11.7989,49.5203],[11.8092,49.5195],[11.8121,49.5096],[11.8195,49.5022],[11.8225,49.4926],[11.8263,49.4831]]}},{"type":"Feature","properties":{"r":4,"n":"Wyhra"},"geometry":{"type":"LineString","coordinates":[[12.5717,50.9924],[12.5645,50.9994],[12.5707,51.0073],[12.5759,51.016],[12.5833,51.0229],[12.5851,51.0329]]}},{"type":"Feature","properties":{"r":4,"n":"Altmühl"},"geometry":{"type":"LineString","coordinates":[[10.7005,49.1578],[10.7064,49.1497],[10.7162,49.1472],[10.7265,49.1448],[10.7347,49.1386],[10.7387,49.1293]]}},{"type":"Feature","properties":{"r":4,"n":"Deutsche Thaya"},"geometry":{"type":"LineString","coordinates":[[15.3924,48.9136],[15.3841,48.908],[15.3938,48.9055],[15.3966,48.8959],[15.4066,48.8952],[15.4094,48.8856]]}},{"type":"Feature","properties":{"r":4,"n":"Deutsche Thaya"},"geometry":{"type":"LineString","coordinates":[[15.2881,48.8048],[15.2902,48.8147],[15.2901,48.8247],[15.2986,48.83],[15.2992,48.84],[15.3016,48.8498]]}},{"type":"Feature","properties":{"r":4,"n":"Ruetz"},"geometry":{"type":"LineString","coordinates":[[11.3605,47.1584],[11.3683,47.1648],[11.3754,47.1721],[11.383,47.1788],[11.3912,47.1847],[11.3913,47.1947]]}},{"type":"Feature","properties":{"r":6,"n":"Main-Donau-Kanal"},"geometry":{"type":"LineString","coordinates":[[11.4365,49.1519],[11.4426,49.1431],[11.4399,49.1312],[11.4374,49.1202],[11.4372,49.1092],[11.4378,49.0989]]}},{"type":"Feature","properties":{"r":6,"n":"Main-Donau-Kanal"},"geometry":{"type":"LineString","coordinates":[[11.0831,49.3336],[11.0783,49.3424],[11.0704,49.3488],[11.0629,49.3566],[11.0599,49.3669],[11.0637,49.3832]]}},{"type":"Feature","properties":{"r":6,"n":"Main-Donau-Kanal"},"geometry":{"type":"LineString","coordinates":[[10.9562,49.8385],[10.9476,49.8455],[10.9394,49.852],[10.928,49.8607],[10.9189,49.8675],[10.9112,49.8749]]}},{"type":"Feature","properties":{"r":4,"n":"Schwabach"},"geometry":{"type":"LineString","coordinates":[[11.1091,49.5902],[11.0996,49.5934],[11.0896,49.5917],[11.0798,49.5947],[11.07,49.5912],[11.0613,49.5964]]}},{"type":"Feature","properties":{"r":4,"n":"Wolfsteiner Ohe"},"geometry":{"type":"LineString","coordinates":[[13.4665,48.7927],[13.4605,48.7846],[13.4645,48.7754],[13.4662,48.7655],[13.4707,48.7565],[13.4715,48.7462]]}},{"type":"Feature","properties":{"r":4,"n":"Laimbach"},"geometry":{"type":"LineString","coordinates":[[10.4806,49.64],[10.4889,49.6344],[10.4976,49.6293],[10.5065,49.6244],[10.5167,49.6233],[10.5269,49.6227]]}},{"type":"Feature","properties":{"r":4,"n":"Amper"},"geometry":{"type":"LineString","coordinates":[[11.8627,48.4591],[11.8733,48.4633],[11.8833,48.4608],[11.8932,48.4585],[11.9032,48.4559],[11.913,48.4584]]}},{"type":"Feature","properties":{"r":4,"n":"Götzinger Achen"},"geometry":{"type":"LineString","coordinates":[[12.8321,47.9395],[12.8407,47.9447],[12.8367,47.9542],[12.8299,47.9617],[12.8243,47.97],[12.8185,47.9783]]}},{"type":"Feature","properties":{"r":4,"n":"Schwarza"},"geometry":{"type":"LineString","coordinates":[[10.5339,50.6199],[10.5262,50.6133],[10.5223,50.6038],[10.5221,50.5938],[10.5178,50.5847],[10.5097,50.5785]]}},{"type":"Feature","properties":{"r":4,"n":"Krems"},"geometry":{"type":"LineString","coordinates":[[14.1745,48.0714],[14.1843,48.0742],[14.193,48.08],[14.1951,48.0898],[14.193,48.1],[14.1983,48.1087]]}},{"type":"Feature","properties":{"r":4,"n":"Enns"},"geometry":{"type":"LineString","coordinates":[[14.341,47.5752],[14.3517,47.577],[14.3608,47.5821],[14.3707,47.5788],[14.3812,47.5829],[14.3916,47.5837]]}},{"type":"Feature","properties":{"r":4,"n":"Schleifermoosach"},"geometry":{"type":"LineString","coordinates":[[11.7469,48.3967],[11.7558,48.4021],[11.7654,48.4058],[11.7757,48.4063],[11.7859,48.405],[11.7976,48.405]]}},{"type":"Feature","properties":{"r":4,"n":"Spree"},"geometry":{"type":"LineString","coordinates":[[14.4117,51.1282],[14.4046,51.1353],[14.397,51.142],[14.3878,51.1463],[14.3873,51.1564],[14.3953,51.1632]]}},{"type":"Feature","properties":{"r":4,"n":"Sittenbach"},"geometry":{"type":"LineString","coordinates":[[11.4263,49.5525],[11.4309,49.5434],[11.4305,49.5331],[11.4242,49.5252],[11.4186,49.5169],[11.4122,49.5091]]}},{"type":"Feature","properties":{"r":4,"n":"Schlierach"},"geometry":{"type":"LineString","coordinates":[[11.8255,47.7642],[11.8253,47.7744],[11.8284,47.7843],[11.8291,47.7943],[11.8244,47.8038],[11.8271,47.8136]]}},{"type":"Feature","properties":{"r":4,"n":"Halbammer"},"geometry":{"type":"LineString","coordinates":[[10.9632,47.6218],[10.9669,47.6312],[10.966,47.6412],[10.9736,47.6479],[10.9835,47.65],[10.9911,47.6566]]}},{"type":"Feature","properties":{"r":4,"n":"Salzach"},"geometry":{"type":"LineString","coordinates":[[12.8639,48.1947],[12.8718,48.2019],[12.8875,48.2033],[12.9032,48.2042],[12.9148,48.2062],[12.9304,48.2067]]}},{"type":"Feature","properties":{"r":4,"n":"Enns"},"geometry":{"type":"LineString","coordinates":[[14.3532,47.941],[14.3581,47.9498],[14.3563,47.9598],[14.3578,47.9719],[14.3556,47.9825],[14.3652,47.9854]]}},{"type":"Feature","properties":{"r":4,"n":"Enns"},"geometry":{"type":"LineString","coordinates":[[14.4154,48.026],[14.4182,48.036],[14.4269,48.0434],[14.4372,48.0463],[14.4274,48.0529],[14.4337,48.0626]]}},{"type":"Feature","properties":{"r":4,"n":"Schwemmbach"},"geometry":{"type":"LineString","coordinates":[[13.1619,48.0973],[13.1575,48.1066],[13.1547,48.1169],[13.1484,48.1253],[13.1421,48.1342],[13.1354,48.1417]]}},{"type":"Feature","properties":{"r":4,"n":"Aurach"},"geometry":{"type":"LineString","coordinates":[[13.7191,47.9132],[13.7281,47.9178],[13.7375,47.9217],[13.7477,47.9234],[13.7533,47.9317],[13.7505,47.9423]]}},{"type":"Feature","properties":{"r":4,"n":"Steinbach"},"geometry":{"type":"LineString","coordinates":[[12.1936,47.7499],[12.1837,47.7473],[12.1748,47.7423],[12.1648,47.7413],[12.1538,47.7438],[12.1434,47.7432]]}},{"type":"Feature","properties":{"r":4,"n":"Steyr"},"geometry":{"type":"LineString","coordinates":[[14.2224,47.8757],[14.2324,47.8796],[14.2414,47.8852],[14.2423,47.8958],[14.2377,47.9053],[14.2436,47.9142]]}},{"type":"Feature","properties":{"r":4,"n":"Inn"},"geometry":{"type":"LineString","coordinates":[[13.2537,48.2931],[13.2657,48.2968],[13.2772,48.3014],[13.288,48.3058],[13.2996,48.3105],[13.3111,48.3151]]}},{"type":"Feature","properties":{"r":4,"n":"Schwemmbach"},"geometry":{"type":"LineString","coordinates":[[13.3187,48.0271],[13.3092,48.0236],[13.2988,48.0227],[13.2889,48.0194],[13.276,48.0181],[13.2658,48.016]]}},{"type":"Feature","properties":{"r":4,"n":"Loisach"},"geometry":{"type":"LineString","coordinates":[[11.1894,47.5992],[11.1956,47.6075],[11.1984,47.6177],[11.2053,47.6253],[11.2103,47.634],[11.2105,47.6453]]}},{"type":"Feature","properties":{"r":4,"n":"Pöls"},"geometry":{"type":"LineString","coordinates":[[14.5685,47.2267],[14.5756,47.2196],[14.5859,47.2203],[14.5957,47.2179],[14.6057,47.2172],[14.615,47.2133]]}},{"type":"Feature","properties":{"r":4,"n":"Radbuza"},"geometry":{"type":"LineString","coordinates":[[12.8669,49.5365],[12.8769,49.5349],[12.8872,49.5354],[12.8958,49.5299],[12.9059,49.5295],[12.9154,49.5262]]}},{"type":"Feature","properties":{"r":4,"n":"Mandava"},"geometry":{"type":"LineString","coordinates":[[14.607,50.9213],[14.6165,50.9178],[14.6198,50.9083],[14.6298,50.9056],[14.6401,50.9087],[14.6503,50.9066]]}},{"type":"Feature","properties":{"r":4,"n":"Paar"},"geometry":{"type":"LineString","coordinates":[[11.1917,48.5376],[11.2009,48.5416],[11.2114,48.5438],[11.2224,48.5462],[11.2324,48.5463],[11.2417,48.5506]]}},{"type":"Feature","properties":{"r":4,"n":"Vltava"},"geometry":{"type":"LineString","coordinates":[[14.3739,48.8976],[14.3841,48.8977],[14.3949,48.8965],[14.4058,48.8979],[14.4165,48.8988],[14.4163,48.9089]]}},{"type":"Feature","properties":{"r":4,"n":"Labe"},"geometry":{"type":"LineString","coordinates":[[14.0367,50.5574],[14.0362,50.5674],[14.0379,50.5779],[14.0313,50.5864],[14.0406,50.5942],[14.0549,50.5956]]}},{"type":"Feature","properties":{"r":4,"n":"Zusam"},"geometry":{"type":"LineString","coordinates":[[10.6333,48.5109],[10.6392,48.5194],[10.6458,48.5273],[10.6564,48.5322],[10.6647,48.5385],[10.6731,48.545]]}},{"type":"Feature","properties":{"r":4,"n":"Vils"},"geometry":{"type":"LineString","coordinates":[[12.4084,48.4897],[12.4174,48.4941],[12.4261,48.4991],[12.4339,48.5054],[12.4423,48.5114],[12.4523,48.5122]]}},{"type":"Feature","properties":{"r":4,"n":"Strogen"},"geometry":{"type":"LineString","coordinates":[[11.9649,48.3101],[11.9689,48.3193],[11.9773,48.3248],[11.9872,48.3263],[11.992,48.3352],[11.9915,48.3452]]}},{"type":"Feature","properties":{"r":4,"n":"Zwickauer Mulde"},"geometry":{"type":"LineString","coordinates":[[12.6244,50.515],[12.6354,50.5156],[12.6423,50.5241],[12.6504,50.5303],[12.6562,50.5386],[12.6645,50.5448]]}},{"type":"Feature","properties":{"r":4,"n":"Ilz"},"geometry":{"type":"LineString","coordinates":[[13.4459,48.6077],[13.4544,48.6011],[13.4527,48.5911],[13.4608,48.5979],[13.4631,48.5865],[13.4736,48.5825]]}},{"type":"Feature","properties":{"r":4,"n":"Windauer Ache"},"geometry":{"type":"LineString","coordinates":[[12.2228,47.3522],[12.2195,47.3617],[12.2227,47.3712],[12.2214,47.3813],[12.2151,47.3894],[12.2133,47.3993]]}},{"type":"Feature","properties":{"r":4,"n":"Große Striegis"},"geometry":{"type":"LineString","coordinates":[[13.2562,50.8947],[13.2485,50.9019],[13.2407,50.9083],[13.2422,50.9182],[13.2322,50.921],[13.2229,50.9256]]}},{"type":"Feature","properties":{"r":4,"n":"Krems"},"geometry":{"type":"LineString","coordinates":[[14.2008,48.1135],[14.2103,48.117],[14.2212,48.1221],[14.227,48.1308],[14.2312,48.1405],[14.231,48.1506]]}},{"type":"Feature","properties":{"r":4,"n":"Alm"},"geometry":{"type":"LineString","coordinates":[[13.921,48.0393],[13.9195,48.0495],[13.92,48.0597],[13.9154,48.0689],[13.9105,48.0777],[13.9169,48.0875]]}},{"type":"Feature","properties":{"r":4,"n":"Lužnice"},"geometry":{"type":"LineString","coordinates":[[14.7033,49.1899],[14.7088,49.1984],[14.7139,49.2072],[14.7066,49.2144],[14.7091,49.2244],[14.7164,49.232]]}},{"type":"Feature","properties":{"r":4,"n":"Salzach"},"geometry":{"type":"LineString","coordinates":[[13.075,47.7711],[13.0762,47.7819],[13.0689,47.7901],[13.0599,47.7951],[13.0447,47.801],[13.0368,47.8076]]}},{"type":"Feature","properties":{"r":4,"n":"Itz"},"geometry":{"type":"LineString","coordinates":[[11.0022,50.3928],[11.0107,50.3871],[11.0111,50.3769],[11.0074,50.367],[11.0171,50.3616],[11.0251,50.3531]]}},{"type":"Feature","properties":{"r":4,"n":"Erzbach"},"geometry":{"type":"LineString","coordinates":[[14.8174,47.5845],[14.8075,47.5877],[14.7974,47.5886],[14.7873,47.5853],[14.7772,47.5853],[14.7665,47.5877]]}},{"type":"Feature","properties":{"r":4,"n":"Isar"},"geometry":{"type":"LineString","coordinates":[[11.4328,47.5583],[11.4431,47.5599],[11.4532,47.5598],[11.463,47.5625],[11.4731,47.5619],[11.4834,47.5619]]}},{"type":"Feature","properties":{"r":4,"n":"Sulzbach"},"geometry":{"type":"LineString","coordinates":[[13.0028,48.5625],[13.0103,48.5693],[13.0188,48.5746],[13.0273,48.5801],[13.0343,48.5876],[13.0376,48.5971]]}},{"type":"Feature","properties":{"r":4,"n":"Saale"},"geometry":{"type":"LineString","coordinates":[[11.882,50.2024],[11.8918,50.1999],[11.9021,50.2005],[11.9074,50.2091],[11.9174,50.2121],[11.9267,50.2158]]}},{"type":"Feature","properties":{"r":4,"n":"Fichtelnaab"},"geometry":{"type":"LineString","coordinates":[[12.0977,49.8248],[12.1078,49.8227],[12.1178,49.8242],[12.1271,49.8203],[12.137,49.8187],[12.1472,49.8166]]}},{"type":"Feature","properties":{"r":4,"n":"Pusterwaldbach"},"geometry":{"type":"LineString","coordinates":[[14.3326,47.342],[14.3404,47.3352],[14.3484,47.3288],[14.3555,47.3216],[14.3646,47.317],[14.373,47.3111]]}},{"type":"Feature","properties":{"r":4,"n":"Orla"},"geometry":{"type":"LineString","coordinates":[[11.7606,50.7396],[11.7501,50.7387],[11.7401,50.7394],[11.7294,50.7346],[11.721,50.7286],[11.7111,50.7269]]}},{"type":"Feature","properties":{"r":4,"n":"Weiße Elster"},"geometry":{"type":"LineString","coordinates":[[12.133,50.7585],[12.1243,50.7641],[12.1138,50.7658],[12.1024,50.7685],[12.1037,50.7799],[12.0989,50.7911]]}},{"type":"Feature","properties":{"r":4,"n":"Loisach"},"geometry":{"type":"LineString","coordinates":[[11.4012,47.7762],[11.4032,47.786],[11.4093,47.7941],[11.4066,47.8039],[11.4107,47.8133],[11.4185,47.8202]]}},{"type":"Feature","properties":{"r":4,"n":"Loisach"},"geometry":{"type":"LineString","coordinates":[[11.4159,47.8288],[11.4123,47.8411],[11.4024,47.8483],[11.413,47.8533],[11.4193,47.8612],[11.412,47.8681]]}},{"type":"Feature","properties":{"r":4,"n":"Saalach"},"geometry":{"type":"LineString","coordinates":[[12.8301,47.6797],[12.8378,47.6869],[12.8451,47.6938],[12.85,47.704],[12.8623,47.7103],[12.8718,47.7148]]}},{"type":"Feature","properties":{"r":4,"n":"Inn"},"geometry":{"type":"LineString","coordinates":[[11.1884,47.2836],[11.1989,47.2805],[11.2097,47.2792],[11.2197,47.2761],[11.2304,47.2734],[11.2373,47.2655]]}},{"type":"Feature","properties":{"r":4,"n":"Loisach"},"geometry":{"type":"LineString","coordinates":[[11.0882,47.4996],[11.0924,47.5092],[11.1026,47.5127],[11.1119,47.5171],[11.1177,47.5254],[11.1202,47.5353]]}},{"type":"Feature","properties":{"r":4,"n":"Brandenberger Ache"},"geometry":{"type":"LineString","coordinates":[[11.8811,47.5773],[11.8845,47.5678],[11.8895,47.5591],[11.8971,47.5523],[11.9069,47.5502],[11.9145,47.5434]]}},{"type":"Feature","properties":{"r":4,"n":"Straneggbach"},"geometry":{"type":"LineString","coordinates":[[14.017,47.7551],[14.0106,47.7629],[14.003,47.7694],[13.9929,47.7699],[13.9827,47.7724],[13.973,47.7762]]}},{"type":"Feature","properties":{"r":4,"n":"Triebenbach"},"geometry":{"type":"LineString","coordinates":[[14.509,47.4471],[14.4997,47.4509],[14.4909,47.456],[14.4856,47.4645],[14.4854,47.4748],[14.4833,47.4846]]}},{"type":"Feature","properties":{"r":4,"n":"Inn"},"geometry":{"type":"LineString","coordinates":[[10.8763,47.2592],[10.8871,47.26],[10.8976,47.2642],[10.9076,47.2657],[10.9179,47.2682],[10.9272,47.2726]]}},{"type":"Feature","properties":{"r":4,"n":"Saale"},"geometry":{"type":"LineString","coordinates":[[11.7297,51.1485],[11.7396,51.1503],[11.7494,51.1481],[11.7599,51.1492],[11.7682,51.1549],[11.7787,51.157]]}},{"type":"Feature","properties":{"r":4,"n":"Enns"},"geometry":{"type":"LineString","coordinates":[[14.5798,47.5807],[14.5908,47.5824],[14.6014,47.58],[14.6103,47.5851],[14.6203,47.5868],[14.6306,47.591]]}},{"type":"Feature","properties":{"r":4,"n":"Hörsel"},"geometry":{"type":"LineString","coordinates":[[10.632,50.9031],[10.6256,50.9109],[10.6158,50.908],[10.6057,50.9087],[10.5987,50.9159],[10.5896,50.9211]]}},{"type":"Feature","properties":{"r":4,"n":"Elbe"},"geometry":{"type":"LineString","coordinates":[[13.9167,50.9631],[13.9042,50.9611],[13.8937,50.9631],[13.884,50.9699],[13.8845,50.9804],[13.8805,50.9912]]}},{"type":"Feature","properties":{"r":4,"n":"Krumme Steyrling"},"geometry":{"type":"LineString","coordinates":[[14.2995,47.8917],[14.2893,47.8939],[14.2791,47.8938],[14.2686,47.8943],[14.2581,47.8934],[14.2473,47.8957]]}},{"type":"Feature","properties":{"r":4,"n":"Weiße Elster"},"geometry":{"type":"LineString","coordinates":[[12.1666,50.5925],[12.1604,50.601],[12.1693,50.6064],[12.1671,50.6164],[12.1754,50.623],[12.1836,50.629]]}},{"type":"Feature","properties":{"r":4,"n":"Vöckla"},"geometry":{"type":"LineString","coordinates":[[13.3617,47.8999],[13.3531,47.9059],[13.3446,47.9112],[13.3479,47.9207],[13.3518,47.9301],[13.3582,47.9378]]}},{"type":"Feature","properties":{"r":4,"n":"Labe"},"geometry":{"type":"LineString","coordinates":[[15.1179,50.1408],[15.1084,50.1457],[15.1062,50.1557],[15.097,50.1605],[15.0884,50.1663],[15.0785,50.1689]]}},{"type":"Feature","properties":{"r":4,"n":"Enns"},"geometry":{"type":"LineString","coordinates":[[14.727,47.6707],[14.7168,47.6673],[14.7081,47.6754],[14.7004,47.6826],[14.6925,47.6906],[14.6826,47.6962]]}},{"type":"Feature","properties":{"r":4,"n":"Mur"},"geometry":{"type":"LineString","coordinates":[[15.3073,47.3743],[15.3177,47.3724],[15.3277,47.3698],[15.3378,47.366],[15.3396,47.355],[15.3484,47.3496]]}},{"type":"Feature","properties":{"r":4,"n":"Erlauf"},"geometry":{"type":"LineString","coordinates":[[15.1404,48.1295],[15.1503,48.132],[15.1567,48.1403],[15.1675,48.1438],[15.1711,48.1533],[15.1734,48.1633]]}},{"type":"Feature","properties":{"r":4,"n":"Saale"},"geometry":{"type":"LineString","coordinates":[[11.5094,50.7534],[11.5121,50.7635],[11.52,50.7698],[11.5297,50.7745],[11.5402,50.7744],[11.5507,50.7736]]}},{"type":"Feature","properties":{"r":4,"n":"Altmühl"},"geometry":{"type":"LineString","coordinates":[[10.9304,48.9447],[10.932,48.9348],[10.9427,48.9351],[10.9523,48.9389],[10.9579,48.93],[10.9683,48.9334]]}},{"type":"Feature","properties":{"r":4,"n":"Altmühl"},"geometry":{"type":"LineString","coordinates":[[10.9977,48.892],[11.0081,48.8934],[11.0168,48.8883],[11.0268,48.8869],[11.0339,48.8798],[11.0235,48.8764]]}},{"type":"Feature","properties":{"r":4,"n":"Inn"},"geometry":{"type":"LineString","coordinates":[[12.2221,48.0896],[12.2345,48.092],[12.2388,48.1018],[12.2461,48.1102],[12.2578,48.1112],[12.2672,48.1077]]}},{"type":"Feature","properties":{"r":6,"n":"Elsterfloßgraben"},"geometry":{"type":"LineString","coordinates":[[12.0242,51.0149],[12.0351,51.0183],[12.0444,51.022],[12.0535,51.0272],[12.0639,51.0275],[12.0735,51.0318]]}},{"type":"Feature","properties":{"r":4,"n":"Wilde Weißeritz"},"geometry":{"type":"LineString","coordinates":[[13.5382,50.9078],[13.5424,50.9169],[13.5477,50.9254],[13.5571,50.9216],[13.5669,50.9237],[13.5721,50.9323]]}},{"type":"Feature","properties":{"r":4,"n":"Steinbach"},"geometry":{"type":"LineString","coordinates":[[11.4556,47.7119],[11.4458,47.7141],[11.4359,47.7164],[11.4272,47.7215],[11.4196,47.728],[11.4199,47.738]]}},{"type":"Feature","properties":{"r":4,"n":"Fränkische Rezat"},"geometry":{"type":"LineString","coordinates":[[10.5776,49.3028],[10.5891,49.2986],[10.5985,49.2943],[10.6074,49.2882],[10.6166,49.2842],[10.627,49.2821]]}},{"type":"Feature","properties":{"r":6,"n":"Blatenský příkop"},"geometry":{"type":"LineString","coordinates":[[12.902,50.4128],[12.8913,50.4138],[12.8812,50.4131],[12.8711,50.4097],[12.8612,50.4113],[12.8512,50.41]]}},{"type":"Feature","properties":{"r":4,"n":"Donau"},"geometry":{"type":"LineString","coordinates":[[14.6935,48.1695],[14.7102,48.1725],[14.7239,48.1747],[14.7365,48.1744],[14.7513,48.1754],[14.7616,48.1776]]}},{"type":"Feature","properties":{"r":4,"n":"Donau"},"geometry":{"type":"LineString","coordinates":[[14.4326,48.2503],[14.4428,48.2451],[14.4526,48.2364],[14.4646,48.2358],[14.4757,48.2379],[14.4863,48.2418]]}},{"type":"Feature","properties":{"r":4,"n":"Lech"},"geometry":{"type":"LineString","coordinates":[[10.75,47.6542],[10.76,47.6537],[10.7796,47.6599],[10.7825,47.6701],[10.7936,47.6777],[10.7983,47.6869]]}},{"type":"Feature","properties":{"r":4,"n":"Vltava"},"geometry":{"type":"LineString","coordinates":[[14.4594,49.0616],[14.4566,49.0719],[14.4594,49.0816],[14.4693,49.0855],[14.4636,49.0941],[14.464,49.1048]]}},{"type":"Feature","properties":{"r":6,"n":"Mittlere-Isar-Kanal"},"geometry":{"type":"LineString","coordinates":[[11.8576,48.3053],[11.8638,48.3154],[11.8697,48.3241],[11.8751,48.3335],[11.8806,48.3434],[11.8843,48.3558]]}},{"type":"Feature","properties":{"r":4,"n":"Kwisa"},"geometry":{"type":"LineString","coordinates":[[15.2735,51.027],[15.2638,51.0244],[15.2596,51.0335],[15.2601,51.0435],[15.2681,51.0502],[15.2776,51.0535]]}},{"type":"Feature","properties":{"r":4,"n":"Würm"},"geometry":{"type":"LineString","coordinates":[[11.4563,48.2303],[11.458,48.241],[11.4598,48.251],[11.4656,48.2592],[11.4647,48.2771],[11.4732,48.2835]]}},{"type":"Feature","properties":{"r":4,"n":"Lech"},"geometry":{"type":"LineString","coordinates":[[10.8974,48.6925],[10.8984,48.7042],[10.9013,48.7167],[10.9134,48.7259],[10.9232,48.7292],[10.9348,48.7344]]}},{"type":"Feature","properties":{"r":4,"n":"Kollbach"},"geometry":{"type":"LineString","coordinates":[[12.7474,48.5306],[12.7574,48.5343],[12.7674,48.5369],[12.7773,48.5405],[12.7868,48.544],[12.7953,48.5496]]}},{"type":"Feature","properties":{"r":4,"n":"Oichten"},"geometry":{"type":"LineString","coordinates":[[12.9886,47.943],[12.9784,47.9421],[12.9684,47.941],[12.9597,47.9358],[12.9502,47.9318],[12.9405,47.9364]]}},{"type":"Feature","properties":{"r":4,"n":"Braunaubach"},"geometry":{"type":"LineString","coordinates":[[15.0562,48.8132],[15.0626,48.8051],[15.0664,48.7958],[15.06,48.788],[15.0541,48.7799],[15.0441,48.7793]]}},{"type":"Feature","properties":{"r":4,"n":"Masse"},"geometry":{"type":"LineString","coordinates":[[10.9607,50.5397],[10.9706,50.5359],[10.9806,50.5364],[10.9908,50.5364],[11.0005,50.5389],[11.01,50.5354]]}},{"type":"Feature","properties":{"r":4,"n":"Oelze"},"geometry":{"type":"LineString","coordinates":[[10.9761,50.566],[10.9851,50.5615],[10.9946,50.5576],[11.0049,50.5585],[11.0135,50.5531],[11.0223,50.5481]]}},{"type":"Feature","properties":{"r":4,"n":"Biela"},"geometry":{"type":"LineString","coordinates":[[14.0408,50.861],[14.0454,50.87],[14.0476,50.8798],[14.0499,50.8896],[14.0578,50.8961],[14.0547,50.9057]]}},{"type":"Feature","properties":{"r":4,"n":"Lichtenau"},"geometry":{"type":"LineString","coordinates":[[10.5903,50.6363],[10.5812,50.6313],[10.5715,50.6282],[10.5616,50.6262],[10.5514,50.6238],[10.5423,50.6191]]}},{"type":"Feature","properties":{"r":4,"n":"Teisnach"},"geometry":{"type":"LineString","coordinates":[[12.9902,48.988],[12.9886,48.9983],[12.9961,49.0058],[12.9936,49.0161],[12.9918,49.0261],[12.9963,49.0352]]}},{"type":"Feature","properties":{"r":4,"n":"Kwisa"},"geometry":{"type":"LineString","coordinates":[[15.3879,51.0318],[15.3812,51.0241],[15.3716,51.0184],[15.3596,51.018],[15.3494,51.018],[15.3386,51.019]]}},{"type":"Feature","properties":{"r":4,"n":"Paar"},"geometry":{"type":"LineString","coordinates":[[11.1236,48.4558],[11.1292,48.4642],[11.1321,48.4739],[11.1389,48.4814],[11.1456,48.4891],[11.1527,48.4965]]}},{"type":"Feature","properties":{"r":4,"n":"Tiroler Achen"},"geometry":{"type":"LineString","coordinates":[[12.4988,47.8119],[12.5054,47.8195],[12.5083,47.8294],[12.5086,47.8419],[12.5029,47.852],[12.4973,47.8609]]}},{"type":"Feature","properties":{"r":4,"n":"Ybbs"},"geometry":{"type":"LineString","coordinates":[[15.0302,47.86],[15.0215,47.8548],[15.0162,47.8461],[15.0157,47.8361],[15.0063,47.8317],[14.9976,47.8262]]}},{"type":"Feature","properties":{"r":4,"n":"Thumersbach"},"geometry":{"type":"LineString","coordinates":[[12.865,47.3345],[12.8549,47.3348],[12.8444,47.334],[12.8343,47.3317],[12.8239,47.3299],[12.8137,47.3296]]}},{"type":"Feature","properties":{"r":4,"n":"Pfreimd"},"geometry":{"type":"LineString","coordinates":[[12.266,49.554],[12.2589,49.5467],[12.2648,49.5381],[12.2669,49.528],[12.2774,49.5293],[12.2798,49.5191]]}},{"type":"Feature","properties":{"r":4,"n":"Dorfen"},"geometry":{"type":"LineString","coordinates":[[11.8646,48.4088],[11.8739,48.4132],[11.8838,48.4165],[11.8937,48.4213],[11.9024,48.4272],[11.9121,48.4303]]}},{"type":"Feature","properties":{"r":4,"n":"Würschnitz"},"geometry":{"type":"LineString","coordinates":[[12.7215,50.6931],[12.73,50.6994],[12.7362,50.7075],[12.7431,50.7155],[12.7516,50.7209],[12.7614,50.7249]]}},{"type":"Feature","properties":{"r":4,"n":"Ilz"},"geometry":{"type":"LineString","coordinates":[[13.4542,48.7182],[13.4524,48.7082],[13.4535,48.6976],[13.4512,48.6878],[13.442,48.6834],[13.4362,48.675]]}},{"type":"Feature","properties":{"r":4,"n":"Kleine Weisach"},"geometry":{"type":"LineString","coordinates":[[10.6649,49.692],[10.6749,49.6911],[10.6849,49.6916],[10.6944,49.695],[10.7035,49.6996],[10.7127,49.7036]]}},{"type":"Feature","properties":{"r":4,"n":"Zwönitz"},"geometry":{"type":"LineString","coordinates":[[12.8293,50.6535],[12.8355,50.6618],[12.8412,50.6703],[12.8435,50.6801],[12.8455,50.6899],[12.8484,50.6996]]}},{"type":"Feature","properties":{"r":4,"n":"Große Vils"},"geometry":{"type":"LineString","coordinates":[[12.3208,48.4094],[12.3291,48.4157],[12.3375,48.4212],[12.3431,48.4298],[12.3499,48.4375],[12.3552,48.4462]]}},{"type":"Feature","properties":{"r":4,"n":"Steinach"},"geometry":{"type":"LineString","coordinates":[[11.1993,50.2374],[11.2047,50.2286],[11.2118,50.2215],[11.2211,50.2158],[11.2124,50.2098],[11.2083,50.2006]]}},{"type":"Feature","properties":{"r":4,"n":"Freiberger Mulde"},"geometry":{"type":"LineString","coordinates":[[12.988,51.1529],[12.9766,51.1531],[12.9679,51.1581],[12.9571,51.1585],[12.9461,51.1612],[12.9343,51.1628]]}},{"type":"Feature","properties":{"r":4,"n":"Ebrach"},"geometry":{"type":"LineString","coordinates":[[12.0747,48.094],[12.0839,48.09],[12.0927,48.0957],[12.1021,48.0914],[12.111,48.0861],[12.1202,48.0819]]}},{"type":"Feature","properties":{"r":4,"n":"Salza"},"geometry":{"type":"LineString","coordinates":[[15.0742,47.6596],[15.0639,47.6598],[15.0533,47.6586],[15.0432,47.6588],[15.0344,47.6639],[15.0253,47.6687]]}},{"type":"Feature","properties":{"r":4,"n":"Grünaubach"},"geometry":{"type":"LineString","coordinates":[[14.0055,47.854],[13.9958,47.8571],[13.9856,47.8588],[13.9754,47.8587],[13.9649,47.8595],[13.9554,47.8559]]}},{"type":"Feature","properties":{"r":4,"n":"Labe"},"geometry":{"type":"LineString","coordinates":[[14.5271,50.2618],[14.5255,50.2725],[14.5239,50.2826],[14.5143,50.2887],[14.5024,50.2901],[14.4902,50.2932]]}},{"type":"Feature","properties":{"r":4,"n":"Chamb"},"geometry":{"type":"LineString","coordinates":[[12.8588,49.3192],[12.8564,49.3093],[12.8477,49.3038],[12.8373,49.3021],[12.8306,49.2944],[12.8289,49.2845]]}},{"type":"Feature","properties":{"r":4,"n":"Steyr"},"geometry":{"type":"LineString","coordinates":[[14.2481,47.9226],[14.2477,47.9331],[14.2531,47.9422],[14.2563,47.9517],[14.2586,47.9616],[14.2644,47.9698]]}},{"type":"Feature","properties":{"r":4,"n":"Donau"},"geometry":{"type":"LineString","coordinates":[[13.9187,48.4492],[13.9196,48.4385],[13.9259,48.43],[13.9259,48.4194],[13.9323,48.411],[13.9394,48.4039]]}},{"type":"Feature","properties":{"r":4,"n":"Donau"},"geometry":{"type":"LineString","coordinates":[[13.7271,48.513],[13.7356,48.5059],[13.7429,48.4948],[13.7518,48.4872],[13.7654,48.4803],[13.7747,48.4737]]}},{"type":"Feature","properties":{"r":4,"n":"Rauhe Ebrach"},"geometry":{"type":"LineString","coordinates":[[10.7777,49.8272],[10.7873,49.824],[10.7971,49.8219],[10.807,49.8201],[10.817,49.8196],[10.8268,49.8218]]}},{"type":"Feature","properties":{"r":4,"n":"Wisenta"},"geometry":{"type":"LineString","coordinates":[[11.9212,50.4781],[11.9238,50.4878],[11.9168,50.4951],[11.9178,50.5051],[11.9182,50.5152],[11.9161,50.525]]}},{"type":"Feature","properties":{"r":4,"n":"Traun"},"geometry":{"type":"LineString","coordinates":[[13.6142,47.6721],[13.6194,47.6815],[13.6179,47.6923],[13.6122,47.7006],[13.618,47.7089],[13.6281,47.7106]]}},{"type":"Feature","properties":{"r":4,"n":"Weiße Elster"},"geometry":{"type":"LineString","coordinates":[[12.0984,50.7912],[12.0894,50.7959],[12.0886,50.8059],[12.0789,50.8092],[12.0834,50.8199],[12.0803,50.8296]]}},{"type":"Feature","properties":{"r":4,"n":"Ohra"},"geometry":{"type":"LineString","coordinates":[[10.7255,50.7681],[10.7239,50.7783],[10.7259,50.7882],[10.7319,50.7965],[10.731,50.8065],[10.7351,50.8159]]}},{"type":"Feature","properties":{"r":4,"n":"Vlkava"},"geometry":{"type":"LineString","coordinates":[[14.9528,50.2025],[14.9625,50.1991],[14.9569,50.1908],[14.9478,50.1854],[14.9408,50.1782],[14.9314,50.1732]]}},{"type":"Feature","properties":{"r":4,"n":"Mangfall"},"geometry":{"type":"LineString","coordinates":[[11.8373,47.8904],[11.8475,47.8917],[11.8578,47.892],[11.8682,47.891],[11.8775,47.8868],[11.8871,47.8826]]}},{"type":"Feature","properties":{"r":4,"n":"Saale"},"geometry":{"type":"LineString","coordinates":[[11.4621,50.7411],[11.4731,50.74],[11.4825,50.744],[11.4918,50.7394],[11.5018,50.7413],[11.5042,50.7513]]}},{"type":"Feature","properties":{"r":4,"n":"Vltava"},"geometry":{"type":"LineString","coordinates":[[14.4419,49.8211],[14.4429,49.8312],[14.453,49.8325],[14.4453,49.8394],[14.4361,49.8473],[14.4251,49.8452]]}},{"type":"Feature","properties":{"r":4,"n":"Vltava"},"geometry":{"type":"LineString","coordinates":[[14.3156,50.2799],[14.3254,50.2824],[14.326,50.2945],[14.3258,50.306],[14.3339,50.3128],[14.3459,50.3162]]}},{"type":"Feature","properties":{"r":4,"n":"Traun"},"geometry":{"type":"LineString","coordinates":[[13.7331,47.7775],[13.7381,47.7867],[13.7469,47.7931],[13.7568,47.7968],[13.7639,47.8043],[13.7721,47.8106]]}},{"type":"Feature","properties":{"r":4,"n":"Kleine Laber"},"geometry":{"type":"LineString","coordinates":[[12.3185,48.8074],[12.3277,48.8115],[12.3379,48.8125],[12.3472,48.8169],[12.3569,48.8194],[12.366,48.8239]]}},{"type":"Feature","properties":{"r":4,"n":"Erlauf"},"geometry":{"type":"LineString","coordinates":[[15.1734,48.1633],[15.1732,48.1735],[15.1774,48.1827],[15.1835,48.1913],[15.186,48.2015],[15.1938,48.2094]]}},{"type":"Feature","properties":{"r":4,"n":"Blanice"},"geometry":{"type":"LineString","coordinates":[[13.9422,49.0215],[13.9482,49.03],[13.9562,49.0364],[13.9656,49.032],[13.9757,49.0325],[13.9871,49.0354]]}},{"type":"Feature","properties":{"r":4,"n":"Paar"},"geometry":{"type":"LineString","coordinates":[[11.4543,48.6409],[11.4627,48.6464],[11.4699,48.6534],[11.4667,48.6631],[11.475,48.6692],[11.4701,48.6783]]}},{"type":"Feature","properties":{"r":4,"n":"Radbuza"},"geometry":{"type":"LineString","coordinates":[[12.6815,49.5216],[12.6776,49.5321],[12.6733,49.5413],[12.6676,49.5496],[12.6638,49.5595],[12.662,49.5712]]}},{"type":"Feature","properties":{"r":4,"n":"Saale"},"geometry":{"type":"LineString","coordinates":[[11.8401,50.3725],[11.8295,50.3734],[11.837,50.3809],[11.8339,50.3911],[11.8233,50.3898],[11.8274,50.3994]]}},{"type":"Feature","properties":{"r":4,"n":"Wesenitz"},"geometry":{"type":"LineString","coordinates":[[14.3261,51.0943],[14.3162,51.0962],[14.3067,51.0996],[14.2968,51.098],[14.2868,51.0967],[14.2761,51.0969]]}},{"type":"Feature","properties":{"r":4,"n":"Otava"},"geometry":{"type":"LineString","coordinates":[[14.1455,49.3077],[14.1439,49.3179],[14.1541,49.3181],[14.1555,49.3304],[14.1558,49.3411],[14.1469,49.3463]]}},{"type":"Feature","properties":{"r":4,"n":"Altmühl"},"geometry":{"type":"LineString","coordinates":[[11.05,48.884],[11.0593,48.8803],[11.0679,48.8744],[11.0785,48.8745],[11.0882,48.8716],[11.096,48.8646]]}},{"type":"Feature","properties":{"r":4,"n":"Úhlava"},"geometry":{"type":"LineString","coordinates":[[13.1444,49.261],[13.1497,49.2696],[13.1477,49.2796],[13.14,49.2862],[13.1451,49.2949],[13.1502,49.3039]]}},{"type":"Feature","properties":{"r":4,"n":"Ohře"},"geometry":{"type":"LineString","coordinates":[[12.8691,50.233],[12.8809,50.237],[12.8908,50.2421],[12.9006,50.2397],[12.9106,50.2405],[12.9211,50.2412]]}},{"type":"Feature","properties":{"r":6,"n":"Moorburger Landscheide"},"geometry":{"type":"LineString","coordinates":[[9.9371,53.4759],[9.9266,53.4804],[9.9156,53.4818],[9.9055,53.4836],[9.8926,53.486],[9.8825,53.4879]]}},{"type":"Feature","properties":{"r":4,"n":"Süderelbe"},"geometry":{"type":"LineString","coordinates":[[9.988,53.4743],[9.9774,53.4766],[9.9669,53.4808],[9.9578,53.4865],[9.9509,53.4953],[9.9417,53.5015]]}},{"type":"Feature","properties":{"r":4,"n":"Lühesander Süderelbe"},"geometry":{"type":"LineString","coordinates":[[9.6232,53.5817],[9.6085,53.5832],[9.5923,53.5868],[9.5793,53.5932],[9.5702,53.5999],[9.5649,53.6125]]}},{"type":"Feature","properties":{"r":4,"n":"Leine"},"geometry":{"type":"LineString","coordinates":[[9.7697,52.0866],[9.7647,52.0955],[9.7629,52.1067],[9.7594,52.1161],[9.7552,52.1252],[9.7586,52.1348]]}},{"type":"Feature","properties":{"r":6,"n":"Schleusenkanal Langwedel"},"geometry":{"type":"LineString","coordinates":[[9.1786,52.9564],[9.1707,52.9635],[9.1606,52.9675],[9.142,52.975],[9.1326,52.9787],[9.1218,52.9829]]}},{"type":"Feature","properties":{"r":4,"n":"Dommel"},"geometry":{"type":"LineString","coordinates":[[5.4898,51.4513],[5.4981,51.4569],[5.5064,51.4627],[5.5079,51.4726],[5.5059,51.4824],[5.5132,51.4896]]}},{"type":"Feature","properties":{"r":4,"n":"Niers"},"geometry":{"type":"LineString","coordinates":[[6.199,51.6339],[6.2081,51.64],[6.1975,51.6416],[6.1957,51.6524],[6.1957,51.6629],[6.2011,51.672]]}},{"type":"Feature","properties":{"r":4,"n":"Niers"},"geometry":{"type":"LineString","coordinates":[[6.1989,51.6743],[6.1934,51.6829],[6.1808,51.6826],[6.1719,51.6768],[6.1605,51.6764],[6.1523,51.6823]]}},{"type":"Feature","properties":{"r":4,"n":"Leine"},"geometry":{"type":"LineString","coordinates":[[9.9492,51.731],[9.9524,51.7405],[9.9513,51.7506],[9.9454,51.7596],[9.9437,51.7695],[9.9351,51.7748]]}},{"type":"Feature","properties":{"r":4,"n":"Leine"},"geometry":{"type":"LineString","coordinates":[[9.9548,51.664],[9.9558,51.6742],[9.9639,51.6805],[9.9674,51.6907],[9.9683,51.7008],[9.9609,51.7077]]}},{"type":"Feature","properties":{"r":4,"n":"Ems"},"geometry":{"type":"LineString","coordinates":[[7.6778,52.0416],[7.6691,52.0474],[7.659,52.0509],[7.6488,52.0529],[7.6531,52.0622],[7.6543,52.0722]]}},{"type":"Feature","properties":{"r":6,"n":"Küstenkanal"},"geometry":{"type":"LineString","coordinates":[[7.3563,52.9829],[7.3457,52.9821],[7.3322,52.9761],[7.3184,52.9697],[7.3092,52.965],[7.3005,52.9593]]}},{"type":"Feature","properties":{"r":4,"n":"Werra"},"geometry":{"type":"LineString","coordinates":[[9.7638,51.386],[9.7532,51.3872],[9.7433,51.3901],[9.7318,51.3926],[9.7254,51.4004],[9.7158,51.4036]]}},{"type":"Feature","properties":{"r":4,"n":"Lesum"},"geometry":{"type":"LineString","coordinates":[[8.7426,53.1719],[8.7328,53.1672],[8.7233,53.1624],[8.7125,53.1633],[8.7047,53.1567],[8.6958,53.1623]]}},{"type":"Feature","properties":{"r":4,"n":"Ostenau"},"geometry":{"type":"LineString","coordinates":[[9.2318,54.6477],[9.218,54.6446],[9.2136,54.6355],[9.2049,54.6304],[9.1913,54.6315],[9.1814,54.625]]}},{"type":"Feature","properties":{"r":4,"n":"Else"},"geometry":{"type":"LineString","coordinates":[[8.3945,52.202],[8.4041,52.2053],[8.4145,52.2046],[8.4244,52.2027],[8.4344,52.2045],[8.4467,52.2015]]}},{"type":"Feature","properties":{"r":4,"n":"Emscher"},"geometry":{"type":"LineString","coordinates":[[6.8486,51.495],[6.8393,51.502],[6.829,51.5073],[6.8194,51.5106],[6.8052,51.5163],[6.7973,51.5234]]}},{"type":"Feature","properties":{"r":4,"n":"Schwentine"},"geometry":{"type":"LineString","coordinates":[[10.3759,54.162],[10.3643,54.1653],[10.3509,54.1711],[10.3397,54.1748],[10.3299,54.1774],[10.32,54.1794]]}},{"type":"Feature","properties":{"r":4,"n":"Delme"},"geometry":{"type":"LineString","coordinates":[[8.5671,52.9567],[8.5631,52.9666],[8.5594,52.976],[8.5596,52.9861],[8.5692,52.9894],[8.571,52.9996]]}},{"type":"Feature","properties":{"r":6,"n":"Mittellandkanal"},"geometry":{"type":"LineString","coordinates":[[7.951,52.3911],[7.9397,52.3876],[7.9294,52.3844],[7.9107,52.3808],[7.8998,52.3793],[7.8893,52.3786]]}},{"type":"Feature","properties":{"r":4,"n":"Ruhr"},"geometry":{"type":"LineString","coordinates":[[8.197,51.3456],[8.1867,51.3486],[8.1782,51.3541],[8.1723,51.3626],[8.1648,51.3694],[8.1744,51.3724]]}},{"type":"Feature","properties":{"r":4,"n":"Ilme"},"geometry":{"type":"LineString","coordinates":[[9.8329,51.8091],[9.8429,51.8072],[9.8532,51.8079],[9.8635,51.8095],[9.8736,51.8081],[9.8839,51.8085]]}},{"type":"Feature","properties":{"r":4,"n":"Innerste"},"geometry":{"type":"LineString","coordinates":[[9.9394,52.1512],[9.9298,52.1542],[9.9256,52.1634],[9.9215,52.1727],[9.9187,52.1828],[9.9188,52.1934]]}},{"type":"Feature","properties":{"r":6,"n":"Elisabethfehnkanal"},"geometry":{"type":"LineString","coordinates":[[7.8267,53.0811],[7.815,53.0847],[7.8046,53.0861],[7.7916,53.0912],[7.7818,53.0956],[7.772,53.1033]]}},{"type":"Feature","properties":{"r":4,"n":"Ollen West"},"geometry":{"type":"LineString","coordinates":[[8.4883,53.1806],[8.4967,53.1742],[8.5064,53.1708],[8.5126,53.1617],[8.5228,53.1591],[8.5324,53.1558]]}},{"type":"Feature","properties":{"r":4,"n":"Ruhr"},"geometry":{"type":"LineString","coordinates":[[8.065,51.4059],[8.0667,51.3954],[8.0723,51.387],[8.0628,51.3835],[8.0573,51.3919],[8.0589,51.4018]]}},{"type":"Feature","properties":{"r":4,"n":"Weser"},"geometry":{"type":"LineString","coordinates":[[8.9187,52.2582],[8.9255,52.2659],[8.9229,52.2787],[8.9237,52.2898],[8.9306,52.2978],[8.9276,52.3078]]}},{"type":"Feature","properties":{"r":4,"n":"Bocholter Aa"},"geometry":{"type":"LineString","coordinates":[[6.9128,51.8835],[6.904,51.878],[6.8953,51.8726],[6.8853,51.8698],[6.8753,51.8671],[6.8656,51.8634]]}},{"type":"Feature","properties":{"r":4,"n":"Delme"},"geometry":{"type":"LineString","coordinates":[[8.6322,53.0503],[8.6402,53.0566],[8.6467,53.0642],[8.6551,53.0707],[8.6617,53.0789],[8.67,53.0864]]}},{"type":"Feature","properties":{"r":4,"n":"Krummes Wasser"},"geometry":{"type":"LineString","coordinates":[[9.8356,51.8533],[9.8426,51.8459],[9.8389,51.8361],[9.8443,51.8276],[9.8542,51.824],[9.8607,51.8162]]}},{"type":"Feature","properties":{"r":4,"n":"Gose Elbe"},"geometry":{"type":"LineString","coordinates":[[10.1991,53.4305],[10.1964,53.4405],[10.189,53.4481],[10.1796,53.4441],[10.1704,53.4487],[10.1601,53.4475]]}},{"type":"Feature","properties":{"r":4,"n":"Bocholter Aa"},"geometry":{"type":"LineString","coordinates":[[6.8641,51.8598],[6.854,51.8578],[6.8408,51.8568],[6.8311,51.8532],[6.8203,51.8479],[6.8123,51.8417]]}},{"type":"Feature","properties":{"r":4,"n":"Stever"},"geometry":{"type":"LineString","coordinates":[[7.4663,51.8418],[7.4604,51.8324],[7.4518,51.8267],[7.4529,51.8167],[7.4499,51.8069],[7.4453,51.7979]]}},{"type":"Feature","properties":{"r":4,"n":"Wümme"},"geometry":{"type":"LineString","coordinates":[[9.6628,53.2402],[9.6527,53.2414],[9.6426,53.2427],[9.6332,53.2463],[9.6231,53.2469],[9.6138,53.2432]]}},{"type":"Feature","properties":{"r":4,"n":"Hardau"},"geometry":{"type":"LineString","coordinates":[[10.4572,52.8962],[10.4666,52.9018],[10.4772,52.9055],[10.4857,52.9112],[10.4962,52.9125],[10.5064,52.9139]]}},{"type":"Feature","properties":{"r":4,"n":"Werra"},"geometry":{"type":"LineString","coordinates":[[9.9649,51.2779],[9.9718,51.286],[9.9704,51.2962],[9.963,51.3035],[9.9526,51.3037],[9.9426,51.3044]]}},{"type":"Feature","properties":{"r":4,"n":"Erse"},"geometry":{"type":"LineString","coordinates":[[10.2984,52.4465],[10.2888,52.4493],[10.2791,52.4521],[10.2692,52.4544],[10.2616,52.4611],[10.2514,52.4634]]}},{"type":"Feature","properties":{"r":4,"n":"Innerste"},"geometry":{"type":"LineString","coordinates":[[10.2982,51.9148],[10.3084,51.9179],[10.3164,51.9249],[10.3249,51.931],[10.3359,51.9343],[10.345,51.9387]]}},{"type":"Feature","properties":{"r":4,"n":"Berkel"},"geometry":{"type":"LineString","coordinates":[[7.2262,51.9849],[7.2166,51.9821],[7.2069,51.9796],[7.1971,51.9758],[7.1871,51.9717],[7.1811,51.9634]]}},{"type":"Feature","properties":{"r":4,"n":"Alster"},"geometry":{"type":"LineString","coordinates":[[10.0214,53.617],[10.0111,53.6124],[10.0011,53.6116],[9.9943,53.6038],[9.9929,53.5936],[9.9954,53.5839]]}},{"type":"Feature","properties":{"r":4,"n":"Heubach"},"geometry":{"type":"LineString","coordinates":[[7.2053,51.8146],[7.2153,51.8129],[7.2252,51.8111],[7.2375,51.8071],[7.2482,51.8078],[7.2581,51.8062]]}},{"type":"Feature","properties":{"r":4,"n":"Werbe"},"geometry":{"type":"LineString","coordinates":[[8.9663,51.25],[8.9692,51.2404],[8.9742,51.2316],[8.9826,51.2257],[8.9923,51.2217],[8.9994,51.2141]]}},{"type":"Feature","properties":{"r":4,"n":"Emmer"},"geometry":{"type":"LineString","coordinates":[[9.3196,51.9921],[9.3302,51.9921],[9.3388,51.9974],[9.3391,52.0075],[9.343,52.0168],[9.3449,52.0267]]}},{"type":"Feature","properties":{"r":4,"n":"Humme"},"geometry":{"type":"LineString","coordinates":[[9.3039,52.0649],[9.3149,52.0666],[9.3247,52.0689],[9.3342,52.0727],[9.3428,52.0796],[9.3521,52.0837]]}},{"type":"Feature","properties":{"r":6,"n":"Neuenhuntorfer Sieltief"},"geometry":{"type":"LineString","coordinates":[[8.3863,53.1671],[8.3963,53.1668],[8.4087,53.1709],[8.42,53.1738],[8.4318,53.1758],[8.4312,53.1861]]}},{"type":"Feature","properties":{"r":4,"n":"Este"},"geometry":{"type":"LineString","coordinates":[[9.748,53.3203],[9.7407,53.3277],[9.7315,53.3331],[9.7245,53.3413],[9.7222,53.3514],[9.7157,53.359]]}},{"type":"Feature","properties":{"r":4,"n":"Untere Osterau"},"geometry":{"type":"LineString","coordinates":[[9.9446,53.9356],[9.9357,53.929],[9.9273,53.9235],[9.9152,53.9203],[9.9053,53.9186],[9.8953,53.9164]]}},{"type":"Feature","properties":{"r":4,"n":"Wienhauser Mühlenkanal"},"geometry":{"type":"LineString","coordinates":[[10.2538,52.5644],[10.2435,52.5655],[10.2313,52.5655],[10.2207,52.5659],[10.2108,52.5713],[10.2012,52.5746]]}},{"type":"Feature","properties":{"r":6,"n":"Dortmund-Ems-Kanal"},"geometry":{"type":"LineString","coordinates":[[7.6609,51.9844],[7.6595,51.9955],[7.6597,52.0064],[7.6632,52.0163],[7.6669,52.027],[7.6717,52.0361]]}},{"type":"Feature","properties":{"r":6,"n":"Wiegboldsburer Riede"},"geometry":{"type":"LineString","coordinates":[[7.3449,53.4579],[7.3361,53.4528],[7.3248,53.4495],[7.3146,53.4502],[7.3048,53.4477],[7.2947,53.4482]]}},{"type":"Feature","properties":{"r":4,"n":"Alte Schwentine"},"geometry":{"type":"LineString","coordinates":[[10.2502,54.0829],[10.2414,54.0883],[10.2485,54.0964],[10.2533,54.1058],[10.2462,54.1144],[10.2358,54.1182]]}},{"type":"Feature","properties":{"r":4,"n":"Alte Soholmer Au"},"geometry":{"type":"LineString","coordinates":[[8.9086,54.7236],[8.8987,54.7207],[8.8872,54.7201],[8.877,54.7214],[8.8657,54.7191],[8.8523,54.7138]]}},{"type":"Feature","properties":{"r":4,"n":"Kleine Emscher"},"geometry":{"type":"LineString","coordinates":[[6.8201,51.4988],[6.81,51.5023],[6.8001,51.5049],[6.7882,51.5061],[6.7783,51.5076],[6.7693,51.5121]]}},{"type":"Feature","properties":{"r":4,"n":"Berkel"},"geometry":{"type":"LineString","coordinates":[[6.8328,52.0256],[6.8259,52.033],[6.8158,52.0357],[6.8058,52.0384],[6.7956,52.0396],[6.791,52.0486]]}},{"type":"Feature","properties":{"r":4,"n":"Wenne"},"geometry":{"type":"LineString","coordinates":[[8.1613,51.3051],[8.1585,51.3149],[8.1636,51.3236],[8.1621,51.3335],[8.1698,51.34],[8.177,51.3471]]}},{"type":"Feature","properties":{"r":4,"n":"Ohe"},"geometry":{"type":"LineString","coordinates":[[7.6904,53.0039],[7.6998,53.0084],[7.7081,53.0142],[7.723,53.0191],[7.7335,53.0193],[7.7438,53.0213]]}},{"type":"Feature","properties":{"r":4,"n":"Hamme"},"geometry":{"type":"LineString","coordinates":[[8.8738,53.2219],[8.8645,53.2179],[8.8547,53.2145],[8.8458,53.2092],[8.8358,53.2053],[8.8257,53.2039]]}},{"type":"Feature","properties":{"r":4,"n":"Hagener Au"},"geometry":{"type":"LineString","coordinates":[[10.3052,54.3405],[10.2978,54.3474],[10.289,54.3534],[10.2863,54.3634],[10.2857,54.3736],[10.2778,54.3809]]}},{"type":"Feature","properties":{"r":6,"n":"Schleusenkanal Petershagen"},"geometry":{"type":"LineString","coordinates":[[8.982,52.362],[8.9865,52.3717],[8.9929,52.3836],[9.0003,52.3907],[9.0108,52.4001],[9.0191,52.4075]]}},{"type":"Feature","properties":{"r":4,"n":"Berkel"},"geometry":{"type":"LineString","coordinates":[[7.0219,51.9475],[7.0157,51.9554],[7.0082,51.9623],[6.9996,51.9679],[6.9918,51.9742],[6.9815,51.9762]]}},{"type":"Feature","properties":{"r":4,"n":"Este"},"geometry":{"type":"LineString","coordinates":[[9.7179,53.3633],[9.721,53.3732],[9.7239,53.3828],[9.7165,53.3909],[9.7087,53.3987],[9.7,53.4042]]}},{"type":"Feature","properties":{"r":6,"n":"Elsflether Sieltief"},"geometry":{"type":"LineString","coordinates":[[8.397,53.2442],[8.4081,53.2433],[8.4181,53.2453],[8.4297,53.2478],[8.4409,53.2476],[8.4526,53.2472]]}},{"type":"Feature","properties":{"r":4,"n":"Lethe"},"geometry":{"type":"LineString","coordinates":[[8.1213,52.9935],[8.1264,53.0023],[8.1354,53.007],[8.1447,53.0108],[8.1535,53.016],[8.1554,53.0259]]}},{"type":"Feature","properties":{"r":4,"n":"Große Aue"},"geometry":{"type":"LineString","coordinates":[[8.5448,52.3462],[8.5567,52.3512],[8.5619,52.3602],[8.5696,52.367],[8.5725,52.3769],[8.5785,52.3854]]}},{"type":"Feature","properties":{"r":4,"n":"Ruhr"},"geometry":{"type":"LineString","coordinates":[[8.1652,51.3892],[8.1757,51.3891],[8.1698,51.3974],[8.1596,51.395],[8.1466,51.3949],[8.1369,51.3979]]}},{"type":"Feature","properties":{"r":6,"n":"Neuhaus-Bülkauer Kanal"},"geometry":{"type":"LineString","coordinates":[[9.0261,53.753],[9.0412,53.7627],[9.0487,53.77],[9.0459,53.78],[9.0418,53.7895],[9.0329,53.7972]]}},{"type":"Feature","properties":{"r":6,"n":"Ilmenau"},"geometry":{"type":"LineString","coordinates":[[10.2985,53.3613],[10.288,53.362],[10.272,53.367],[10.2566,53.3719],[10.2444,53.3757],[10.2245,53.38]]}},{"type":"Feature","properties":{"r":4,"n":"Ilmenau"},"geometry":{"type":"LineString","coordinates":[[10.2245,53.38],[10.2144,53.3808],[10.2052,53.3848],[10.1999,53.394],[10.1888,53.393],[10.1787,53.3938]]}},{"type":"Feature","properties":{"r":4,"n":"Nördlicher Sielgraben"},"geometry":{"type":"LineString","coordinates":[[9.1901,53.8554],[9.2037,53.8558],[9.2152,53.8547],[9.227,53.8543],[9.2423,53.854],[9.2544,53.8529]]}},{"type":"Feature","properties":{"r":4,"n":"Krückau"},"geometry":{"type":"LineString","coordinates":[[9.5837,53.722],[9.574,53.7181],[9.5641,53.7163],[9.5531,53.7147],[9.5424,53.717],[9.5304,53.7169]]}},{"type":"Feature","properties":{"r":4,"n":"Schwentine"},"geometry":{"type":"LineString","coordinates":[[10.2857,54.2378],[10.2853,54.2489],[10.2896,54.2587],[10.2907,54.2688],[10.2807,54.2724],[10.2715,54.2764]]}},{"type":"Feature","properties":{"r":6,"n":"Addinggaster Tief"},"geometry":{"type":"LineString","coordinates":[[7.2477,53.5674],[7.23,53.5615],[7.2182,53.5573],[7.2033,53.5594],[7.1927,53.5601],[7.1828,53.5573]]}},{"type":"Feature","properties":{"r":4,"n":"Arlau"},"geometry":{"type":"LineString","coordinates":[[8.9403,54.5466],[8.9335,54.5386],[8.9202,54.537],[8.906,54.5368],[8.8919,54.5351],[8.8818,54.5311]]}},{"type":"Feature","properties":{"r":4,"n":"Nette"},"geometry":{"type":"LineString","coordinates":[[6.2627,51.3562],[6.273,51.356],[6.2831,51.3583],[6.2936,51.3596],[6.3048,51.3602],[6.315,51.3628]]}},{"type":"Feature","properties":{"r":4,"n":"Werra"},"geometry":{"type":"LineString","coordinates":[[9.8723,51.3486],[9.8616,51.3469],[9.8503,51.3443],[9.8437,51.3535],[9.8323,51.3546],[9.8222,51.357]]}},{"type":"Feature","properties":{"r":4,"n":"Giehler Bach"},"geometry":{"type":"LineString","coordinates":[[8.9055,53.3457],[8.9157,53.3461],[8.9251,53.3423],[8.923,53.3324],[8.935,53.3267],[8.9438,53.3212]]}},{"type":"Feature","properties":{"r":6,"n":"Dortmund-Ems-Kanal"},"geometry":{"type":"LineString","coordinates":[[7.3863,51.6745],[7.3956,51.6825],[7.404,51.6937],[7.4107,51.7041],[7.4172,51.7144],[7.4244,51.7237]]}},{"type":"Feature","properties":{"r":6,"n":"Thunschlot"},"geometry":{"type":"LineString","coordinates":[[7.3596,53.6453],[7.3503,53.6387],[7.3427,53.6322],[7.3315,53.6283],[7.3212,53.6241],[7.3123,53.6195]]}},{"type":"Feature","properties":{"r":6,"n":"Dwarstief"},"geometry":{"type":"LineString","coordinates":[[7.3228,53.172],[7.3335,53.1738],[7.3424,53.1811],[7.3475,53.1918],[7.3528,53.2033],[7.3545,53.2149]]}},{"type":"Feature","properties":{"r":6,"n":"Aduarderdiep"},"geometry":{"type":"LineString","coordinates":[[6.4826,53.26],[6.484,53.2704],[6.4849,53.2821],[6.4834,53.2923],[6.4806,53.3031],[6.4739,53.3111]]}},{"type":"Feature","properties":{"r":4,"n":"Alme"},"geometry":{"type":"LineString","coordinates":[[8.5378,51.5191],[8.5305,51.526],[8.5283,51.5358],[8.533,51.5453],[8.543,51.5462],[8.5522,51.5505]]}},{"type":"Feature","properties":{"r":4,"n":"Nordradde"},"geometry":{"type":"LineString","coordinates":[[7.4219,52.7662],[7.4117,52.7652],[7.4021,52.7619],[7.3921,52.7622],[7.382,52.7606],[7.3708,52.7548]]}},{"type":"Feature","properties":{"r":4,"n":"Nethe"},"geometry":{"type":"LineString","coordinates":[[9.327,51.7085],[9.3362,51.7128],[9.3454,51.7171],[9.3536,51.7234],[9.3644,51.727],[9.3736,51.731]]}},{"type":"Feature","properties":{"r":4,"n":"Wenne"},"geometry":{"type":"LineString","coordinates":[[8.1876,51.2676],[8.1912,51.277],[8.1827,51.2824],[8.1768,51.2908],[8.1676,51.2956],[8.1608,51.303]]}},{"type":"Feature","properties":{"r":4,"n":"Nette"},"geometry":{"type":"LineString","coordinates":[[6.3204,51.3641],[6.3281,51.3705],[6.3341,51.3791],[6.3372,51.3891],[6.3308,51.3969],[6.3299,51.407]]}},{"type":"Feature","properties":{"r":6,"n":"Zuid-Willemsvaart"},"geometry":{"type":"LineString","coordinates":[[5.6331,51.5379],[5.6247,51.5451],[5.6159,51.5525],[5.6071,51.5599],[5.5985,51.5672],[5.59,51.5744]]}},{"type":"Feature","properties":{"r":4,"n":"Abelitz"},"geometry":{"type":"LineString","coordinates":[[7.2571,53.5102],[7.256,53.5002],[7.2579,53.4903],[7.2551,53.4806],[7.2499,53.4719],[7.2413,53.4665]]}},{"type":"Feature","properties":{"r":4,"n":"Eltingmühlenbach"},"geometry":{"type":"LineString","coordinates":[[7.7003,52.0958],[7.6928,52.1025],[7.683,52.1046],[7.6771,52.1127],[7.6684,52.1178],[7.664,52.1268]]}},{"type":"Feature","properties":{"r":4,"n":"Schwarztonnensander Nebenelbe"},"geometry":{"type":"LineString","coordinates":[[9.5067,53.679],[9.4791,53.6911],[9.4636,53.7008],[9.4542,53.7083],[9.4377,53.7172],[9.4399,53.7334]]}},{"type":"Feature","properties":{"r":4,"n":"Wickriede"},"geometry":{"type":"LineString","coordinates":[[8.7108,52.4611],[8.7098,52.4716],[8.7042,52.4815],[8.6959,52.4877],[8.6873,52.4942],[8.6874,52.5042]]}},{"type":"Feature","properties":{"r":4,"n":"Große Beek"},"geometry":{"type":"LineString","coordinates":[[8.6531,53.6019],[8.6609,53.5949],[8.6709,53.5924],[8.6743,53.5828],[8.6821,53.5764],[8.6735,53.5696]]}},{"type":"Feature","properties":{"r":4,"n":"Werre"},"geometry":{"type":"LineString","coordinates":[[8.7791,52.2094],[8.7896,52.2104],[8.7996,52.2082],[8.8094,52.2117],[8.8176,52.2181],[8.8277,52.221]]}},{"type":"Feature","properties":{"r":4,"n":"Alme"},"geometry":{"type":"LineString","coordinates":[[8.6127,51.5932],[8.6233,51.5945],[8.6294,51.6025],[8.6384,51.6072],[8.6484,51.6056],[8.6411,51.6125]]}},{"type":"Feature","properties":{"r":4,"n":"Gels Å"},"geometry":{"type":"LineString","coordinates":[[9.2544,55.1841],[9.2474,55.1914],[9.2395,55.1976],[9.2228,55.1993],[9.2131,55.2018],[9.2026,55.2007]]}},{"type":"Feature","properties":{"r":4,"n":"Hunte"},"geometry":{"type":"LineString","coordinates":[[8.3639,52.3443],[8.358,52.3525],[8.343,52.3535],[8.3326,52.3546],[8.3201,52.353],[8.3077,52.3527]]}},{"type":"Feature","properties":{"r":6,"n":"Boterdiep"},"geometry":{"type":"LineString","coordinates":[[6.6282,53.3771],[6.6414,53.3794],[6.6515,53.3803],[6.6633,53.3865],[6.6737,53.3907],[6.6764,53.4007]]}},{"type":"Feature","properties":{"r":6,"n":"Zuid-Willemsvaart"},"geometry":{"type":"LineString","coordinates":[[5.5863,51.5774],[5.5751,51.5854],[5.5621,51.5923],[5.5525,51.5974],[5.5435,51.6022],[5.5325,51.6082]]}},{"type":"Feature","properties":{"r":4,"n":"Scheidebach"},"geometry":{"type":"LineString","coordinates":[[8.8655,53.5509],[8.8538,53.5499],[8.8438,53.551],[8.8319,53.5491],[8.8221,53.5455],[8.8123,53.5425]]}},{"type":"Feature","properties":{"r":4,"n":"Drentsche Diep"},"geometry":{"type":"LineString","coordinates":[[6.689,53.1446],[6.6887,53.1546],[6.6808,53.1617],[6.6719,53.1669],[6.6627,53.171],[6.658,53.18]]}},{"type":"Feature","properties":{"r":6,"n":"Boezemkanaal"},"geometry":{"type":"LineString","coordinates":[[7.1332,53.2285],[7.1439,53.2287],[7.1566,53.2291],[7.1688,53.2322],[7.1975,53.2332],[7.2066,53.2282]]}},{"type":"Feature","properties":{"r":4,"n":"Westerwoldsche Aa"},"geometry":{"type":"LineString","coordinates":[[7.1333,53.1526],[7.1427,53.1567],[7.1516,53.1645],[7.1622,53.1676],[7.1738,53.1713],[7.1848,53.1749]]}},{"type":"Feature","properties":{"r":4,"n":"Ruiten-Aa"},"geometry":{"type":"LineString","coordinates":[[7.1219,52.926],[7.1291,52.9333],[7.1332,52.9427],[7.1385,52.9513],[7.1434,52.9603],[7.1469,52.9703]]}},{"type":"Feature","properties":{"r":4,"n":"Afte"},"geometry":{"type":"LineString","coordinates":[[8.6622,51.5162],[8.6522,51.5155],[8.6428,51.519],[8.6335,51.5227],[8.6246,51.5276],[8.6152,51.5312]]}},{"type":"Feature","properties":{"r":4,"n":"Afte"},"geometry":{"type":"LineString","coordinates":[[8.6033,51.5343],[8.5914,51.5366],[8.5816,51.5387],[8.5718,51.5409],[8.5642,51.5498],[8.5578,51.5575]]}},{"type":"Feature","properties":{"r":4,"n":"Treene"},"geometry":{"type":"LineString","coordinates":[[9.3832,54.6179],[9.3734,54.6148],[9.3637,54.6115],[9.3576,54.6035],[9.3489,54.5985],[9.3452,54.5891]]}},{"type":"Feature","properties":{"r":4,"n":"Alster"},"geometry":{"type":"LineString","coordinates":[[10.0723,53.7661],[10.0823,53.7678],[10.0923,53.7699],[10.1017,53.7738],[10.1117,53.7766],[10.1212,53.7732]]}},{"type":"Feature","properties":{"r":6,"n":"Nierskanal"},"geometry":{"type":"LineString","coordinates":[[6.2792,51.5241],[6.268,51.5299],[6.2573,51.5357],[6.247,51.5398],[6.2351,51.5425],[6.2246,51.5428]]}},{"type":"Feature","properties":{"r":4,"n":"Steinhuder Meerbach"},"geometry":{"type":"LineString","coordinates":[[9.2739,52.4695],[9.264,52.4675],[9.2541,52.4643],[9.2441,52.4665],[9.2352,52.4717],[9.2235,52.4747]]}},{"type":"Feature","properties":{"r":4,"n":"Hahnenbach"},"geometry":{"type":"LineString","coordinates":[[9.6251,53.0416],[9.6156,53.0455],[9.6064,53.0498],[9.5963,53.0535],[9.5867,53.0572],[9.578,53.0624]]}},{"type":"Feature","properties":{"r":4,"n":"Weser"},"geometry":{"type":"LineString","coordinates":[[9.4115,51.8925],[9.4103,51.9035],[9.4228,51.911],[9.4341,51.9101],[9.4456,51.9057],[9.4549,51.9008]]}},{"type":"Feature","properties":{"r":4,"n":"Hahle"},"geometry":{"type":"LineString","coordinates":[[10.2315,51.5503],[10.2248,51.5579],[10.2201,51.5669],[10.2152,51.576],[10.2188,51.587],[10.2183,51.597]]}},{"type":"Feature","properties":{"r":4,"n":"Südermiele"},"geometry":{"type":"LineString","coordinates":[[9.1908,54.1036],[9.1809,54.1056],[9.1694,54.108],[9.1589,54.1082],[9.1492,54.1107],[9.139,54.1115]]}},{"type":"Feature","properties":{"r":4,"n":"Pumptief"},"geometry":{"type":"LineString","coordinates":[[7.5136,53.6289],[7.5189,53.6377],[7.5231,53.6468],[7.5152,53.6536],[7.5055,53.6565],[7.4959,53.6604]]}},{"type":"Feature","properties":{"r":6,"n":"Dedemsvaart"},"geometry":{"type":"LineString","coordinates":[[6.192,52.5843],[6.1826,52.5878],[6.1683,52.587],[6.157,52.586],[6.1442,52.5849],[6.1333,52.5839]]}},{"type":"Feature","properties":{"r":4,"n":"Schmale"},"geometry":{"type":"LineString","coordinates":[[8.78,54.8478],[8.781,54.8586],[8.787,54.8672],[8.7858,54.8777],[8.7786,54.8858],[8.7688,54.8887]]}},{"type":"Feature","properties":{"r":6,"n":"Rhein-Herne-Kanal"},"geometry":{"type":"LineString","coordinates":[[7.124,51.5473],[7.1131,51.5473],[7.1024,51.5472],[7.0924,51.5452],[7.0786,51.5413],[7.0688,51.536]]}},{"type":"Feature","properties":{"r":6,"n":"Rasquerdermaar"},"geometry":{"type":"LineString","coordinates":[[6.5157,53.3664],[6.5267,53.365],[6.5361,53.3613],[6.5473,53.3601],[6.5573,53.3586],[6.5677,53.3577]]}},{"type":"Feature","properties":{"r":4,"n":"Ems"},"geometry":{"type":"LineString","coordinates":[[7.2956,52.482],[7.2898,52.4903],[7.2924,52.5],[7.3009,52.5055],[7.2963,52.5151],[7.2936,52.5251]]}},{"type":"Feature","properties":{"r":6,"n":"Alte Süderelbe"},"geometry":{"type":"LineString","coordinates":[[9.8773,53.5188],[9.8657,53.5193],[9.8536,53.5165],[9.8424,53.5159],[9.8325,53.5183],[9.8264,53.5265]]}},{"type":"Feature","properties":{"r":6,"n":"Dortmund-Ems-Kanal"},"geometry":{"type":"LineString","coordinates":[[7.3011,52.5628],[7.309,52.5691],[7.3109,52.5817],[7.3101,52.5917],[7.3086,52.6028],[7.3077,52.6135]]}},{"type":"Feature","properties":{"r":6,"n":"Dortmund-Ems-Kanal"},"geometry":{"type":"LineString","coordinates":[[7.3095,52.5176],[7.3075,52.5274],[7.3003,52.5348],[7.2942,52.543],[7.2943,52.5536],[7.3007,52.5619]]}},{"type":"Feature","properties":{"r":6,"n":"Stichkanal Salzgitter"},"geometry":{"type":"LineString","coordinates":[[10.387,52.1555],[10.3954,52.1625],[10.4042,52.1697],[10.413,52.1768],[10.4222,52.1939],[10.4262,52.2054]]}},{"type":"Feature","properties":{"r":4,"n":"Mühlenau"},"geometry":{"type":"LineString","coordinates":[[9.8553,53.6587],[9.8454,53.657],[9.8373,53.6511],[9.8275,53.6484],[9.8175,53.6513],[9.8075,53.6515]]}},{"type":"Feature","properties":{"r":4,"n":"Ruhr"},"geometry":{"type":"LineString","coordinates":[[6.8517,51.4399],[6.8388,51.4434],[6.8285,51.4429],[6.8247,51.4527],[6.815,51.4571],[6.8067,51.4509]]}},{"type":"Feature","properties":{"r":4,"n":"Bille"},"geometry":{"type":"LineString","coordinates":[[10.2527,53.5065],[10.2427,53.5082],[10.2398,53.4986],[10.2297,53.4963],[10.22,53.4993],[10.2125,53.4919]]}},{"type":"Feature","properties":{"r":4,"n":"Schwinge"},"geometry":{"type":"LineString","coordinates":[[9.283,53.5232],[9.2919,53.5278],[9.3019,53.5288],[9.3118,53.5307],[9.3205,53.5357],[9.3303,53.5337]]}},{"type":"Feature","properties":{"r":4,"n":"Berne"},"geometry":{"type":"LineString","coordinates":[[8.4481,53.1318],[8.4575,53.1379],[8.4657,53.1449],[8.4649,53.1549],[8.4741,53.159],[8.4784,53.1685]]}},{"type":"Feature","properties":{"r":4,"n":"Kommerzijlsterriet"},"geometry":{"type":"LineString","coordinates":[[6.3239,53.2873],[6.3207,53.2971],[6.3292,53.3027],[6.339,53.3048],[6.3481,53.3092],[6.3575,53.3138]]}},{"type":"Feature","properties":{"r":6,"n":"Nordkanal"},"geometry":{"type":"LineString","coordinates":[[6.6083,51.2225],[6.6182,51.2194],[6.6377,51.2167],[6.648,51.2158],[6.6572,51.2103],[6.6669,51.2035]]}},{"type":"Feature","properties":{"r":4,"n":"Hunte"},"geometry":{"type":"LineString","coordinates":[[8.3564,52.5894],[8.3572,52.5994],[8.3605,52.609],[8.3618,52.6191],[8.3694,52.626],[8.3729,52.6373]]}},{"type":"Feature","properties":{"r":4,"n":"Norderstrom"},"geometry":{"type":"LineString","coordinates":[[9.05,54.1816],[9.0399,54.1795],[9.0298,54.1765],[9.02,54.1732],[9.0102,54.1698],[9.0026,54.1626]]}},{"type":"Feature","properties":{"r":4,"n":"Else"},"geometry":{"type":"LineString","coordinates":[[8.3361,52.2053],[8.3472,52.2042],[8.3573,52.202],[8.3675,52.2023],[8.3775,52.2044],[8.3894,52.2035]]}},{"type":"Feature","properties":{"r":4,"n":"Wagenfelder Aue"},"geometry":{"type":"LineString","coordinates":[[8.5952,52.5884],[8.6052,52.591],[8.616,52.5954],[8.6216,52.6042],[8.6167,52.6134],[8.6084,52.6196]]}},{"type":"Feature","properties":{"r":4,"n":"Emder Vaarwater / Emder Fahrwasser"},"geometry":{"type":"LineString","coordinates":[[7.1777,53.3333],[7.1174,53.3319],[7.1071,53.3312],[7.0701,53.3255],[7.0581,53.3244],[7.0458,53.324]]}},{"type":"Feature","properties":{"r":4,"n":"Eider"},"geometry":{"type":"LineString","coordinates":[[9.1374,54.3396],[9.1343,54.3492],[9.1212,54.3521],[9.1107,54.3554],[9.104,54.3645],[9.0947,54.3684]]}},{"type":"Feature","properties":{"r":6,"n":"Oostpolderbermkanaal"},"geometry":{"type":"LineString","coordinates":[[6.782,53.4442],[6.7951,53.4445],[6.8159,53.4426],[6.8278,53.4412],[6.8479,53.438],[6.8629,53.4332]]}},{"type":"Feature","properties":{"r":4,"n":"Hunte"},"geometry":{"type":"LineString","coordinates":[[8.2982,52.4658],[8.3049,52.475],[8.3065,52.4859],[8.3124,52.4948],[8.326,52.5107],[8.3228,52.535]]}},{"type":"Feature","properties":{"r":6,"n":"Kanaal Almelo-Nordhorn"},"geometry":{"type":"LineString","coordinates":[[6.9789,52.3871],[6.9687,52.387],[6.9578,52.3875],[6.9378,52.3847],[6.9249,52.3829],[6.9082,52.3805]]}},{"type":"Feature","properties":{"r":6,"n":"Kanaal Almelo-Nordhorn"},"geometry":{"type":"LineString","coordinates":[[6.8254,52.3678],[6.8073,52.3668],[6.7966,52.3659],[6.785,52.3656],[6.7748,52.3649],[6.7641,52.3629]]}},{"type":"Feature","properties":{"r":4,"n":"Dinkel"},"geometry":{"type":"LineString","coordinates":[[6.97,52.3872],[6.9632,52.3952],[6.9656,52.405],[6.9646,52.4152],[6.9587,52.4241],[6.9501,52.4313]]}},{"type":"Feature","properties":{"r":4,"n":"Westerwoldsche Aa"},"geometry":{"type":"LineString","coordinates":[[7.1867,53.1751],[7.1968,53.1775],[7.2038,53.1847],[7.2129,53.194],[7.2163,53.213],[7.2113,53.2242]]}},{"type":"Feature","properties":{"r":6,"n":"Veendiep"},"geometry":{"type":"LineString","coordinates":[[7.1603,53.0847],[7.1518,53.09],[7.1415,53.0966],[7.1316,53.1021],[7.1211,53.102],[7.1097,53.1007]]}},{"type":"Feature","properties":{"r":6,"n":"Winschoterdiep"},"geometry":{"type":"LineString","coordinates":[[6.8926,53.164],[6.9031,53.1663],[6.9118,53.1718],[6.9263,53.1731],[6.9411,53.174],[6.9542,53.1748]]}},{"type":"Feature","properties":{"r":6,"n":"A.G. Wildervanckkanaal"},"geometry":{"type":"LineString","coordinates":[[6.884,53.0982],[6.8949,53.1083],[6.8989,53.121],[6.8979,53.1346],[6.8958,53.1521],[6.8926,53.164]]}},{"type":"Feature","properties":{"r":4,"n":"Ems"},"geometry":{"type":"LineString","coordinates":[[7.3134,53.0466],[7.3058,53.0534],[7.2953,53.0549],[7.2852,53.0572],[7.2872,53.0718],[7.2903,53.0814]]}},{"type":"Feature","properties":{"r":4,"n":"Ruhr"},"geometry":{"type":"LineString","coordinates":[[7.348,51.4251],[7.3378,51.4261],[7.3275,51.4301],[7.3148,51.4318],[7.3048,51.4325],[7.302,51.4227]]}},{"type":"Feature","properties":{"r":4,"n":"Oese"},"geometry":{"type":"LineString","coordinates":[[7.7722,51.3937],[7.7816,51.3975],[7.7907,51.4024],[7.7938,51.4126],[7.7964,51.4228],[7.8054,51.4276]]}},{"type":"Feature","properties":{"r":6,"n":"Lateraalkanaal Linne-Buggenum"},"geometry":{"type":"LineString","coordinates":[[5.9237,51.182],[5.9312,51.1896],[5.9416,51.1958],[5.9525,51.2017],[5.9634,51.2077],[5.9725,51.2142]]}},{"type":"Feature","properties":{"r":4,"n":"Stever"},"geometry":{"type":"LineString","coordinates":[[7.4564,51.7599],[7.4587,51.75],[7.4617,51.7392],[7.4557,51.7311],[7.4478,51.7247],[7.4376,51.7234]]}},{"type":"Feature","properties":{"r":4,"n":"Ruhr"},"geometry":{"type":"LineString","coordinates":[[8.4314,51.3666],[8.4208,51.3674],[8.4106,51.3685],[8.4012,51.3638],[8.3907,51.3616],[8.3802,51.3579]]}},{"type":"Feature","properties":{"r":6,"n":"Schipsloot"},"geometry":{"type":"LineString","coordinates":[[5.992,52.8825],[5.9818,52.8855],[5.9638,52.8894],[5.9439,52.8937],[5.934,52.896],[5.9166,52.8999]]}},{"type":"Feature","properties":{"r":6,"n":"Berltsumer Wiid"},"geometry":{"type":"LineString","coordinates":[[5.6397,53.2428],[5.6291,53.2401],[5.6192,53.2358],[5.6095,53.2328],[5.6,53.2296],[5.5907,53.2249]]}},{"type":"Feature","properties":{"r":6,"n":"Afwateringskanaal van Duurswold"},"geometry":{"type":"LineString","coordinates":[[6.7469,53.2332],[6.7565,53.2425],[6.7644,53.2497],[6.7726,53.2561],[6.7846,53.2589],[6.7946,53.2618]]}},{"type":"Feature","properties":{"r":6,"n":"Helomafeart"},"geometry":{"type":"LineString","coordinates":[[5.8565,52.8679],[5.8899,52.86],[5.9002,52.8576],[5.911,52.8551],[5.9212,52.8516],[5.9315,52.8418]]}},{"type":"Feature","properties":{"r":4,"n":"Dokkumer Djip"},"geometry":{"type":"LineString","coordinates":[[6.1593,53.3169],[6.1743,53.319],[6.175,53.3312],[6.181,53.3395],[6.1727,53.3495],[6.1738,53.3613]]}},{"type":"Feature","properties":{"r":4,"n":"Lauwers"},"geometry":{"type":"LineString","coordinates":[[6.2037,53.2405],[6.2131,53.2452],[6.2202,53.2524],[6.2293,53.2571],[6.2387,53.2628],[6.247,53.2685]]}},{"type":"Feature","properties":{"r":4,"n":"Dedesdorfer Sieltief"},"geometry":{"type":"LineString","coordinates":[[8.5534,53.4672],[8.5455,53.4602],[8.532,53.4578],[8.522,53.4553],[8.5118,53.452],[8.5028,53.4476]]}},{"type":"Feature","properties":{"r":4,"n":"Rodau"},"geometry":{"type":"LineString","coordinates":[[9.4528,53.0745],[9.442,53.0781],[9.4377,53.0873],[9.4289,53.0924],[9.4198,53.0977],[9.4098,53.1]]}},{"type":"Feature","properties":{"r":6,"n":"Hearresleat"},"geometry":{"type":"LineString","coordinates":[[5.8574,53.0171],[5.8645,53.0051],[5.8731,52.9956],[5.8842,52.9872],[5.8932,52.9804],[5.9021,52.974]]}},{"type":"Feature","properties":{"r":6,"n":"Creilervaart"},"geometry":{"type":"LineString","coordinates":[[5.7633,52.7618],[5.7509,52.7605],[5.7273,52.7603],[5.6918,52.7606],[5.674,52.7608],[5.663,52.7609]]}},{"type":"Feature","properties":{"r":4,"n":"Mittelradde"},"geometry":{"type":"LineString","coordinates":[[7.4484,52.7177],[7.4388,52.7146],[7.4304,52.7089],[7.4234,52.7013],[7.4146,52.6965],[7.4026,52.6928]]}},{"type":"Feature","properties":{"r":4,"n":"Slogs Å"},"geometry":{"type":"LineString","coordinates":[[9.1278,54.9687],[9.1211,54.9612],[9.1127,54.9556],[9.1045,54.9489],[9.0953,54.9437],[9.0877,54.9371]]}},{"type":"Feature","properties":{"r":4,"n":"Vidå"},"geometry":{"type":"LineString","coordinates":[[8.9306,54.9539],[8.9207,54.9508],[8.9114,54.9461],[8.9007,54.9451],[8.8893,54.9427],[8.8796,54.9401]]}},{"type":"Feature","properties":{"r":6,"n":"Ilau-Schneegraben"},"geometry":{"type":"LineString","coordinates":[[10.4993,53.3475],[10.4893,53.3478],[10.4801,53.3518],[10.4702,53.3568],[10.4605,53.3593],[10.4506,53.3611]]}},{"type":"Feature","properties":{"r":6,"n":"Dalsper Tief"},"geometry":{"type":"LineString","coordinates":[[8.3725,53.2126],[8.3832,53.2125],[8.3933,53.213],[8.4047,53.2135],[8.4148,53.214],[8.4251,53.2144]]}},{"type":"Feature","properties":{"r":4,"n":"Eltingmühlenbach"},"geometry":{"type":"LineString","coordinates":[[7.7527,52.0903],[7.7432,52.0868],[7.7333,52.0885],[7.7235,52.0909],[7.7128,52.0893],[7.7037,52.0938]]}},{"type":"Feature","properties":{"r":4,"n":"Maas"},"geometry":{"type":"LineString","coordinates":[[5.9276,51.1818],[5.9373,51.1889],[5.9487,51.191],[5.9581,51.1872],[5.9688,51.1869],[5.9767,51.1941]]}},{"type":"Feature","properties":{"r":4,"n":"Neile"},"geometry":{"type":"LineString","coordinates":[[10.2541,51.9933],[10.264,51.9964],[10.2634,52.0064],[10.264,52.0165],[10.2749,52.023],[10.2847,52.0268]]}},{"type":"Feature","properties":{"r":4,"n":"Weser"},"geometry":{"type":"LineString","coordinates":[[9.1165,52.583],[9.1135,52.5931],[9.1221,52.5998],[9.1301,52.6067],[9.1408,52.606],[9.1502,52.6021]]}},{"type":"Feature","properties":{"r":4,"n":"Ohne"},"geometry":{"type":"LineString","coordinates":[[10.3755,51.3632],[10.3853,51.3598],[10.3953,51.3595],[10.4066,51.3605],[10.417,51.3621],[10.4254,51.3677]]}},{"type":"Feature","properties":{"r":4,"n":"Rhume"},"geometry":{"type":"LineString","coordinates":[[10.004,51.7132],[9.9929,51.7141],[9.9829,51.7148],[9.9729,51.7136],[9.9626,51.7165],[9.9544,51.7239]]}},{"type":"Feature","properties":{"r":4,"n":"Overijsselsche Vecht"},"geometry":{"type":"LineString","coordinates":[[6.694,52.6211],[6.6842,52.619],[6.6746,52.6159],[6.6646,52.6124],[6.6549,52.6098],[6.6571,52.5998]]}},{"type":"Feature","properties":{"r":4,"n":"Overijsselsche Vecht"},"geometry":{"type":"LineString","coordinates":[[6.6173,52.5661],[6.6116,52.5576],[6.6018,52.553],[6.592,52.5489],[6.5858,52.5401],[6.5788,52.5309]]}},{"type":"Feature","properties":{"r":6,"n":"Nordgeorgsfehnkanal"},"geometry":{"type":"LineString","coordinates":[[7.734,53.4134],[7.7394,53.4027],[7.7442,53.3931],[7.7504,53.3807],[7.7568,53.3679],[7.76,53.3584]]}},{"type":"Feature","properties":{"r":4,"n":"Zandwetering"},"geometry":{"type":"LineString","coordinates":[[6.208,52.2728],[6.1979,52.2721],[6.1846,52.2725],[6.1739,52.2723],[6.1633,52.2759],[6.1534,52.2788]]}},{"type":"Feature","properties":{"r":6,"n":"Overijssels Kanaal"},"geometry":{"type":"LineString","coordinates":[[6.3356,52.4471],[6.3206,52.4497],[6.2773,52.4571],[6.2537,52.4629],[6.2393,52.4653],[6.2129,52.4644]]}},{"type":"Feature","properties":{"r":6,"n":"Geestrandtief 19"},"geometry":{"type":"LineString","coordinates":[[8.1932,53.3013],[8.2043,53.302],[8.2143,53.3037],[8.2246,53.3045],[8.2359,53.306],[8.2462,53.3059]]}},{"type":"Feature","properties":{"r":4,"n":"Ennepe"},"geometry":{"type":"LineString","coordinates":[[7.4097,51.2415],[7.4138,51.2514],[7.4213,51.2582],[7.413,51.2642],[7.4041,51.2691],[7.3973,51.2777]]}},{"type":"Feature","properties":{"r":4,"n":"Ennepe"},"geometry":{"type":"LineString","coordinates":[[7.4662,51.1803],[7.4582,51.1871],[7.4572,51.1971],[7.4502,51.2046],[7.4477,51.2144],[7.4429,51.2233]]}},{"type":"Feature","properties":{"r":6,"n":"Apeldoornsch Kanaal"},"geometry":{"type":"LineString","coordinates":[[5.977,52.2433],[5.9806,52.2527],[5.9856,52.2637],[5.9896,52.2745],[5.9928,52.2843],[5.9995,52.2973]]}},{"type":"Feature","properties":{"r":6,"n":"Hayenschlooter Sieltief"},"geometry":{"type":"LineString","coordinates":[[8.3329,53.5376],[8.3229,53.5377],[8.3123,53.5345],[8.3062,53.5264],[8.2956,53.5261],[8.284,53.5232]]}},{"type":"Feature","properties":{"r":4,"n":"Trave"},"geometry":{"type":"LineString","coordinates":[[10.3178,53.8638],[10.3184,53.8537],[10.3244,53.8457],[10.3254,53.8352],[10.3332,53.8282],[10.3422,53.8215]]}},{"type":"Feature","properties":{"r":4,"n":"Eider"},"geometry":{"type":"LineString","coordinates":[[9.6483,54.3012],[9.6425,54.2924],[9.6377,54.2836],[9.63,54.2756],[9.6243,54.2673],[9.619,54.2582]]}},{"type":"Feature","properties":{"r":4,"n":"Schmalfelder Au"},"geometry":{"type":"LineString","coordinates":[[9.9418,53.8924],[9.9318,53.8918],[9.9218,53.8927],[9.9119,53.8943],[9.9033,53.8996],[9.8952,53.9057]]}},{"type":"Feature","properties":{"r":4,"n":"Vechtaer Moorbach"},"geometry":{"type":"LineString","coordinates":[[8.3101,52.779],[8.3103,52.7689],[8.3175,52.7618],[8.3256,52.7559],[8.3332,52.7494],[8.3389,52.7411]]}},{"type":"Feature","properties":{"r":4,"n":"Wester-Sielzug"},"geometry":{"type":"LineString","coordinates":[[8.911,54.3678],[8.9219,54.3714],[8.9321,54.3714],[8.9421,54.372],[8.9478,54.3631],[8.9572,54.3584]]}},{"type":"Feature","properties":{"r":4,"n":"Dortherbeek"},"geometry":{"type":"LineString","coordinates":[[6.2603,52.2283],[6.2503,52.2269],[6.2398,52.2276],[6.2299,52.2294],[6.2198,52.2299],[6.2111,52.2351]]}},{"type":"Feature","properties":{"r":6,"n":"Zeehavenkanaal"},"geometry":{"type":"LineString","coordinates":[[6.9448,53.3247],[6.959,53.3219],[6.9732,53.3192],[6.987,53.3157],[6.998,53.3136],[7.0085,53.317]]}},{"type":"Feature","properties":{"r":6,"n":"Lutterhoofdwijk"},"geometry":{"type":"LineString","coordinates":[[6.5701,52.6315],[6.5991,52.6465],[6.6153,52.6511],[6.6364,52.6527],[6.6557,52.6542],[6.6905,52.6568]]}},{"type":"Feature","properties":{"r":6,"n":"Ommerkanaal"},"geometry":{"type":"LineString","coordinates":[[6.4453,52.5983],[6.454,52.607],[6.4817,52.6112],[6.504,52.6128],[6.5185,52.6138],[6.5447,52.6151]]}},{"type":"Feature","properties":{"r":6,"n":"Offierkanaal"},"geometry":{"type":"LineString","coordinates":[[6.2059,53.1153],[6.196,53.1181],[6.1766,53.118],[6.1663,53.1189],[6.1484,53.1103],[6.1389,53.106]]}},{"type":"Feature","properties":{"r":6,"n":"Zwolse Vaart"},"geometry":{"type":"LineString","coordinates":[[5.9301,52.6685],[5.9157,52.6701],[5.903,52.6746],[5.8935,52.6782],[5.8845,52.6864],[5.8699,52.7006]]}},{"type":"Feature","properties":{"r":6,"n":"Oste-Hamme-Kanal"},"geometry":{"type":"LineString","coordinates":[[9.0432,53.4111],[9.0587,53.4193],[9.0745,53.4248],[9.0845,53.4283],[9.0939,53.4318],[9.1033,53.4358]]}},{"type":"Feature","properties":{"r":6,"n":"Dedemsvaart"},"geometry":{"type":"LineString","coordinates":[[6.2583,52.5917],[6.2466,52.5902],[6.2358,52.5889],[6.2252,52.5877],[6.215,52.5865],[6.2028,52.5846]]}},{"type":"Feature","properties":{"r":4,"n":"Leda"},"geometry":{"type":"LineString","coordinates":[[7.5247,53.2236],[7.5179,53.2314],[7.5077,53.2275],[7.4977,53.2237],[7.4863,53.221],[7.4757,53.2163]]}},{"type":"Feature","properties":{"r":6,"n":"Süd-Nord Kanal"},"geometry":{"type":"LineString","coordinates":[[7.0982,52.6459],[7.0955,52.656],[7.0946,52.668],[7.096,52.68],[7.0975,52.693],[7.1001,52.7164]]}},{"type":"Feature","properties":{"r":6,"n":"Noordwooldervaort"},"geometry":{"type":"LineString","coordinates":[[6.1369,52.8933],[6.1265,52.8895],[6.1163,52.889],[6.1066,52.8851],[6.0975,52.8896],[6.0883,52.8955]]}},{"type":"Feature","properties":{"r":6,"n":"Polderhoofdkanaal"},"geometry":{"type":"LineString","coordinates":[[5.9484,53.0986],[5.961,53.0929],[5.9713,53.0882],[5.9812,53.0837],[5.994,53.0779],[6.0037,53.0735]]}},{"type":"Feature","properties":{"r":4,"n":"Hamme"},"geometry":{"type":"LineString","coordinates":[[8.9197,53.2673],[8.9187,53.2569],[8.9141,53.2479],[8.9028,53.2453],[8.8938,53.2398],[8.8873,53.2311]]}},{"type":"Feature","properties":{"r":6,"n":"Goot"},"geometry":{"type":"LineString","coordinates":[[5.9899,52.6255],[5.9913,52.6144],[5.9811,52.6058],[5.9744,52.5974],[5.9648,52.5915],[5.9538,52.592]]}},{"type":"Feature","properties":{"r":4,"n":"De Tsjonger of De Kuunder"},"geometry":{"type":"LineString","coordinates":[[6.1508,52.972],[6.1339,52.9592],[6.1259,52.9527],[6.1154,52.9512],[6.1024,52.9461],[6.0929,52.9424]]}},{"type":"Feature","properties":{"r":4,"n":"Reitdiep"},"geometry":{"type":"LineString","coordinates":[[6.3557,53.3147],[6.3464,53.3192],[6.3354,53.3167],[6.325,53.3155],[6.3156,53.3211],[6.306,53.3327]]}},{"type":"Feature","properties":{"r":6,"n":"Drentsche Hoofdvaart"},"geometry":{"type":"LineString","coordinates":[[6.3394,52.8443],[6.3313,52.8375],[6.3166,52.8267],[6.3049,52.8181],[6.2922,52.7985],[6.2872,52.7895]]}},{"type":"Feature","properties":{"r":4,"n":"Neue Hase (Essener Kanal)"},"geometry":{"type":"LineString","coordinates":[[7.9692,52.6971],[7.9589,52.6968],[7.9466,52.7016],[7.9359,52.7053],[7.9262,52.7085],[7.9157,52.7122]]}}]},"lakes":{"type":"FeatureCollection","features":[{"type":"Feature","properties":{"n":"Hohenwarte-Stausee"},"geometry":{"type":"Polygon","coordinates":[[[11.5649,50.6041],[11.5775,50.5983],[11.5877,50.5978],[11.5978,50.5972],[11.605,50.6045],[11.6152,50.6031],[11.6241,50.6087],[11.6301,50.5998],[11.6285,50.5898],[11.6388,50.5913],[11.6484,50.5944],[11.6451,50.6039],[11.6425,50.5935],[11.6337,50.5989],[11.6334,50.6089],[11.6235,50.6104],[11.6145,50.6052],[11.6035,50.606],[11.5962,50.5982],[11.5879,50.6041],[11.5783,50.6008],[11.5702,50.6071],[11.5589,50.6097],[11.5499,50.6142],[11.5414,50.6081],[11.5419,50.6182],[11.5327,50.6225],[11.5213,50.6196],[11.5114,50.6219],[11.5073,50.6124],[11.4975,50.6146],[11.4929,50.6052],[11.5026,50.5999],[11.5133,50.5965],[11.5105,50.6062],[11.5167,50.6145],[11.5264,50.6177],[11.5287,50.6078],[11.539,50.6051],[11.5489,50.6075],[11.5594,50.6074],[11.5649,50.6041]]]}},{"type":"Feature","properties":{"n":"Mur"},"geometry":{"type":"Polygon","coordinates":[[[14.7462,47.1831],[14.7564,47.1876],[14.766,47.1841],[14.7753,47.1891],[14.785,47.1863],[14.7939,47.1925],[14.8034,47.1966],[14.8134,47.1933],[14.8227,47.197],[14.8329,47.1994],[14.843,47.2007],[14.8418,47.2108],[14.8441,47.2224],[14.841,47.2321],[14.8506,47.2353],[14.8406,47.2357],[14.8436,47.2258],[14.8446,47.2156],[14.8471,47.2057],[14.8386,47.1998],[14.8278,47.198],[14.8177,47.1944],[14.8076,47.1936],[14.7971,47.1938],[14.7889,47.1875],[14.779,47.1905],[14.7715,47.1836],[14.7616,47.1857],[14.7517,47.1837],[14.7409,47.1819],[14.7375,47.1723],[14.7274,47.172],[14.7381,47.1734],[14.7418,47.1828],[14.7462,47.1831]]]}},{"type":"Feature","properties":{"n":"Miedwie"},"geometry":{"type":"Polygon","coordinates":[[[14.9159,53.3221],[14.9243,53.331],[14.9292,53.3402],[14.9247,53.3494],[14.9146,53.351],[14.9067,53.3444],[14.9007,53.3363],[14.8946,53.3283],[14.8896,53.3196],[14.884,53.3111],[14.8778,53.3031],[14.8709,53.2956],[14.8702,53.2856],[14.8665,53.2763],[14.8599,53.2687],[14.8625,53.2581],[14.8619,53.2466],[14.8616,53.2358],[14.8676,53.2277],[14.8746,53.2205],[14.8836,53.2148],[14.8934,53.2128],[14.9029,53.2092],[14.9124,53.2124],[14.9125,53.2227],[14.9064,53.2307],[14.9034,53.2405],[14.9002,53.252],[14.903,53.2631],[14.9026,53.2749],[14.8986,53.2859],[14.9057,53.2956],[14.9108,53.3064],[14.9138,53.3163],[14.9159,53.3221]]]}},{"type":"Feature","properties":{"n":"Boschwad"},"geometry":{"type":"Polygon","coordinates":[[[6.4783,53.5112],[6.4761,53.4999],[6.4852,53.493],[6.4954,53.4962],[6.5058,53.4914],[6.4937,53.4918],[6.4821,53.4907],[6.4718,53.4894],[6.4811,53.4833],[6.4928,53.4839],[6.5027,53.4859],[6.513,53.4881],[6.5034,53.4851],[6.5118,53.4796],[6.5013,53.481],[6.4903,53.4821],[6.4804,53.4803],[6.4896,53.4757],[6.4793,53.4777],[6.4697,53.4822],[6.4782,53.475],[6.4868,53.4694],[6.4765,53.4751],[6.4661,53.4783],[6.4507,53.4748],[6.4467,53.4843],[6.454,53.4923],[6.4436,53.4933],[6.4783,53.5112]]]}},{"type":"Feature","properties":{"n":"Kummerower See"},"geometry":{"type":"Polygon","coordinates":[[[12.8018,53.7737],[12.8058,53.783],[12.8144,53.7911],[12.8218,53.8002],[12.8209,53.8116],[12.8288,53.8183],[12.8389,53.8207],[12.8487,53.8277],[12.8586,53.8301],[12.8745,53.8385],[12.8833,53.8439],[12.8923,53.8483],[12.9025,53.8484],[12.9119,53.8438],[12.9119,53.8326],[12.9114,53.8226],[12.9004,53.8129],[12.8947,53.8046],[12.884,53.805],[12.8746,53.8008],[12.8698,53.792],[12.8631,53.7845],[12.8526,53.7777],[12.8432,53.7737],[12.8332,53.7727],[12.8232,53.7701],[12.8132,53.7671],[12.8021,53.773],[12.8018,53.7737]]]}},{"type":"Feature","properties":{"n":"Mondsee"},"geometry":{"type":"Polygon","coordinates":[[[13.3538,47.852],[13.3634,47.849],[13.3736,47.8454],[13.383,47.8416],[13.3907,47.835],[13.3936,47.8254],[13.389,47.8165],[13.3978,47.8115],[13.4074,47.8146],[13.4161,47.8088],[13.4257,47.8054],[13.436,47.8057],[13.4461,47.806],[13.4373,47.801],[13.4269,47.8011],[13.4167,47.7989],[13.4067,47.7988],[13.3966,47.799],[13.3869,47.8016],[13.3781,47.8066],[13.3698,47.8127],[13.3644,47.8212],[13.3655,47.8312],[13.3585,47.8384],[13.348,47.8404],[13.3408,47.8474],[13.3504,47.8506],[13.3538,47.852]]]}},{"type":"Feature","properties":{"n":"Traun"},"geometry":{"type":"Polygon","coordinates":[[[13.7279,47.7823],[13.7259,47.772],[13.7178,47.766],[13.7086,47.7612],[13.7,47.7541],[13.69,47.7499],[13.6808,47.7451],[13.6709,47.7428],[13.6814,47.7455],[13.6904,47.7504],[13.6999,47.7544],[13.7076,47.7609],[13.7165,47.7655],[13.7257,47.7727],[13.7274,47.7826],[13.7371,47.7862],[13.7448,47.7927],[13.7562,47.7968],[13.7632,47.8041],[13.7709,47.8105],[13.7806,47.8132],[13.7707,47.8101],[13.7628,47.803],[13.7546,47.7956],[13.7442,47.7918],[13.7363,47.7853],[13.7279,47.7823]]]}},{"type":"Feature","properties":{"n":"Saalach"},"geometry":{"type":"Polygon","coordinates":[[[12.8287,47.479],[12.823,47.4876],[12.8131,47.4891],[12.803,47.4918],[12.793,47.4977],[12.7828,47.5021],[12.7718,47.5038],[12.7622,47.509],[12.7549,47.5166],[12.7478,47.5244],[12.7383,47.5285],[12.7302,47.5345],[12.7235,47.5424],[12.7299,47.5344],[12.738,47.5284],[12.7474,47.5244],[12.7542,47.517],[12.762,47.5088],[12.7709,47.5035],[12.7809,47.5027],[12.7902,47.4982],[12.7995,47.4943],[12.8097,47.4901],[12.82,47.4879],[12.8271,47.4805],[12.8287,47.479]]]}},{"type":"Feature","properties":{"n":"Mur"},"geometry":{"type":"Polygon","coordinates":[[[14.5042,47.2106],[14.4942,47.2104],[14.4842,47.2111],[14.4742,47.2136],[14.4641,47.2114],[14.455,47.2072],[14.4463,47.2015],[14.4552,47.2068],[14.4643,47.211],[14.4743,47.2131],[14.4841,47.2106],[14.4942,47.2096],[14.5046,47.2103],[14.5148,47.2087],[14.5231,47.203],[14.5308,47.2094],[14.5413,47.2096],[14.551,47.2058],[14.5413,47.2099],[14.5313,47.2095],[14.5232,47.2035],[14.5148,47.2091],[14.5044,47.2106],[14.5042,47.2106]]]}},{"type":"Feature","properties":{"n":"Werbellinsee"},"geometry":{"type":"Polygon","coordinates":[[[13.6535,52.9097],[13.6647,52.9108],[13.675,52.9139],[13.6866,52.9131],[13.6956,52.9175],[13.7041,52.9234],[13.7082,52.9331],[13.717,52.9383],[13.7191,52.9484],[13.7274,52.9551],[13.7375,52.9545],[13.746,52.9599],[13.7386,52.9525],[13.7295,52.9481],[13.7265,52.9384],[13.7214,52.9295],[13.7193,52.9186],[13.7094,52.9142],[13.7001,52.9099],[13.688,52.9047],[13.6757,52.9025],[13.6654,52.9037],[13.6531,52.9051],[13.6535,52.9097]]]}},{"type":"Feature","properties":{"n":"Woświn"},"geometry":{"type":"Polygon","coordinates":[[[15.4298,53.5277],[15.4381,53.5218],[15.4427,53.5127],[15.4313,53.5147],[15.4237,53.5215],[15.4136,53.5176],[15.4037,53.5203],[15.3973,53.5289],[15.3995,53.5388],[15.3954,53.5482],[15.3855,53.554],[15.3755,53.5584],[15.365,53.5588],[15.3594,53.5677],[15.3504,53.573],[15.3608,53.5702],[15.369,53.5617],[15.3815,53.5613],[15.3923,53.5588],[15.3999,53.5523],[15.4092,53.5468],[15.415,53.5386],[15.4216,53.5309],[15.4298,53.5277]]]}},{"type":"Feature","properties":{"n":"Malchiner See"},"geometry":{"type":"Polygon","coordinates":[[[12.5853,53.6625],[12.5761,53.6666],[12.5696,53.6748],[12.5788,53.679],[12.5892,53.6804],[12.5983,53.6849],[12.608,53.6878],[12.6195,53.6895],[12.6253,53.6994],[12.6317,53.7074],[12.6385,53.7156],[12.6479,53.7193],[12.6584,53.7209],[12.6602,53.711],[12.6555,53.6998],[12.6473,53.6928],[12.6395,53.6865],[12.6294,53.6832],[12.6213,53.6766],[12.616,53.6675],[12.6051,53.6655],[12.594,53.6656],[12.5853,53.6625]]]}},{"type":"Feature","properties":{"n":"Lübbesee"},"geometry":{"type":"Polygon","coordinates":[[[13.5346,53.1143],[13.5451,53.113],[13.5578,53.113],[13.5656,53.1065],[13.5738,53.1007],[13.5721,53.0902],[13.5794,53.083],[13.5895,53.0809],[13.5994,53.0786],[13.6096,53.0781],[13.6194,53.0752],[13.6091,53.0743],[13.5975,53.0754],[13.5882,53.0795],[13.5777,53.0804],[13.5697,53.0868],[13.563,53.0943],[13.5655,53.1041],[13.5567,53.1092],[13.5452,53.1088],[13.5358,53.1133],[13.5346,53.1143]]]}},{"type":"Feature","properties":{"n":"Randow"},"geometry":{"type":"Polygon","coordinates":[[[14.1165,53.603],[14.1138,53.6128],[14.1041,53.6153],[14.0943,53.6193],[14.0851,53.6234],[14.077,53.6294],[14.0689,53.6358],[14.0613,53.6423],[14.0688,53.6491],[14.0701,53.6593],[14.0694,53.6694],[14.0703,53.6594],[14.0691,53.6493],[14.0602,53.644],[14.0688,53.6388],[14.0745,53.6304],[14.0827,53.6246],[14.0926,53.6218],[14.1008,53.6159],[14.1111,53.6148],[14.1142,53.6051],[14.1165,53.603]]]}},{"type":"Feature","properties":{"n":"Saale"},"geometry":{"type":"Polygon","coordinates":[[[11.9814,51.4009],[11.9737,51.4079],[11.9632,51.4099],[11.9533,51.4074],[11.9531,51.4174],[11.9524,51.4278],[11.9458,51.4354],[11.9354,51.4382],[11.9253,51.4396],[11.9157,51.4425],[11.9246,51.45],[11.9151,51.4466],[11.9224,51.4387],[11.9352,51.4377],[11.9449,51.435],[11.9518,51.4276],[11.9521,51.4175],[11.9519,51.4075],[11.9618,51.4091],[11.9729,51.4074],[11.9808,51.4006],[11.9814,51.4009]]]}},{"type":"Feature","properties":{"n":"vodní nádrž Jesenice"},"geometry":{"type":"Polygon","coordinates":[[[12.4476,50.0675],[12.4579,50.0677],[12.4612,50.0773],[12.4697,50.0832],[12.4797,50.0836],[12.4742,50.0745],[12.48,50.0661],[12.4699,50.0671],[12.4623,50.0604],[12.4514,50.0588],[12.4412,50.0602],[12.4324,50.0554],[12.4231,50.0515],[12.4136,50.0451],[12.4033,50.0464],[12.4134,50.048],[12.4205,50.0552],[12.4254,50.064],[12.4355,50.0657],[12.4455,50.0674],[12.4476,50.0675]]]}},{"type":"Feature","properties":{"n":"Bärwalder See"},"geometry":{"type":"Polygon","coordinates":[[[14.5268,51.3644],[14.537,51.3619],[14.5473,51.359],[14.5574,51.3588],[14.567,51.3639],[14.5728,51.3723],[14.5729,51.3824],[14.5831,51.3835],[14.5783,51.3926],[14.5685,51.3956],[14.5585,51.3977],[14.5528,51.3889],[14.5425,51.387],[14.532,51.3846],[14.5205,51.3823],[14.5105,51.3826],[14.5015,51.378],[14.5111,51.3746],[14.5199,51.3694],[14.5268,51.3644]]]}},{"type":"Feature","properties":{"n":"Steyr"},"geometry":{"type":"Polygon","coordinates":[[[14.3949,48.0423],[14.3843,48.0424],[14.3736,48.0449],[14.3639,48.0494],[14.353,48.0506],[14.3427,48.0514],[14.3362,48.0437],[14.337,48.0336],[14.3311,48.0251],[14.3364,48.0339],[14.3288,48.0404],[14.3377,48.0466],[14.3464,48.0516],[14.3571,48.0503],[14.3674,48.0488],[14.3768,48.0444],[14.3869,48.0426],[14.3992,48.0422],[14.3949,48.0423]]]}},{"type":"Feature","properties":{"n":"Partwitzer See"},"geometry":{"type":"Polygon","coordinates":[[[14.1704,51.5112],[14.1607,51.5072],[14.1507,51.5062],[14.1393,51.5084],[14.1301,51.5134],[14.1278,51.5233],[14.1199,51.5295],[14.1107,51.5339],[14.1215,51.5406],[14.1319,51.5419],[14.1421,51.5413],[14.152,51.5393],[14.1617,51.5353],[14.1595,51.5248],[14.1494,51.5215],[14.1595,51.5221],[14.1687,51.5262],[14.1708,51.5156],[14.1704,51.5112]]]}},{"type":"Feature","properties":{"n":"Enns"},"geometry":{"type":"Polygon","coordinates":[[[14.3872,47.5849],[14.3764,47.5792],[14.3664,47.5794],[14.3557,47.5807],[14.3451,47.5771],[14.3353,47.5741],[14.3254,47.572],[14.3135,47.5705],[14.306,47.5638],[14.3133,47.5708],[14.3231,47.5729],[14.333,47.5745],[14.3448,47.5775],[14.3546,47.5804],[14.3648,47.581],[14.3749,47.579],[14.3841,47.5849],[14.3872,47.5849]]]}},{"type":"Feature","properties":{"n":"Dortmund-Ems-Kanal"},"geometry":{"type":"Polygon","coordinates":[[[7.7114,52.1422],[7.7089,52.1318],[7.7095,52.1216],[7.7105,52.1111],[7.7059,52.1018],[7.6983,52.091],[7.6938,52.0752],[7.6915,52.0645],[7.6891,52.0536],[7.6906,52.0641],[7.6943,52.0811],[7.6978,52.0915],[7.7036,52.0998],[7.7092,52.1083],[7.7091,52.1185],[7.7078,52.129],[7.7106,52.1393],[7.7114,52.1422]]]}},{"type":"Feature","properties":{"n":"Grenzaa"},"geometry":{"type":"Polygon","coordinates":[[[6.8323,52.6516],[6.8228,52.6478],[6.8104,52.6489],[6.7988,52.6513],[6.7885,52.6525],[6.7783,52.6517],[6.7883,52.6526],[6.7993,52.6515],[6.8157,52.6487],[6.8258,52.6486],[6.8363,52.6519],[6.8472,52.6496],[6.8579,52.6496],[6.869,52.6517],[6.8584,52.6495],[6.8481,52.6492],[6.8382,52.6519],[6.8323,52.6516]]]}},{"type":"Feature","properties":{"n":"Jezioro Rejowickie"},"geometry":{"type":"Polygon","coordinates":[[[15.2735,53.8391],[15.2765,53.8292],[15.2686,53.836],[15.2618,53.8455],[15.2516,53.8493],[15.2426,53.8538],[15.232,53.8578],[15.2216,53.8577],[15.2119,53.8604],[15.2231,53.8588],[15.2264,53.8684],[15.2302,53.8777],[15.2288,53.8673],[15.235,53.858],[15.2457,53.8538],[15.257,53.8498],[15.2698,53.8423],[15.2735,53.8391]]]}},{"type":"Feature","properties":{"n":"Fleesensee"},"geometry":{"type":"Polygon","coordinates":[[[12.4431,53.4886],[12.4375,53.497],[12.4442,53.505],[12.4536,53.5095],[12.4636,53.5097],[12.474,53.513],[12.4694,53.5225],[12.4797,53.5229],[12.4899,53.523],[12.4981,53.517],[12.5029,53.508],[12.5004,53.4982],[12.4916,53.4931],[12.4815,53.4916],[12.4713,53.4919],[12.4608,53.4939],[12.4508,53.4932],[12.4431,53.4886]]]}},{"type":"Feature","properties":{"n":"Alte Aller"},"geometry":{"type":"Polygon","coordinates":[[[9.1134,52.9906],[9.1035,52.9927],[9.0927,52.9948],[9.0825,52.9965],[9.0924,52.995],[9.1024,52.993],[9.1123,52.9911],[9.1221,52.9891],[9.1359,52.9833],[9.1455,52.9803],[9.1555,52.9809],[9.1651,52.9775],[9.1553,52.9806],[9.1451,52.9803],[9.1306,52.9852],[9.121,52.9882],[9.1134,52.9906]]]}},{"type":"Feature","properties":{"n":"Sleattemer Mar"},"geometry":{"type":"Polygon","coordinates":[[[5.6132,52.9021],[5.603,52.9026],[5.5956,52.9095],[5.5975,52.9194],[5.6072,52.9254],[5.617,52.9277],[5.6265,52.931],[5.6368,52.9323],[5.6469,52.933],[5.6565,52.9298],[5.6612,52.9208],[5.652,52.9164],[5.6443,52.9097],[5.6353,52.9053],[5.6255,52.9033],[5.6153,52.9022],[5.6132,52.9021]]]}},{"type":"Feature","properties":{"n":"Pełcz"},"geometry":{"type":"Polygon","coordinates":[[[15.3717,52.9876],[15.3616,52.9854],[15.3528,52.993],[15.3491,53.0027],[15.3405,53.008],[15.3309,53.0109],[15.3215,53.0146],[15.311,53.0163],[15.3014,53.0239],[15.311,53.0198],[15.3215,53.0165],[15.332,53.0131],[15.3425,53.0085],[15.3525,53.0056],[15.3613,53.0002],[15.3646,52.9907],[15.3717,52.9876]]]}},{"type":"Feature","properties":{"n":"Płoń"},"geometry":{"type":"Polygon","coordinates":[[[15.1276,53.1339],[15.1178,53.1318],[15.1078,53.1329],[15.0928,53.1373],[15.0825,53.1405],[15.0714,53.1449],[15.0628,53.1504],[15.0516,53.1536],[15.0444,53.1611],[15.0555,53.1629],[15.0655,53.1608],[15.0768,53.1588],[15.0863,53.1553],[15.098,53.1465],[15.1095,53.1423],[15.1199,53.1379],[15.1276,53.1339]]]}},{"type":"Feature","properties":{"n":"Unteruckersee"},"geometry":{"type":"Polygon","coordinates":[[[13.8801,53.2756],[13.8793,53.2656],[13.8762,53.2559],[13.8694,53.2483],[13.8594,53.2506],[13.8511,53.2573],[13.8584,53.2644],[13.8531,53.2729],[13.849,53.2821],[13.8487,53.2925],[13.8465,53.3024],[13.8524,53.3107],[13.8608,53.3052],[13.8664,53.2966],[13.8748,53.291],[13.8804,53.2827],[13.8801,53.2756]]]}},{"type":"Feature","properties":{"n":"Altdöberner See"},"geometry":{"type":"Polygon","coordinates":[[[14.043,51.6408],[14.0511,51.647],[14.0594,51.6538],[14.068,51.6598],[14.0785,51.6612],[14.0888,51.662],[14.0972,51.6559],[14.0938,51.6462],[14.0855,51.652],[14.0755,51.6523],[14.0751,51.6423],[14.0797,51.6327],[14.0714,51.6252],[14.0608,51.6253],[14.0532,51.6319],[14.0448,51.6376],[14.043,51.6408]]]}},{"type":"Feature","properties":{"n":"Geierswalder See"},"geometry":{"type":"Polygon","coordinates":[[[14.085,51.4975],[14.0728,51.4999],[14.0825,51.497],[14.0935,51.4958],[14.1041,51.4958],[14.1139,51.4923],[14.1232,51.4964],[14.1312,51.5026],[14.1253,51.511],[14.1194,51.5194],[14.1097,51.5222],[14.0999,51.5198],[14.1094,51.5158],[14.1007,51.5094],[14.0903,51.508],[14.0894,51.4978],[14.085,51.4975]]]}},{"type":"Feature","properties":{"n":"Waginger See"},"geometry":{"type":"Polygon","coordinates":[[[12.7554,47.9452],[12.7656,47.9457],[12.7774,47.9479],[12.7869,47.9437],[12.796,47.9357],[12.8021,47.9276],[12.7933,47.9222],[12.7843,47.9266],[12.7751,47.9331],[12.7651,47.9349],[12.7569,47.941],[12.748,47.9458],[12.738,47.9466],[12.7454,47.9535],[12.7537,47.9478],[12.7554,47.9452]]]}},{"type":"Feature","properties":{"n":"Talsperre Eibenstock"},"geometry":{"type":"Polygon","coordinates":[[[12.5984,50.5288],[12.593,50.5203],[12.5885,50.5111],[12.5792,50.5074],[12.5694,50.5102],[12.578,50.5154],[12.586,50.5217],[12.5797,50.5295],[12.5695,50.5312],[12.5595,50.5327],[12.5696,50.5326],[12.5794,50.5346],[12.5831,50.5441],[12.5878,50.5352],[12.5975,50.532],[12.5984,50.5288]]]}},{"type":"Feature","properties":{"n":"Okerstausee"},"geometry":{"type":"Polygon","coordinates":[[[10.46,51.8508],[10.4556,51.8416],[10.4633,51.8352],[10.472,51.8298],[10.462,51.8291],[10.4516,51.8271],[10.4433,51.8211],[10.4505,51.8289],[10.4581,51.8358],[10.4483,51.8383],[10.4403,51.8316],[10.4304,51.8296],[10.4416,51.8338],[10.4425,51.8439],[10.4526,51.8446],[10.46,51.8508]]]}},{"type":"Feature","properties":{"n":"Beulakerwijde"},"geometry":{"type":"Polygon","coordinates":[[[6.0122,52.6879],[6.0212,52.6924],[6.0283,52.6995],[6.035,52.707],[6.0434,52.7125],[6.0535,52.7134],[6.0636,52.7116],[6.0705,52.7036],[6.0751,52.6947],[6.0657,52.6912],[6.0557,52.6909],[6.0456,52.6891],[6.0359,52.6862],[6.0261,52.6841],[6.0162,52.6858],[6.0122,52.6879]]]}},{"type":"Feature","properties":{"n":"Hamgracht"},"geometry":{"type":"Polygon","coordinates":[[[5.8901,52.7944],[5.8976,52.7874],[5.9052,52.7806],[5.9143,52.7744],[5.9239,52.7695],[5.9349,52.7647],[5.9443,52.761],[5.954,52.7581],[5.9441,52.7609],[5.9341,52.765],[5.9246,52.7691],[5.9155,52.7736],[5.9068,52.779],[5.8988,52.786],[5.8916,52.7931],[5.8901,52.7944]]]}},{"type":"Feature","properties":{"n":"Großer Pälitzsee"},"geometry":{"type":"Polygon","coordinates":[[[12.9612,53.2038],[12.9711,53.2002],[12.9812,53.1987],[12.9896,53.2049],[12.9838,53.1966],[12.9896,53.1883],[12.9784,53.1858],[12.9669,53.1812],[12.9578,53.1767],[12.9485,53.1726],[12.9561,53.1796],[12.9643,53.1859],[12.974,53.1899],[12.9682,53.1987],[12.9574,53.1993],[12.9612,53.2038]]]}},{"type":"Feature","properties":{"n":"Berlin-Spandauer Schifffahrtskanal"},"geometry":{"type":"Polygon","coordinates":[[[13.323,52.5436],[13.313,52.5478],[13.3023,52.5482],[13.2922,52.5484],[13.2813,52.5486],[13.2705,52.5488],[13.2595,52.5484],[13.2497,52.5511],[13.2401,52.5558],[13.2493,52.5518],[13.2612,52.5494],[13.2837,52.549],[13.296,52.5488],[13.3096,52.5484],[13.32,52.5465],[13.323,52.5436]]]}},{"type":"Feature","properties":{"n":"Hohennauener See"},"geometry":{"type":"Polygon","coordinates":[[[12.3975,52.6635],[12.4071,52.6606],[12.4137,52.653],[12.4045,52.6573],[12.3944,52.6599],[12.3854,52.6646],[12.3754,52.6624],[12.3655,52.6642],[12.3557,52.6615],[12.3455,52.661],[12.3538,52.6668],[12.3632,52.6703],[12.3735,52.6703],[12.3835,52.6713],[12.3932,52.6678],[12.3975,52.6635]]]}},{"type":"Feature","properties":{"n":"Großer Küstrinsee"},"geometry":{"type":"Polygon","coordinates":[[[13.4226,53.2276],[13.4124,53.2231],[13.4026,53.2253],[13.3922,53.2264],[13.3821,53.2265],[13.3727,53.223],[13.3809,53.2295],[13.3913,53.2324],[13.4012,53.2284],[13.4111,53.2263],[13.4213,53.2298],[13.4313,53.2322],[13.4432,53.232],[13.4332,53.228],[13.4231,53.2273],[13.4226,53.2276]]]}},{"type":"Feature","properties":{"n":"Berzdorfer See"},"geometry":{"type":"Polygon","coordinates":[[[14.9289,51.0708],[14.925,51.0801],[14.9284,51.0898],[14.9393,51.0948],[14.9494,51.097],[14.9556,51.1057],[14.9661,51.1085],[14.9757,51.1053],[14.9754,51.0951],[14.9709,51.0861],[14.9635,51.079],[14.9549,51.0738],[14.9451,51.071],[14.9345,51.0712],[14.9289,51.0708]]]}},{"type":"Feature","properties":{"n":"Wallersee"},"geometry":{"type":"Polygon","coordinates":[[[13.2043,47.9297],[13.2006,47.9201],[13.1912,47.9163],[13.1818,47.9128],[13.1739,47.9065],[13.1653,47.9011],[13.1552,47.9006],[13.1453,47.9029],[13.1527,47.9097],[13.1599,47.9172],[13.1691,47.9212],[13.1791,47.9202],[13.1885,47.9245],[13.1983,47.9279],[13.2043,47.9297]]]}},{"type":"Feature","properties":{"n":"Jezioro Złotnickie"},"geometry":{"type":"Polygon","coordinates":[[[15.3877,51.0318],[15.3959,51.0253],[15.3882,51.0317],[15.3823,51.0235],[15.3742,51.0176],[15.3637,51.0173],[15.3535,51.0176],[15.3435,51.0183],[15.3335,51.0182],[15.3436,51.0198],[15.3542,51.0188],[15.3646,51.0186],[15.3744,51.0214],[15.3836,51.0254],[15.3877,51.0318]]]}},{"type":"Feature","properties":{"n":"Bienener Altrhein"},"geometry":{"type":"Polygon","coordinates":[[[6.3196,51.8098],[6.3296,51.8133],[6.3392,51.8162],[6.3492,51.8158],[6.3584,51.8108],[6.3631,51.8019],[6.3572,51.7938],[6.354,51.7842],[6.3562,51.794],[6.3606,51.8032],[6.3536,51.8122],[6.341,51.8149],[6.3305,51.8127],[6.3204,51.8103],[6.3196,51.8098]]]}},{"type":"Feature","properties":{"n":"Dattelner Meer"},"geometry":{"type":"Polygon","coordinates":[[[7.3591,51.6679],[7.3682,51.6637],[7.3634,51.654],[7.3543,51.6493],[7.3635,51.6443],[7.3733,51.6416],[7.3634,51.6437],[7.3537,51.6471],[7.3452,51.641],[7.3378,51.6341],[7.3448,51.6413],[7.3524,51.6484],[7.3603,51.6554],[7.3588,51.6661],[7.3591,51.6679]]]}},{"type":"Feature","properties":{"n":"Sparregat"},"geometry":{"type":"Polygon","coordinates":[[[6.6227,53.5353],[6.6327,53.5393],[6.6331,53.5278],[6.6261,53.5193],[6.6322,53.5112],[6.6223,53.5145],[6.6298,53.5064],[6.6397,53.508],[6.6445,53.4989],[6.6339,53.4971],[6.624,53.5],[6.615,53.5056],[6.6166,53.5166],[6.6221,53.5275],[6.6227,53.5353]]]}},{"type":"Feature","properties":{"n":"Scheibesee - Šibojski jězor"},"geometry":{"type":"Polygon","coordinates":[[[14.3517,51.4527],[14.3617,51.449],[14.3738,51.4437],[14.3661,51.4363],[14.3559,51.4381],[14.3432,51.4389],[14.333,51.4397],[14.3225,51.4407],[14.3118,51.4429],[14.3049,51.451],[14.3147,51.4546],[14.3271,51.4544],[14.3371,51.4538],[14.3492,51.4532],[14.3517,51.4527]]]}},{"type":"Feature","properties":{"n":"Elbe"},"geometry":{"type":"Polygon","coordinates":[[[12.8025,51.7876],[12.8064,51.7782],[12.8058,51.7682],[12.8119,51.7602],[12.8203,51.7546],[12.8155,51.7458],[12.8068,51.7407],[12.816,51.7449],[12.8243,51.7512],[12.8168,51.7587],[12.8088,51.7651],[12.8094,51.7754],[12.8035,51.7839],[12.8083,51.7928],[12.8025,51.7876]]]}},{"type":"Feature","properties":{"n":"Traun"},"geometry":{"type":"Polygon","coordinates":[[[14.2854,48.2337],[14.2772,48.2279],[14.2686,48.2225],[14.2577,48.2177],[14.2482,48.2142],[14.2383,48.2105],[14.2273,48.2066],[14.2374,48.2108],[14.2469,48.2145],[14.2567,48.2178],[14.2657,48.2224],[14.2753,48.2257],[14.2827,48.2338],[14.2854,48.2337]]]}},{"type":"Feature","properties":{"n":"Talsperre Pöhl"},"geometry":{"type":"Polygon","coordinates":[[[12.2157,50.5228],[12.2257,50.5214],[12.2154,50.519],[12.2065,50.5242],[12.1979,50.5298],[12.1903,50.5367],[12.1832,50.5443],[12.1903,50.5518],[12.2003,50.5522],[12.2092,50.5474],[12.1991,50.5447],[12.2067,50.538],[12.2091,50.528],[12.2157,50.5228]]]}},{"type":"Feature","properties":{"n":"Staňkovský rybník"},"geometry":{"type":"Polygon","coordinates":[[[14.9596,48.9752],[14.9622,48.9849],[14.9722,48.9833],[14.9809,48.9886],[14.9908,48.9913],[14.9956,49.0002],[14.9906,49.0089],[14.9998,49.0042],[14.9957,48.995],[14.9882,48.9882],[14.9804,48.9816],[14.9702,48.9806],[14.961,48.9764],[14.9596,48.9752]]]}},{"type":"Feature","properties":{"n":"Langsee"},"geometry":{"type":"Polygon","coordinates":[[[9.5349,54.5722],[9.5449,54.5723],[9.5548,54.5741],[9.5645,54.5771],[9.5744,54.5793],[9.5843,54.581],[9.5943,54.5836],[9.5864,54.5774],[9.5762,54.5763],[9.5662,54.5746],[9.5561,54.5738],[9.5467,54.5703],[9.5367,54.5705],[9.5349,54.5722]]]}},{"type":"Feature","properties":{"n":"Linthorst-Homankanaal"},"geometry":{"type":"Polygon","coordinates":[[[6.5626,52.7848],[6.5577,52.776],[6.5518,52.7655],[6.5486,52.7559],[6.5467,52.746],[6.5484,52.7567],[6.5529,52.7679],[6.558,52.777],[6.5626,52.786],[6.5571,52.7954],[6.5506,52.8032],[6.5573,52.7954],[6.5629,52.7871],[6.5626,52.7848]]]}},{"type":"Feature","properties":{"n":"Vechte"},"geometry":{"type":"Polygon","coordinates":[[[6.7897,52.6066],[6.7995,52.6027],[6.8088,52.5987],[6.8261,52.6002],[6.8373,52.6021],[6.8473,52.5999],[6.8574,52.6023],[6.8476,52.6001],[6.8376,52.6024],[6.8264,52.6006],[6.8141,52.5982],[6.8043,52.601],[6.7944,52.605],[6.7897,52.6066]]]}},{"type":"Feature","properties":{"n":"Hemmelsdorfer See"},"geometry":{"type":"Polygon","coordinates":[[[10.7724,53.9688],[10.7805,53.9751],[10.7898,53.979],[10.8004,53.9807],[10.8114,53.9819],[10.8054,53.9729],[10.7966,53.9673],[10.7872,53.9625],[10.7831,53.9527],[10.7843,53.9422],[10.7753,53.9466],[10.775,53.9572],[10.7716,53.9668],[10.7724,53.9688]]]}},{"type":"Feature","properties":{"n":"Großer Plessower See"},"geometry":{"type":"Polygon","coordinates":[[[12.8705,52.4047],[12.881,52.4035],[12.8894,52.3949],[12.9,52.3915],[12.9063,52.3834],[12.9072,52.3734],[12.8968,52.3737],[12.8883,52.3795],[12.8794,52.3842],[12.8894,52.3825],[12.8859,52.3919],[12.8802,52.4008],[12.8701,52.4036],[12.8705,52.4047]]]}},{"type":"Feature","properties":{"n":"Resko Przymorskie"},"geometry":{"type":"Polygon","coordinates":[[[15.3674,54.1529],[15.3773,54.1501],[15.3878,54.1502],[15.3979,54.1495],[15.3976,54.1394],[15.3873,54.1374],[15.378,54.133],[15.3679,54.1333],[15.3592,54.1385],[15.3504,54.1434],[15.3408,54.1465],[15.3504,54.1497],[15.3632,54.1535],[15.3674,54.1529]]]}},{"type":"Feature","properties":{"n":"Ellbogensee"},"geometry":{"type":"Polygon","coordinates":[[[13.0076,53.2067],[13.0166,53.2112],[13.0255,53.216],[13.0356,53.216],[13.0417,53.2074],[13.0481,53.1997],[13.0586,53.2],[13.0483,53.1977],[13.0392,53.1934],[13.0364,53.2032],[13.0306,53.2126],[13.0207,53.211],[13.011,53.2074],[13.0076,53.2067]]]}},{"type":"Feature","properties":{"n":"Süßer See"},"geometry":{"type":"Polygon","coordinates":[[[11.6884,51.4873],[11.6787,51.4913],[11.6688,51.4938],[11.6589,51.4969],[11.6493,51.5003],[11.6398,51.5037],[11.65,51.5034],[11.6601,51.5016],[11.6699,51.4995],[11.6814,51.4973],[11.6909,51.494],[11.6999,51.4896],[11.6893,51.4872],[11.6884,51.4873]]]}},{"type":"Feature","properties":{"n":"Saale"},"geometry":{"type":"Polygon","coordinates":[[[12.0425,51.3253],[12.0393,51.3158],[12.0416,51.3256],[12.0314,51.3275],[12.0234,51.3339],[12.0133,51.3326],[12.0042,51.3368],[11.9994,51.3457],[12.0046,51.3369],[12.0138,51.3329],[12.0238,51.3344],[12.032,51.3278],[12.042,51.326],[12.0425,51.3253]]]}},{"type":"Feature","properties":{"n":"Großer Stechlinsee"},"geometry":{"type":"Polygon","coordinates":[[[13.0217,53.1557],[13.0303,53.1619],[13.0368,53.1696],[13.042,53.1609],[13.0367,53.1524],[13.0321,53.1433],[13.0224,53.1401],[13.0124,53.1409],[13.021,53.1467],[13.0117,53.1506],[13.0017,53.1507],[13.0098,53.157],[13.0199,53.1559],[13.0217,53.1557]]]}},{"type":"Feature","properties":{"n":"Neumühler See"},"geometry":{"type":"Polygon","coordinates":[[[11.305,53.6565],[11.3123,53.6495],[11.3224,53.6501],[11.3324,53.6477],[11.3427,53.6437],[11.3494,53.6352],[11.3574,53.6286],[11.3475,53.6334],[11.3394,53.6406],[11.3296,53.6448],[11.3192,53.6467],[11.3082,53.6472],[11.3,53.6545],[11.305,53.6565]]]}},{"type":"Feature","properties":{"n":"Woblitzsee"},"geometry":{"type":"Polygon","coordinates":[[[13.0219,53.3116],[13.0277,53.3033],[13.0169,53.3005],[13.0094,53.2931],[12.9992,53.2923],[12.9909,53.2859],[12.9822,53.2808],[12.9729,53.2849],[12.978,53.2936],[12.9881,53.2978],[12.9988,53.3013],[13.0063,53.3081],[13.0154,53.3124],[13.0219,53.3116]]]}},{"type":"Feature","properties":{"n":"Neuwieser See - Nowołučanski jězor"},"geometry":{"type":"Polygon","coordinates":[[[14.1657,51.502],[14.1799,51.4917],[14.19,51.4891],[14.1999,51.4873],[14.206,51.4953],[14.2166,51.4955],[14.2204,51.5052],[14.2116,51.5107],[14.2016,51.5115],[14.1924,51.5073],[14.1818,51.5095],[14.1799,51.4995],[14.1702,51.5023],[14.1657,51.502]]]}},{"type":"Feature","properties":{"n":"Großer Müggelsee"},"geometry":{"type":"Polygon","coordinates":[[[13.6305,52.427],[13.6212,52.4312],[13.6223,52.4414],[13.6314,52.4459],[13.6414,52.4466],[13.6514,52.4484],[13.6626,52.4473],[13.6727,52.446],[13.6782,52.4375],[13.6686,52.4326],[13.6583,52.43],[13.6496,52.425],[13.639,52.4271],[13.6305,52.427]]]}},{"type":"Feature","properties":{"n":"Plansee"},"geometry":{"type":"Polygon","coordinates":[[[10.7973,47.4729],[10.8072,47.4747],[10.8169,47.4773],[10.8264,47.4805],[10.8353,47.4851],[10.8454,47.4864],[10.8376,47.48],[10.8278,47.4778],[10.8188,47.4734],[10.8089,47.4709],[10.8006,47.4646],[10.7912,47.4694],[10.7973,47.4729]]]}},{"type":"Feature","properties":{"n":"Kainischtraun"},"geometry":{"type":"Polygon","coordinates":[[[13.779,47.6002],[13.7884,47.5962],[13.7965,47.5903],[13.8031,47.5826],[13.8104,47.5755],[13.8204,47.5759],[13.8303,47.5737],[13.8205,47.5757],[13.8102,47.5755],[13.8029,47.5827],[13.7958,47.5906],[13.7872,47.5965],[13.779,47.6002]]]}},{"type":"Feature","properties":{"n":"vodní nádrž Štěchovice"},"geometry":{"type":"Polygon","coordinates":[[[14.4354,49.8238],[14.4455,49.8218],[14.4419,49.8312],[14.4523,49.8325],[14.4447,49.8394],[14.437,49.8465],[14.427,49.8446],[14.4366,49.8481],[14.4476,49.8481],[14.4479,49.8381],[14.4455,49.8278],[14.4369,49.8222],[14.4354,49.8238]]]}},{"type":"Feature","properties":{"n":"Sorpestalsperre"},"geometry":{"type":"Polygon","coordinates":[[[7.9478,51.3147],[7.9407,51.3222],[7.9379,51.3321],[7.9447,51.3395],[7.9528,51.3457],[7.961,51.3519],[7.9714,51.3491],[7.9627,51.3437],[7.9557,51.3364],[7.9458,51.334],[7.9447,51.3239],[7.9487,51.3147],[7.9478,51.3147]]]}},{"type":"Feature","properties":{"n":"Sprutel"},"geometry":{"type":"Polygon","coordinates":[[[6.2157,53.46],[6.2264,53.4585],[6.2366,53.4655],[6.2476,53.4656],[6.2604,53.4653],[6.2503,53.4669],[6.2598,53.4706],[6.2711,53.4721],[6.261,53.4717],[6.2498,53.4679],[6.2378,53.4667],[6.2266,53.4641],[6.2157,53.46]]]}},{"type":"Feature","properties":{"n":"Großer Storkower See"},"geometry":{"type":"Polygon","coordinates":[[[13.9827,52.228],[13.9734,52.2321],[13.966,52.2394],[13.9589,52.2471],[13.9494,52.2509],[13.9406,52.2564],[13.9512,52.2589],[13.9606,52.2548],[13.9684,52.2483],[13.9782,52.2461],[13.9818,52.2365],[13.9903,52.2297],[13.9827,52.228]]]}},{"type":"Feature","properties":{"n":"Sacrow-Paretzer Kanal"},"geometry":{"type":"Polygon","coordinates":[[[12.9462,52.4523],[12.9355,52.4549],[12.9248,52.4576],[12.9137,52.4584],[12.9021,52.4594],[12.8919,52.4605],[12.881,52.4608],[12.8915,52.4611],[12.9036,52.4596],[12.9173,52.4586],[12.9273,52.4578],[12.9397,52.4543],[12.9462,52.4523]]]}},{"type":"Feature","properties":{"n":"Bischdorfer See"},"geometry":{"type":"Polygon","coordinates":[[[13.9936,51.8055],[14.0043,51.8046],[14.0154,51.8026],[14.0253,51.8003],[14.0161,51.7952],[14.0055,51.7976],[13.9947,51.8002],[13.9852,51.8035],[13.9754,51.8067],[13.9693,51.8153],[13.9781,51.81],[13.9879,51.8068],[13.9936,51.8055]]]}},{"type":"Feature","properties":{"n":"Schaalseekanal"},"geometry":{"type":"Polygon","coordinates":[[[10.7645,53.6801],[10.7724,53.6739],[10.781,53.668],[10.7879,53.6598],[10.7981,53.6557],[10.8078,53.6528],[10.8178,53.6533],[10.807,53.653],[10.7958,53.6568],[10.7859,53.6609],[10.7807,53.6695],[10.7716,53.6745],[10.7645,53.6801]]]}},{"type":"Feature","properties":{"n":"Klinger See - Klincański jazor"},"geometry":{"type":"Polygon","coordinates":[[[14.474,51.7538],[14.486,51.749],[14.497,51.7481],[14.5071,51.7476],[14.518,51.748],[14.5298,51.7501],[14.5305,51.7606],[14.5235,51.7534],[14.5107,51.7527],[14.5,51.7531],[14.49,51.7537],[14.4799,51.7547],[14.474,51.7538]]]}},{"type":"Feature","properties":{"n":"Klauser Stausee"},"geometry":{"type":"Polygon","coordinates":[[[14.1544,47.8272],[14.1623,47.8195],[14.164,47.8096],[14.1678,47.7999],[14.1686,47.7897],[14.1678,47.7793],[14.1605,47.7867],[14.1636,47.7964],[14.1662,47.8062],[14.1654,47.8166],[14.1562,47.8227],[14.1544,47.8272]]]}},{"type":"Feature","properties":{"n":"Steyr"},"geometry":{"type":"Polygon","coordinates":[[[14.2779,47.986],[14.2788,47.9961],[14.2882,48.0014],[14.2979,48.0058],[14.3076,48.0097],[14.3147,48.0187],[14.3087,48.0107],[14.2996,48.0061],[14.2904,48.0015],[14.2812,47.9969],[14.2778,47.9874],[14.2779,47.986]]]}},{"type":"Feature","properties":{"n":"Salzastausee"},"geometry":{"type":"Polygon","coordinates":[[[13.9274,47.5324],[13.93,47.5227],[13.9394,47.519],[13.9469,47.5121],[13.9433,47.5021],[13.9516,47.4964],[13.9417,47.4987],[13.9459,47.5079],[13.9408,47.5169],[13.9305,47.5206],[13.9242,47.5285],[13.9274,47.5324]]]}},{"type":"Feature","properties":{"n":"Traun"},"geometry":{"type":"Polygon","coordinates":[[[14.3362,48.257],[14.3288,48.2502],[14.3205,48.2435],[14.3107,48.2409],[14.3004,48.2364],[14.2906,48.2342],[14.3003,48.2371],[14.3096,48.2411],[14.3198,48.2435],[14.3277,48.2497],[14.3349,48.2572],[14.3362,48.257]]]}},{"type":"Feature","properties":{"n":"Eixendorfer Stausee (400m)"},"geometry":{"type":"Polygon","coordinates":[[[12.4835,49.344],[12.4754,49.3378],[12.4654,49.3395],[12.4549,49.3398],[12.4451,49.3376],[12.4388,49.3458],[12.4463,49.3532],[12.4439,49.343],[12.4539,49.3409],[12.4665,49.3409],[12.4764,49.339],[12.4835,49.344]]]}},{"type":"Feature","properties":{"n":"vodní nádrž Žlutice"},"geometry":{"type":"Polygon","coordinates":[[[13.0785,50.0894],[13.0886,50.0878],[13.0985,50.0895],[13.1084,50.091],[13.1056,50.1007],[13.1145,50.096],[13.1242,50.0928],[13.114,50.0927],[13.1058,50.0869],[13.0958,50.085],[13.0859,50.0869],[13.0785,50.0894]]]}},{"type":"Feature","properties":{"n":"Hullerner Stausee"},"geometry":{"type":"Polygon","coordinates":[[[7.3038,51.7411],[7.2935,51.7436],[7.2832,51.7438],[7.273,51.7416],[7.2636,51.7461],[7.2737,51.7463],[7.2837,51.7461],[7.2937,51.7469],[7.3032,51.7437],[7.3129,51.7408],[7.3026,51.7391],[7.3038,51.7411]]]}},{"type":"Feature","properties":{"n":"Passader See"},"geometry":{"type":"Polygon","coordinates":[[[10.3055,54.3546],[10.3147,54.3594],[10.3218,54.352],[10.3316,54.35],[10.3405,54.3454],[10.3505,54.3469],[10.3406,54.3441],[10.3303,54.3442],[10.3187,54.3441],[10.31,54.3369],[10.3096,54.347],[10.3055,54.3546]]]}},{"type":"Feature","properties":{"n":"Hennetalsperre"},"geometry":{"type":"Polygon","coordinates":[[[8.2581,51.3011],[8.2589,51.3114],[8.2684,51.3151],[8.2583,51.323],[8.2571,51.3332],[8.2665,51.3376],[8.2659,51.3275],[8.2715,51.3192],[8.2774,51.3105],[8.2674,51.3122],[8.2606,51.3039],[8.2581,51.3011]]]}},{"type":"Feature","properties":{"n":"Streukel"},"geometry":{"type":"Polygon","coordinates":[[[6.1297,52.5835],[6.1398,52.5846],[6.1502,52.5855],[6.1616,52.5865],[6.1783,52.5879],[6.1894,52.5855],[6.1796,52.5879],[6.1662,52.5867],[6.1558,52.5858],[6.1432,52.5847],[6.1328,52.5837],[6.1297,52.5835]]]}},{"type":"Feature","properties":{"n":"Stausee Kelbra"},"geometry":{"type":"Polygon","coordinates":[[[11.013,51.4401],[11.0206,51.433],[11.0114,51.4287],[11.0012,51.4272],[10.9907,51.4247],[10.9806,51.426],[10.9703,51.4263],[10.9746,51.4371],[10.9836,51.4419],[10.9935,51.4466],[11.0048,51.4454],[11.013,51.4401]]]}},{"type":"Feature","properties":{"n":"Großer Seddiner See"},"geometry":{"type":"Polygon","coordinates":[[[13.0489,52.2718],[13.0387,52.2713],[13.0286,52.2703],[13.0185,52.272],[13.0085,52.2733],[13.0183,52.2763],[13.0283,52.2771],[13.0386,52.2754],[13.0492,52.2767],[13.0587,52.2799],[13.0514,52.2722],[13.0489,52.2718]]]}},{"type":"Feature","properties":{"n":"Malchower See"},"geometry":{"type":"Polygon","coordinates":[[[12.4154,53.4627],[12.4041,53.4638],[12.4142,53.4634],[12.4229,53.4685],[12.4279,53.4772],[12.4377,53.4793],[12.4476,53.4823],[12.4403,53.475],[12.4302,53.4764],[12.4274,53.4667],[12.4174,53.4631],[12.4154,53.4627]]]}},{"type":"Feature","properties":{"n":"Arendsee"},"geometry":{"type":"Polygon","coordinates":[[[11.5002,52.8904],[11.4916,52.8851],[11.4818,52.8825],[11.4708,52.8813],[11.4604,52.882],[11.453,52.8888],[11.4613,52.8945],[11.4705,52.8985],[11.4806,52.8999],[11.4904,52.8976],[11.4999,52.8934],[11.5002,52.8904]]]}},{"type":"Feature","properties":{"n":"Schmollensee"},"geometry":{"type":"Polygon","coordinates":[[[14.0859,53.9479],[14.076,53.9454],[14.0722,53.9552],[14.0798,53.9619],[14.0727,53.9694],[14.0808,53.9762],[14.0909,53.9769],[14.1019,53.9762],[14.1026,53.9637],[14.0937,53.9591],[14.0837,53.9583],[14.0859,53.9479]]]}},{"type":"Feature","properties":{"n":"Chłop"},"geometry":{"type":"Polygon","coordinates":[[[14.9065,52.9948],[14.8955,52.9935],[14.8932,53.0042],[14.882,53.0069],[14.8928,53.0053],[14.904,53.0035],[14.8988,53.0135],[14.9083,53.0168],[14.915,53.0089],[14.9135,52.9988],[14.9037,53.0023],[14.9065,52.9948]]]}},{"type":"Feature","properties":{"n":"Barniner See"},"geometry":{"type":"Polygon","coordinates":[[[11.6983,53.5991],[11.6888,53.5941],[11.6785,53.5943],[11.6686,53.5904],[11.6768,53.5967],[11.6873,53.5963],[11.695,53.6035],[11.6995,53.6128],[11.7095,53.6159],[11.7138,53.6066],[11.7053,53.6006],[11.6983,53.5991]]]}},{"type":"Feature","properties":{"n":"Großer Sternberger See"},"geometry":{"type":"Polygon","coordinates":[[[11.8667,53.7254],[11.8599,53.718],[11.8508,53.7133],[11.8437,53.7061],[11.8361,53.7126],[11.8266,53.7166],[11.826,53.7269],[11.8349,53.7222],[11.8444,53.7261],[11.8512,53.7187],[11.8606,53.723],[11.8667,53.7254]]]}},{"type":"Feature","properties":{"n":"Wolziger See"},"geometry":{"type":"Polygon","coordinates":[[[13.8156,52.2657],[13.8236,52.2717],[13.8327,52.2673],[13.8404,52.2608],[13.8359,52.2516],[13.8279,52.2456],[13.8179,52.2448],[13.8081,52.2472],[13.7985,52.2501],[13.8048,52.2581],[13.8138,52.2627],[13.8156,52.2657]]]}},{"type":"Feature","properties":{"n":"Motzener See"},"geometry":{"type":"Polygon","coordinates":[[[13.5591,52.2271],[13.5529,52.235],[13.5592,52.2271],[13.5671,52.2206],[13.5764,52.2169],[13.58,52.2074],[13.5831,52.1977],[13.5744,52.2031],[13.5676,52.2109],[13.5588,52.2157],[13.5593,52.2258],[13.5591,52.2271]]]}},{"type":"Feature","properties":{"n":"Großdöllner See"},"geometry":{"type":"Polygon","coordinates":[[[13.597,52.9998],[13.6074,53.001],[13.6165,53.0061],[13.6278,53.0079],[13.6374,53.0139],[13.6479,53.0154],[13.6382,53.0124],[13.6298,53.0067],[13.6205,53.003],[13.6106,53.0014],[13.601,52.9979],[13.597,52.9998]]]}},{"type":"Feature","properties":{"n":"Rätzsee"},"geometry":{"type":"Polygon","coordinates":[[[12.8666,53.2242],[12.8727,53.2324],[12.8782,53.2413],[12.8879,53.2448],[12.8954,53.2525],[12.904,53.2594],[12.9072,53.2499],[12.8979,53.2427],[12.8872,53.2399],[12.8802,53.2308],[12.8731,53.2236],[12.8666,53.2242]]]}},{"type":"Feature","properties":{"n":"Müritzarm"},"geometry":{"type":"Polygon","coordinates":[[[12.6726,53.2812],[12.6783,53.2899],[12.6853,53.2977],[12.6806,53.3073],[12.6849,53.3168],[12.6938,53.3229],[12.6882,53.3143],[12.6876,53.3037],[12.6902,53.2937],[12.6828,53.2863],[12.674,53.2814],[12.6726,53.2812]]]}},{"type":"Feature","properties":{"n":"Goldberger See"},"geometry":{"type":"Polygon","coordinates":[[[12.1145,53.6106],[12.1247,53.6121],[12.1379,53.6087],[12.1437,53.5988],[12.1397,53.5882],[12.1332,53.5806],[12.1229,53.578],[12.1141,53.5832],[12.1083,53.5914],[12.1037,53.6003],[12.1097,53.6084],[12.1145,53.6106]]]}},{"type":"Feature","properties":{"n":"Blunoer Südsee (Nordschlauch)"},"geometry":{"type":"Polygon","coordinates":[[[14.1845,51.5221],[14.1936,51.5173],[14.2034,51.5146],[14.2134,51.5171],[14.2234,51.5156],[14.2336,51.5165],[14.2235,51.519],[14.2141,51.5228],[14.2044,51.5269],[14.1937,51.5312],[14.1834,51.5305],[14.1845,51.5221]]]}},{"type":"Feature","properties":{"n":"Elbe"},"geometry":{"type":"Polygon","coordinates":[[[12.8322,51.8164],[12.8309,51.8264],[12.8208,51.827],[12.831,51.8252],[12.8257,51.8167],[12.8156,51.8152],[12.8098,51.807],[12.8064,51.7971],[12.8111,51.806],[12.8164,51.8145],[12.8264,51.816],[12.8322,51.8164]]]}},{"type":"Feature","properties":{"n":"jezero Milada"},"geometry":{"type":"Polygon","coordinates":[[[13.9278,50.6561],[13.9378,50.6584],[13.9478,50.6581],[13.9588,50.6563],[13.9688,50.6572],[13.9718,50.6475],[13.9617,50.6487],[13.9515,50.6505],[13.9415,50.6518],[13.9315,50.6528],[13.9278,50.6561]]]}},{"type":"Feature","properties":{"n":"Obertrumer See"},"geometry":{"type":"Polygon","coordinates":[[[13.0885,47.957],[13.0957,47.9644],[13.0974,47.9743],[13.0885,47.9793],[13.0828,47.971],[13.0757,47.9637],[13.0734,47.9537],[13.0698,47.944],[13.0799,47.9447],[13.0876,47.9516],[13.0885,47.957]]]}},{"type":"Feature","properties":{"n":"Höllensteinsee"},"geometry":{"type":"Polygon","coordinates":[[[12.8787,49.0949],[12.872,49.1027],[12.8656,49.1108],[12.87,49.1202],[12.8647,49.1288],[12.8725,49.1219],[12.8656,49.1141],[12.8735,49.1076],[12.8796,49.0994],[12.886,49.0914],[12.8787,49.0949]]]}},{"type":"Feature","properties":{"n":"Mattsee"},"geometry":{"type":"Polygon","coordinates":[[[13.1058,47.9726],[13.1053,47.983],[13.1149,47.9863],[13.1247,47.989],[13.1348,47.9905],[13.1442,47.994],[13.1396,47.985],[13.1299,47.9825],[13.1209,47.9774],[13.1134,47.9703],[13.1058,47.9726]]]}},{"type":"Feature","properties":{"n":"Horusický rybník"},"geometry":{"type":"Polygon","coordinates":[[[14.657,49.1527],[14.6485,49.1584],[14.6584,49.161],[14.6684,49.1614],[14.6786,49.1632],[14.6887,49.1654],[14.6948,49.1573],[14.6863,49.1516],[14.6767,49.1484],[14.6662,49.151],[14.657,49.1527]]]}},{"type":"Feature","properties":{"n":"Zwischenahner Meer"},"geometry":{"type":"Polygon","coordinates":[[[8.0185,53.1844],[8.0088,53.1869],[7.9989,53.1898],[8.004,53.2003],[8.0123,53.2062],[8.0204,53.2125],[8.0298,53.2084],[8.0376,53.202],[8.0316,53.1939],[8.0242,53.1871],[8.0185,53.1844]]]}},{"type":"Feature","properties":{"n":"Granestausee"},"geometry":{"type":"Polygon","coordinates":[[[10.3765,51.9125],[10.3817,51.9031],[10.3808,51.8931],[10.372,51.8999],[10.3621,51.9026],[10.3565,51.8939],[10.3458,51.8949],[10.3533,51.9024],[10.3616,51.9083],[10.3716,51.9111],[10.3765,51.9125]]]}},{"type":"Feature","properties":{"n":"Arlau-Speicherbecken"},"geometry":{"type":"Polygon","coordinates":[[[8.9201,54.5351],[8.9099,54.5336],[8.8999,54.5324],[8.8906,54.5284],[8.8805,54.5282],[8.8867,54.5365],[8.8964,54.5398],[8.9066,54.5393],[8.9173,54.538],[8.9277,54.5367],[8.9201,54.5351]]]}},{"type":"Feature","properties":{"n":"Diemelsee"},"geometry":{"type":"Polygon","coordinates":[[[8.7188,51.3555],[8.7217,51.3653],[8.7081,51.3696],[8.6968,51.3691],[8.7073,51.3717],[8.7172,51.3733],[8.7262,51.3778],[8.7308,51.3688],[8.723,51.3624],[8.7239,51.3518],[8.7188,51.3555]]]}},{"type":"Feature","properties":{"n":"Windebyer Noor"},"geometry":{"type":"Polygon","coordinates":[[[9.8294,54.4708],[9.8193,54.4663],[9.8094,54.4648],[9.7993,54.4651],[9.7922,54.4723],[9.7901,54.4822],[9.8005,54.4835],[9.8104,54.4817],[9.8198,54.4779],[9.8271,54.471],[9.8294,54.4708]]]}},{"type":"Feature","properties":{"n":"Wilpstervaart"},"geometry":{"type":"Polygon","coordinates":[[[6.3446,53.1343],[6.3336,53.133],[6.3229,53.1317],[6.3125,53.1304],[6.3023,53.1292],[6.2884,53.1275],[6.3031,53.1294],[6.3149,53.1308],[6.3276,53.1323],[6.3403,53.1339],[6.3446,53.1343]]]}},{"type":"Feature","properties":{"n":"Reepriel"},"geometry":{"type":"Polygon","coordinates":[[[6.5503,53.5164],[6.5653,53.5137],[6.5751,53.5111],[6.5865,53.5108],[6.5764,53.5103],[6.5821,53.502],[6.5902,53.4961],[6.5787,53.5019],[6.5699,53.5069],[6.5574,53.5107],[6.5503,53.5164]]]}},{"type":"Feature","properties":{"n":"Oort"},"geometry":{"type":"Polygon","coordinates":[[[6.2142,53.4193],[6.2219,53.4118],[6.2354,53.4133],[6.2456,53.4153],[6.2558,53.4157],[6.2663,53.4167],[6.2563,53.4275],[6.2445,53.4294],[6.2344,53.4226],[6.2199,53.419],[6.2142,53.4193]]]}},{"type":"Feature","properties":{"n":"Koprowo"},"geometry":{"type":"Polygon","coordinates":[[[14.6705,53.9858],[14.6652,53.9771],[14.6578,53.9703],[14.6517,53.9623],[14.6429,53.9679],[14.6358,53.976],[14.6407,53.9852],[14.649,53.9908],[14.6591,53.988],[14.6698,53.9857],[14.6705,53.9858]]]}},{"type":"Feature","properties":{"n":"Schmaler Luzin"},"geometry":{"type":"Polygon","coordinates":[[[13.438,53.3055],[13.4287,53.3004],[13.4227,53.3105],[13.4313,53.3158],[13.438,53.3247],[13.447,53.3295],[13.453,53.3376],[13.4485,53.3286],[13.4398,53.3218],[13.4343,53.3131],[13.438,53.3055]]]}},{"type":"Feature","properties":{"n":"Netzowsee"},"geometry":{"type":"Polygon","coordinates":[[[13.4765,53.1539],[13.4869,53.1547],[13.4984,53.1519],[13.5085,53.1499],[13.5178,53.146],[13.5275,53.1432],[13.5169,53.144],[13.5076,53.1477],[13.4967,53.1502],[13.4858,53.1525],[13.4765,53.1539]]]}},{"type":"Feature","properties":{"n":"Bergener See"},"geometry":{"type":"Polygon","coordinates":[[[14.2239,51.4986],[14.2348,51.4993],[14.243,51.4915],[14.2539,51.4914],[14.2638,51.495],[14.2543,51.4912],[14.242,51.4888],[14.2522,51.485],[14.241,51.4847],[14.2322,51.4916],[14.2239,51.4986]]]}},{"type":"Feature","properties":{"n":"Röddelinsee"},"geometry":{"type":"Polygon","coordinates":[[[13.4219,53.091],[13.4315,53.0948],[13.4412,53.0973],[13.4479,53.1048],[13.4573,53.109],[13.4539,53.0992],[13.4447,53.0947],[13.4336,53.091],[13.4238,53.0887],[13.4156,53.0827],[13.4219,53.091]]]}},{"type":"Feature","properties":{"n":"Jezioro Morzycko"},"geometry":{"type":"Polygon","coordinates":[[[14.3986,52.8474],[14.4073,52.8527],[14.4178,52.8576],[14.4182,52.8678],[14.4092,52.8726],[14.3973,52.8717],[14.3874,52.8694],[14.3964,52.865],[14.4046,52.8574],[14.3979,52.8499],[14.3986,52.8474]]]}},{"type":"Feature","properties":{"n":"Lappwaldsee"},"geometry":{"type":"Polygon","coordinates":[[[11.0036,52.2064],[11.0114,52.2133],[11.0209,52.2087],[11.0276,52.2009],[11.0325,52.1921],[11.039,52.1843],[11.032,52.1916],[11.0223,52.1952],[11.0121,52.1974],[11.004,52.2061],[11.0036,52.2064]]]}},{"type":"Feature","properties":{"n":"Irrsee"},"geometry":{"type":"Polygon","coordinates":[[[13.3017,47.9319],[13.3103,47.9267],[13.3086,47.9158],[13.3143,47.9073],[13.3122,47.8974],[13.3031,47.8927],[13.3004,47.9029],[13.302,47.9128],[13.2987,47.9226],[13.3017,47.9319]]]}},{"type":"Feature","properties":{"n":"Fuschlsee"},"geometry":{"type":"Polygon","coordinates":[[[13.2926,47.7941],[13.2831,47.7979],[13.2736,47.8018],[13.2637,47.8043],[13.255,47.8093],[13.265,47.8096],[13.2749,47.8077],[13.2847,47.8054],[13.2939,47.8009],[13.2926,47.7941]]]}},{"type":"Feature","properties":{"n":"Zbiornik wodny Niedów"},"geometry":{"type":"Polygon","coordinates":[[[14.9834,51.0427],[14.9925,51.0379],[15.0026,51.0393],[15.0125,51.0369],[15.0215,51.0323],[15.0114,51.0302],[15.0017,51.0333],[14.9919,51.0363],[14.9819,51.0372],[14.9834,51.0427]]]}},{"type":"Feature","properties":{"n":"v. n. Horka"},"geometry":{"type":"Polygon","coordinates":[[[12.4922,50.1853],[12.5004,50.1919],[12.4987,50.2019],[12.4981,50.2119],[12.5038,50.2202],[12.5001,50.2108],[12.5017,50.2009],[12.508,50.1926],[12.4997,50.1868],[12.4922,50.1853]]]}},{"type":"Feature","properties":{"n":"Enns"},"geometry":{"type":"Polygon","coordinates":[[[13.916,47.4312],[13.9059,47.4295],[13.8954,47.4307],[13.8845,47.4277],[13.8746,47.4254],[13.8844,47.4279],[13.895,47.4308],[13.9051,47.4301],[13.9155,47.4309],[13.916,47.4312]]]}},{"type":"Feature","properties":{"n":"Enns"},"geometry":{"type":"Polygon","coordinates":[[[14.1911,47.5497],[14.1818,47.5456],[14.1716,47.545],[14.1597,47.5454],[14.1489,47.5453],[14.1593,47.5451],[14.1702,47.5449],[14.1802,47.5448],[14.1913,47.5494],[14.1911,47.5497]]]}},{"type":"Feature","properties":{"n":"Salzach"},"geometry":{"type":"Polygon","coordinates":[[[13.163,47.5881],[13.1644,47.5984],[13.1583,47.6082],[13.1486,47.6109],[13.1451,47.6203],[13.1476,47.6106],[13.1575,47.6077],[13.1631,47.5994],[13.1624,47.5891],[13.163,47.5881]]]}},{"type":"Feature","properties":{"n":"Zeller See"},"geometry":{"type":"Polygon","coordinates":[[[12.8106,47.3302],[12.816,47.3216],[12.8161,47.3115],[12.808,47.3052],[12.7998,47.3111],[12.7985,47.3211],[12.7973,47.3315],[12.804,47.3395],[12.814,47.3376],[12.8106,47.3302]]]}},{"type":"Feature","properties":{"n":"Nová řeka"},"geometry":{"type":"Polygon","coordinates":[[[14.8629,49.0246],[14.8632,49.0138],[14.8563,49.0064],[14.8526,48.997],[14.849,48.9873],[14.8536,48.9962],[14.8559,49.006],[14.8637,49.0124],[14.8623,49.0226],[14.8629,49.0246]]]}},{"type":"Feature","properties":{"n":"Aist"},"geometry":{"type":"Polygon","coordinates":[[[14.5803,48.2975],[14.582,48.2873],[14.5811,48.2773],[14.5767,48.2683],[14.5845,48.2614],[14.5772,48.2685],[14.5816,48.2775],[14.5821,48.2875],[14.5745,48.2941],[14.5803,48.2975]]]}},{"type":"Feature","properties":{"n":"Sösestausee"},"geometry":{"type":"Polygon","coordinates":[[[10.3231,51.7365],[10.3131,51.7368],[10.3193,51.7447],[10.3285,51.7407],[10.3413,51.7441],[10.3511,51.7471],[10.3422,51.7423],[10.3332,51.7376],[10.3228,51.7371],[10.3231,51.7365]]]}},{"type":"Feature","properties":{"n":"Borsteler Binnenelbe"},"geometry":{"type":"Polygon","coordinates":[[[9.6911,53.5478],[9.7016,53.5438],[9.7122,53.544],[9.7239,53.5439],[9.7339,53.5436],[9.7238,53.5432],[9.7131,53.5431],[9.7026,53.5427],[9.6926,53.5423],[9.6911,53.5478]]]}},{"type":"Feature","properties":{"n":"Schwentine"},"geometry":{"type":"Polygon","coordinates":[[[10.3743,54.1624],[10.3643,54.1637],[10.3541,54.1684],[10.3448,54.1722],[10.3353,54.1754],[10.3456,54.1743],[10.3554,54.1715],[10.3642,54.1658],[10.374,54.1625],[10.3743,54.1624]]]}},{"type":"Feature","properties":{"n":"Gotteskoog See"},"geometry":{"type":"Polygon","coordinates":[[[8.7564,54.8414],[8.7667,54.8425],[8.7774,54.8405],[8.7875,54.843],[8.7975,54.8422],[8.7867,54.8406],[8.777,54.8367],[8.7663,54.8399],[8.7561,54.8395],[8.7564,54.8414]]]}},{"type":"Feature","properties":{"n":"Die Wild"},"geometry":{"type":"Polygon","coordinates":[[[6.255,51.8686],[6.2446,51.8696],[6.2344,51.8701],[6.2455,51.8699],[6.2558,51.8686],[6.266,51.8707],[6.2756,51.8747],[6.2661,51.8707],[6.256,51.8685],[6.255,51.8686]]]}},{"type":"Feature","properties":{"n":"Lange Mear"},"geometry":{"type":"Polygon","coordinates":[[[5.9016,53.1696],[5.9115,53.1713],[5.9011,53.1691],[5.8908,53.1696],[5.88,53.1702],[5.8684,53.1708],[5.8785,53.1708],[5.8889,53.1703],[5.899,53.1697],[5.9016,53.1696]]]}},{"type":"Feature","properties":{"n":"Netterdenschen Kanal"},"geometry":{"type":"Polygon","coordinates":[[[6.3057,51.8501],[6.3014,51.8602],[6.2952,51.8685],[6.2856,51.872],[6.2756,51.8747],[6.2853,51.872],[6.2949,51.8686],[6.3012,51.8606],[6.3052,51.8513],[6.3057,51.8501]]]}},{"type":"Feature","properties":{"n":"Alddjip"},"geometry":{"type":"Polygon","coordinates":[[[6.0932,53.0441],[6.1027,53.0477],[6.1125,53.0501],[6.1228,53.0527],[6.1322,53.0564],[6.1229,53.0526],[6.1131,53.05],[6.1032,53.0477],[6.0934,53.0441],[6.0932,53.0441]]]}},{"type":"Feature","properties":{"n":"Beetzsee"},"geometry":{"type":"Polygon","coordinates":[[[12.61,52.4899],[12.6202,52.4899],[12.6304,52.4901],[12.6405,52.4904],[12.6317,52.4854],[12.6214,52.4835],[12.6115,52.4855],[12.6017,52.4808],[12.6048,52.4906],[12.61,52.4899]]]}},{"type":"Feature","properties":{"n":"Sabrodter See"},"geometry":{"type":"Polygon","coordinates":[[[14.2457,51.5169],[14.2358,51.5193],[14.2477,51.5216],[14.2569,51.5154],[14.2617,51.5065],[14.2723,51.5008],[14.2622,51.5017],[14.254,51.5092],[14.2458,51.5167],[14.2457,51.5169]]]}},{"type":"Feature","properties":{"n":"Großer Labussee"},"geometry":{"type":"Polygon","coordinates":[[[12.9543,53.3024],[12.9448,53.2969],[12.9353,53.3001],[12.9445,53.3044],[12.9415,53.3142],[12.95,53.3196],[12.96,53.3148],[12.9685,53.3089],[12.9604,53.3018],[12.9543,53.3024]]]}},{"type":"Feature","properties":{"n":"Hardenbecker Haussee"},"geometry":{"type":"Polygon","coordinates":[[[13.5196,53.2474],[13.5286,53.2524],[13.539,53.2517],[13.5486,53.2474],[13.5591,53.2502],[13.5531,53.2422],[13.5434,53.2463],[13.5332,53.2474],[13.523,53.2482],[13.5196,53.2474]]]}},{"type":"Feature","properties":{"n":"Labussee"},"geometry":{"type":"Polygon","coordinates":[[[12.8889,53.1999],[12.879,53.2021],[12.8712,53.2089],[12.8805,53.2131],[12.8899,53.2091],[12.901,53.2105],[12.9106,53.2141],[12.907,53.2047],[12.8968,53.2018],[12.8889,53.1999]]]}},{"type":"Feature","properties":{"n":"Odertalsperre"},"geometry":{"type":"Polygon","coordinates":[[[10.5413,51.6662],[10.5318,51.6624],[10.5238,51.6549],[10.5174,51.6467],[10.5075,51.6445],[10.5146,51.6523],[10.5231,51.658],[10.5311,51.6641],[10.5405,51.668],[10.5413,51.6662]]]}},{"type":"Feature","properties":{"n":"Wutzsee"},"geometry":{"type":"Polygon","coordinates":[[[12.9907,52.9727],[13.0012,52.9737],[13.0113,52.971],[13.0217,52.9694],[13.0319,52.9683],[13.0217,52.967],[13.0116,52.9669],[13.0016,52.9692],[12.9916,52.9709],[12.9907,52.9727]]]}},{"type":"Feature","properties":{"n":"Vielitzsee"},"geometry":{"type":"Polygon","coordinates":[[[12.9895,52.9607],[12.9989,52.9555],[13.0042,52.9457],[13.0132,52.9391],[13.0232,52.9372],[13.0132,52.9367],[13.0038,52.9404],[12.9949,52.946],[12.9934,52.9561],[12.9895,52.9607]]]}},{"type":"Feature","properties":{"n":"Borgwallsee"},"geometry":{"type":"Polygon","coordinates":[[[12.9993,54.2825],[13.0095,54.2827],[13.0157,54.2746],[13.0234,54.2678],[13.0149,54.2615],[13.0046,54.2619],[12.9963,54.269],[12.9891,54.2767],[12.9932,54.286],[12.9993,54.2825]]]}},{"type":"Feature","properties":{"n":"Neuklostersee"},"geometry":{"type":"Polygon","coordinates":[[[11.7143,53.8473],[11.7046,53.8439],[11.6947,53.8404],[11.6864,53.846],[11.6819,53.855],[11.691,53.8508],[11.6966,53.8591],[11.706,53.8552],[11.7143,53.849],[11.7143,53.8473]]]}},{"type":"Feature","properties":{"n":"Petersdorfer See"},"geometry":{"type":"Polygon","coordinates":[[[12.4005,53.4625],[12.3897,53.46],[12.3794,53.4599],[12.3676,53.4608],[12.3576,53.4639],[12.3678,53.4664],[12.3769,53.4621],[12.3871,53.4623],[12.3971,53.4622],[12.4005,53.4625]]]}},{"type":"Feature","properties":{"n":"Rudower See"},"geometry":{"type":"Polygon","coordinates":[[[11.4886,53.0995],[11.4975,53.1041],[11.5084,53.1071],[11.5203,53.1116],[11.5321,53.1132],[11.5232,53.1065],[11.5128,53.1043],[11.5031,53.1011],[11.4934,53.098],[11.4886,53.0995]]]}},{"type":"Feature","properties":{"n":"Bernsteinsee"},"geometry":{"type":"Polygon","coordinates":[[[14.3772,51.4784],[14.3878,51.4758],[14.3861,51.4649],[14.3807,51.4559],[14.3705,51.4567],[14.361,51.4611],[14.351,51.4647],[14.3595,51.4709],[14.3689,51.4745],[14.3772,51.4784]]]}},{"type":"Feature","properties":{"n":"Raßnitzer See"},"geometry":{"type":"Polygon","coordinates":[[[12.0883,51.3773],[12.0943,51.3868],[12.1049,51.3854],[12.1096,51.3764],[12.1059,51.3669],[12.0957,51.365],[12.0857,51.3663],[12.0966,51.3676],[12.0899,51.3764],[12.0883,51.3773]]]}},{"type":"Feature","properties":{"n":"Concordiasee"},"geometry":{"type":"Polygon","coordinates":[[[11.3305,51.8151],[11.3386,51.8086],[11.3489,51.8107],[11.359,51.8128],[11.3633,51.8221],[11.357,51.8299],[11.347,51.8325],[11.3387,51.8263],[11.3364,51.8165],[11.3305,51.8151]]]}},{"type":"Feature","properties":{"n":"Schönfelder See"},"geometry":{"type":"Polygon","coordinates":[[[13.9206,51.8251],[13.9143,51.8173],[13.9043,51.8108],[13.8974,51.8034],[13.8893,51.797],[13.8914,51.8076],[13.8992,51.8139],[13.9101,51.8184],[13.9195,51.825],[13.9206,51.8251]]]}},{"type":"Feature","properties":{"n":"Förstersee"},"geometry":{"type":"Polygon","coordinates":[[[14.5524,52.5759],[14.5441,52.5817],[14.5336,52.5817],[14.5236,52.5803],[14.5131,52.5812],[14.5234,52.5805],[14.5335,52.5822],[14.5436,52.582],[14.5535,52.5841],[14.5524,52.5759]]]}},{"type":"Feature","properties":{"n":"Cambser See"},"geometry":{"type":"Polygon","coordinates":[[[11.5348,53.6944],[11.5446,53.6916],[11.5354,53.6872],[11.5391,53.6768],[11.5381,53.6667],[11.528,53.6654],[11.5308,53.6756],[11.5245,53.6838],[11.531,53.6922],[11.5348,53.6944]]]}},{"type":"Feature","properties":{"n":"Jabelscher See"},"geometry":{"type":"Polygon","coordinates":[[[12.519,53.5155],[12.5242,53.5241],[12.5317,53.5311],[12.5418,53.5314],[12.5493,53.5382],[12.545,53.529],[12.5376,53.5215],[12.5274,53.5222],[12.5192,53.5156],[12.519,53.5155]]]}},{"type":"Feature","properties":{"n":"Talsperre Saidenbach"},"geometry":{"type":"Polygon","coordinates":[[[13.2191,50.7338],[13.2292,50.7364],[13.2393,50.7355],[13.2495,50.737],[13.2412,50.7314],[13.2502,50.7265],[13.2391,50.7284],[13.228,50.7321],[13.2191,50.7338]]]}},{"type":"Feature","properties":{"n":"Talsperre Dröda"},"geometry":{"type":"Polygon","coordinates":[[[12.0556,50.3822],[12.0603,50.3912],[12.0511,50.3956],[12.0408,50.3945],[12.0298,50.3915],[12.04,50.3919],[12.0502,50.3929],[12.0537,50.3835],[12.0556,50.3822]]]}},{"type":"Feature","properties":{"n":"Premer Lechsee"},"geometry":{"type":"Polygon","coordinates":[[[10.7797,47.6667],[10.7839,47.6759],[10.7822,47.6656],[10.7759,47.6576],[10.766,47.6547],[10.7553,47.6528],[10.7647,47.6564],[10.7745,47.6591],[10.7797,47.6667]]]}},{"type":"Feature","properties":{"n":"Talsperre Schönbrunn"},"geometry":{"type":"Polygon","coordinates":[[[10.8998,50.5557],[10.8957,50.5462],[10.8853,50.5451],[10.8784,50.5527],[10.8798,50.5632],[10.8833,50.5534],[10.891,50.547],[10.8988,50.5537],[10.8998,50.5557]]]}},{"type":"Feature","properties":{"n":"Ybbs"},"geometry":{"type":"Polygon","coordinates":[[[14.9246,48.1095],[14.9344,48.1068],[14.942,48.1003],[14.9524,48.1013],[14.9623,48.1036],[14.9514,48.1013],[14.9413,48.1016],[14.9332,48.108],[14.9246,48.1095]]]}},{"type":"Feature","properties":{"n":"Reichersberger Bucht"},"geometry":{"type":"Polygon","coordinates":[[[13.3809,48.3555],[13.3914,48.3621],[13.3822,48.3581],[13.3726,48.3534],[13.3646,48.3472],[13.3565,48.3412],[13.3662,48.3447],[13.3741,48.351],[13.3809,48.3555]]]}},{"type":"Feature","properties":{"n":"Kleiner Brombachsee"},"geometry":{"type":"Polygon","coordinates":[[[10.8694,49.1278],[10.8592,49.1287],[10.8665,49.1356],[10.8771,49.1363],[10.8869,49.14],[10.8919,49.1304],[10.8824,49.1339],[10.8743,49.1272],[10.8694,49.1278]]]}},{"type":"Feature","properties":{"n":"Enns"},"geometry":{"type":"Polygon","coordinates":[[[13.9835,47.4631],[13.9741,47.4574],[13.964,47.4556],[13.9545,47.4509],[13.9459,47.4451],[13.9542,47.4511],[13.9645,47.456],[13.9771,47.4579],[13.9835,47.4631]]]}},{"type":"Feature","properties":{"n":"Stausee Eichicht"},"geometry":{"type":"Polygon","coordinates":[[[11.4688,50.6062],[11.4597,50.6107],[11.4497,50.6137],[11.4597,50.6133],[11.4691,50.6093],[11.4782,50.6042],[11.4869,50.6107],[11.4799,50.6031],[11.4688,50.6062]]]}},{"type":"Feature","properties":{"n":"Talsperre Leibis-Lichte"},"geometry":{"type":"Polygon","coordinates":[[[11.1949,50.5776],[11.1854,50.5828],[11.1763,50.5778],[11.1738,50.5879],[11.1717,50.5982],[11.1775,50.5898],[11.1866,50.5846],[11.1952,50.5794],[11.1949,50.5776]]]}},{"type":"Feature","properties":{"n":"Grundlseer Traun"},"geometry":{"type":"Polygon","coordinates":[[[13.7853,47.6099],[13.7943,47.6144],[13.8038,47.6176],[13.8139,47.6168],[13.8235,47.6197],[13.8134,47.6168],[13.8034,47.6176],[13.7938,47.6145],[13.7853,47.6099]]]}},{"type":"Feature","properties":{"n":"Altarm"},"geometry":{"type":"Polygon","coordinates":[[[14.7111,48.171],[14.7063,48.1621],[14.6968,48.1571],[14.6867,48.1561],[14.6767,48.1588],[14.6867,48.1587],[14.6967,48.1586],[14.7048,48.165],[14.7111,48.171]]]}},{"type":"Feature","properties":{"n":"vodní nádrž Fláje"},"geometry":{"type":"Polygon","coordinates":[[[13.5871,50.6869],[13.5968,50.6844],[13.6068,50.6828],[13.6172,50.6834],[13.6079,50.6794],[13.5979,50.6798],[13.5888,50.6756],[13.5818,50.6832],[13.5871,50.6869]]]}},{"type":"Feature","properties":{"n":"Behler See"},"geometry":{"type":"Polygon","coordinates":[[[10.4792,54.1624],[10.4701,54.1581],[10.4599,54.1577],[10.4604,54.1678],[10.4664,54.1762],[10.4763,54.1743],[10.4864,54.1722],[10.4822,54.1631],[10.4792,54.1624]]]}},{"type":"Feature","properties":{"n":"Vierer See"},"geometry":{"type":"Polygon","coordinates":[[[10.4612,54.133],[10.4507,54.1304],[10.4445,54.1216],[10.4353,54.1176],[10.4394,54.1268],[10.448,54.1333],[10.4581,54.1359],[10.4685,54.1363],[10.4612,54.133]]]}},{"type":"Feature","properties":{"n":"Holmer See"},"geometry":{"type":"Polygon","coordinates":[[[8.9512,54.5345],[8.9593,54.5286],[8.9495,54.5266],[8.9394,54.526],[8.9293,54.5271],[8.936,54.5383],[8.9457,54.5421],[8.9551,54.5385],[8.9512,54.5345]]]}},{"type":"Feature","properties":{"n":"Hadelner Kanal"},"geometry":{"type":"Polygon","coordinates":[[[8.8987,53.8237],[8.9137,53.8231],[8.9239,53.8247],[8.9349,53.8266],[8.9455,53.8266],[8.9351,53.8271],[8.9228,53.8249],[8.9039,53.8237],[8.8987,53.8237]]]}},{"type":"Feature","properties":{"n":"Engelenfeart"},"geometry":{"type":"Polygon","coordinates":[[[5.9224,52.9287],[5.9156,52.9373],[5.9109,52.9468],[5.9162,52.9369],[5.9227,52.9288],[5.9295,52.9203],[5.9365,52.913],[5.9286,52.921],[5.9224,52.9287]]]}},{"type":"Feature","properties":{"n":"Vechte"},"geometry":{"type":"Polygon","coordinates":[[[6.7674,52.6078],[6.7563,52.6093],[6.7462,52.6113],[6.757,52.6094],[6.767,52.6081],[6.7771,52.6085],[6.7873,52.6079],[6.7772,52.6082],[6.7674,52.6078]]]}},{"type":"Feature","properties":{"n":"Heafeart"},"geometry":{"type":"Polygon","coordinates":[[[5.8737,53.0059],[5.8854,53.0068],[5.895,53.0106],[5.9049,53.0144],[5.9151,53.0172],[5.9051,53.0141],[5.8887,53.0076],[5.8765,53.0057],[5.8737,53.0059]]]}},{"type":"Feature","properties":{"n":"Damerower See"},"geometry":{"type":"Polygon","coordinates":[[[12.192,53.5597],[12.1965,53.5691],[12.2063,53.5739],[12.2144,53.5672],[12.2263,53.5675],[12.219,53.5606],[12.2081,53.5595],[12.198,53.5569],[12.192,53.5597]]]}},{"type":"Feature","properties":{"n":"Blankensee"},"geometry":{"type":"Polygon","coordinates":[[[13.1302,52.2221],[13.1204,52.2186],[13.1104,52.2187],[13.1002,52.2195],[13.1066,52.2273],[13.1158,52.2317],[13.1249,52.2359],[13.1314,52.2282],[13.1302,52.2221]]]}},{"type":"Feature","properties":{"n":"Schweriner See"},"geometry":{"type":"Polygon","coordinates":[[[13.8646,52.1996],[13.8753,52.199],[13.8836,52.2048],[13.8931,52.2016],[13.9033,52.1997],[13.8932,52.1969],[13.8831,52.1952],[13.8731,52.1953],[13.8646,52.1996]]]}},{"type":"Feature","properties":{"n":"Niendorfer Binnensee"},"geometry":{"type":"Polygon","coordinates":[[[10.9501,53.6612],[10.9502,53.651],[10.9458,53.6418],[10.9385,53.6348],[10.9296,53.6295],[10.9359,53.6378],[10.9396,53.6473],[10.9462,53.6553],[10.9501,53.6612]]]}},{"type":"Feature","properties":{"n":"Długie"},"geometry":{"type":"Polygon","coordinates":[[[14.6502,53.0627],[14.6469,53.0519],[14.6403,53.0437],[14.6338,53.052],[14.6336,53.0622],[14.6372,53.0721],[14.6459,53.0771],[14.651,53.0665],[14.6502,53.0627]]]}},{"type":"Feature","properties":{"n":"Drehnaer See"},"geometry":{"type":"Polygon","coordinates":[[[13.8489,51.7584],[13.8393,51.7548],[13.8292,51.7551],[13.8192,51.7563],[13.8171,51.7664],[13.8279,51.7664],[13.8383,51.7624],[13.8481,51.7604],[13.8489,51.7584]]]}},{"type":"Feature","properties":{"n":"Dolgener See"},"geometry":{"type":"Polygon","coordinates":[[[13.3456,53.3254],[13.3489,53.3349],[13.3578,53.3408],[13.3658,53.3469],[13.3756,53.3493],[13.3664,53.3448],[13.3579,53.3391],[13.35,53.3329],[13.3456,53.3254]]]}},{"type":"Feature","properties":{"n":"Breiter Luzin"},"geometry":{"type":"Polygon","coordinates":[[[13.4824,53.3597],[13.4731,53.3548],[13.4653,53.3484],[13.4551,53.3484],[13.4538,53.3584],[13.4644,53.3605],[13.4739,53.3655],[13.4846,53.3661],[13.4824,53.3597]]]}},{"type":"Feature","properties":{"n":"Krüpelsee"},"geometry":{"type":"Polygon","coordinates":[[[13.6984,52.2928],[13.6889,52.2894],[13.6789,52.2889],[13.6877,52.2941],[13.6971,52.2976],[13.7069,52.3008],[13.7152,52.2945],[13.7055,52.2916],[13.6984,52.2928]]]}},{"type":"Feature","properties":{"n":"Dreetzsee"},"geometry":{"type":"Polygon","coordinates":[[[13.1734,52.8636],[13.1834,52.8651],[13.1939,52.8649],[13.2044,52.8644],[13.2137,52.8597],[13.2035,52.8578],[13.1926,52.8595],[13.1825,52.8599],[13.1734,52.8636]]]}},{"type":"Feature","properties":{"n":"Gobenowsee"},"geometry":{"type":"Polygon","coordinates":[[[12.9185,53.2234],[12.9047,53.2234],[12.9112,53.231],[12.9205,53.227],[12.9304,53.2247],[12.9405,53.2269],[12.9308,53.2238],[12.9205,53.224],[12.9185,53.2234]]]}},{"type":"Feature","properties":{"n":"Spreetaler See"},"geometry":{"type":"Polygon","coordinates":[[[14.3236,51.4825],[14.3136,51.4813],[14.3164,51.4909],[14.3249,51.4964],[14.3349,51.4997],[14.3448,51.4966],[14.342,51.4867],[14.3319,51.4847],[14.3236,51.4825]]]}},{"type":"Feature","properties":{"n":"Stienitzsee"},"geometry":{"type":"Polygon","coordinates":[[[13.82,52.4958],[13.8102,52.4931],[13.8131,52.503],[13.823,52.5071],[13.8316,52.5129],[13.8412,52.5099],[13.8325,52.5044],[13.8238,52.499],[13.82,52.4958]]]}},{"type":"Feature","properties":{"n":"Trebelsee"},"geometry":{"type":"Polygon","coordinates":[[[12.808,52.4662],[12.7979,52.465],[12.7877,52.4644],[12.7745,52.4639],[12.7816,52.471],[12.7904,52.4765],[12.8039,52.4712],[12.8149,52.4677],[12.808,52.4662]]]}},{"type":"Feature","properties":{"n":"Großer Oelsener See"},"geometry":{"type":"Polygon","coordinates":[[[14.4076,52.1266],[14.3992,52.1322],[14.3894,52.1357],[14.3815,52.1421],[14.3907,52.1377],[14.4002,52.1341],[14.4074,52.1422],[14.4045,52.1326],[14.4076,52.1266]]]}},{"type":"Feature","properties":{"n":"Dammsee"},"geometry":{"type":"Polygon","coordinates":[[[13.5945,53.4086],[13.6046,53.4111],[13.6159,53.4135],[13.6098,53.4051],[13.6012,53.3999],[13.5915,53.3965],[13.5814,53.3977],[13.5908,53.4019],[13.5945,53.4086]]]}},{"type":"Feature","properties":{"n":"Nebel"},"geometry":{"type":"Polygon","coordinates":[[[12.7024,53.26],[12.6927,53.2555],[12.6829,53.2533],[12.6736,53.249],[12.6808,53.2563],[12.6908,53.2608],[12.6949,53.27],[12.7022,53.2611],[12.7024,53.26]]]}},{"type":"Feature","properties":{"n":"Üdersee"},"geometry":{"type":"Polygon","coordinates":[[[13.6556,52.8586],[13.6617,52.8667],[13.6714,52.8693],[13.6804,52.874],[13.6883,52.8809],[13.6822,52.8724],[13.673,52.8677],[13.6656,52.8608],[13.6556,52.8586]]]}},{"type":"Feature","properties":{"n":"Tachinger See"},"geometry":{"type":"Polygon","coordinates":[[[12.7416,47.9862],[12.7475,47.9781],[12.7462,47.9676],[12.7482,47.9574],[12.738,47.9581],[12.7389,47.9683],[12.7399,47.9783],[12.7416,47.9862]]]}},{"type":"Feature","properties":{"n":"Lech"},"geometry":{"type":"Polygon","coordinates":[[[10.8712,47.9355],[10.8811,47.9338],[10.8904,47.9259],[10.8981,47.918],[10.8931,47.9271],[10.8856,47.9343],[10.8756,47.9364],[10.8712,47.9355]]]}},{"type":"Feature","properties":{"n":"Talsperre Klingenberg"},"geometry":{"type":"Polygon","coordinates":[[[13.5598,50.886],[13.5503,50.8892],[13.5439,50.8974],[13.5349,50.9018],[13.545,50.9007],[13.5529,50.8942],[13.5595,50.8862],[13.5598,50.886]]]}},{"type":"Feature","properties":{"n":"Obere Öberauer Schleife"},"geometry":{"type":"Polygon","coordinates":[[[12.558,48.9109],[12.5505,48.9177],[12.5415,48.9235],[12.5334,48.9164],[12.54,48.9246],[12.5498,48.9212],[12.5576,48.9148],[12.558,48.9109]]]}},{"type":"Feature","properties":{"n":"Ködeltalsperre (Trinkwassertalsperre Mauthaus)"},"geometry":{"type":"Polygon","coordinates":[[[11.4874,50.324],[11.4898,50.3344],[11.4864,50.344],[11.4869,50.3541],[11.4891,50.3443],[11.4925,50.3348],[11.4886,50.3254],[11.4874,50.324]]]}},{"type":"Feature","properties":{"n":"Mur"},"geometry":{"type":"Polygon","coordinates":[[[15.3525,47.3361],[15.3504,47.3461],[15.3419,47.3528],[15.3369,47.3616],[15.3428,47.353],[15.3508,47.3469],[15.3546,47.3374],[15.3525,47.3361]]]}},{"type":"Feature","properties":{"n":"Ybbs"},"geometry":{"type":"Polygon","coordinates":[[[14.7348,48.0092],[14.737,47.9993],[14.7389,47.9892],[14.7499,47.9861],[14.7401,47.989],[14.7375,47.9988],[14.7349,48.0085],[14.7348,48.0092]]]}},{"type":"Feature","properties":{"n":"Speicher Durlaßboden"},"geometry":{"type":"Polygon","coordinates":[[[12.0878,47.2391],[12.0973,47.2356],[12.1058,47.2301],[12.1086,47.2202],[12.113,47.2302],[12.1078,47.2388],[12.0978,47.2402],[12.0878,47.2391]]]}},{"type":"Feature","properties":{"n":"Donauarm"},"geometry":{"type":"Polygon","coordinates":[[[15.3806,48.2718],[15.3728,48.2655],[15.3644,48.2598],[15.3577,48.2522],[15.364,48.26],[15.3724,48.2659],[15.3804,48.2722],[15.3806,48.2718]]]}},{"type":"Feature","properties":{"n":"Ischl"},"geometry":{"type":"Polygon","coordinates":[[[13.5216,47.7187],[13.5115,47.7179],[13.5024,47.7221],[13.492,47.7227],[13.5025,47.7219],[13.5117,47.7178],[13.5217,47.7184],[13.5216,47.7187]]]}},{"type":"Feature","properties":{"n":"Speicherbecken Borna"},"geometry":{"type":"Polygon","coordinates":[[[12.4586,51.106],[12.4499,51.1008],[12.4409,51.1054],[12.4414,51.1155],[12.4508,51.1192],[12.4608,51.1161],[12.4586,51.1063],[12.4586,51.106]]]}},{"type":"Feature","properties":{"n":"Mürz"},"geometry":{"type":"Polygon","coordinates":[[[15.3631,47.4643],[15.3734,47.4656],[15.3819,47.471],[15.3892,47.478],[15.3822,47.4707],[15.3736,47.4654],[15.3634,47.4644],[15.3631,47.4643]]]}},{"type":"Feature","properties":{"n":"Ruetz"},"geometry":{"type":"Polygon","coordinates":[[[11.3823,47.1782],[11.3907,47.1844],[11.3918,47.1944],[11.3893,47.2045],[11.3915,47.1947],[11.3912,47.1846],[11.3828,47.1786],[11.3823,47.1782]]]}},{"type":"Feature","properties":{"n":"De Wiel"},"geometry":{"type":"Polygon","coordinates":[[[5.7614,52.8923],[5.7655,52.9015],[5.7555,52.9001],[5.7645,52.9045],[5.772,52.9116],[5.7698,52.9016],[5.7634,52.8938],[5.7614,52.8923]]]}},{"type":"Feature","properties":{"n":"Neversdorfer See"},"geometry":{"type":"Polygon","coordinates":[[[10.2623,53.8678],[10.2736,53.8691],[10.284,53.8702],[10.2948,53.8728],[10.2851,53.869],[10.2743,53.8666],[10.2638,53.8653],[10.2623,53.8678]]]}},{"type":"Feature","properties":{"n":"Aabachtalsperre"},"geometry":{"type":"Polygon","coordinates":[[[8.7451,51.4827],[8.736,51.4869],[8.7265,51.4903],[8.7179,51.4957],[8.7279,51.4951],[8.738,51.4936],[8.7482,51.4907],[8.7451,51.4827]]]}},{"type":"Feature","properties":{"n":"Flürener Altrhein"},"geometry":{"type":"Polygon","coordinates":[[[6.5203,51.6678],[6.53,51.6653],[6.5401,51.6664],[6.5502,51.6684],[6.5402,51.6677],[6.5298,51.6671],[6.5217,51.6732],[6.5203,51.6678]]]}},{"type":"Feature","properties":{"n":"Banter See"},"geometry":{"type":"Polygon","coordinates":[[[8.1142,53.5103],[8.1017,53.5063],[8.087,53.504],[8.077,53.5037],[8.0871,53.5082],[8.0984,53.5084],[8.1092,53.5113],[8.1142,53.5103]]]}},{"type":"Feature","properties":{"n":"Seedorfer See"},"geometry":{"type":"Polygon","coordinates":[[[10.424,54.0511],[10.4105,54.0527],[10.4001,54.0546],[10.3911,54.0594],[10.4009,54.0574],[10.4112,54.0565],[10.4207,54.053],[10.424,54.0511]]]}},{"type":"Feature","properties":{"n":"Hafen A"},"geometry":{"type":"Polygon","coordinates":[[[8.7453,53.1183],[8.7352,53.1186],[8.7249,53.12],[8.7141,53.1201],[8.7239,53.1222],[8.7338,53.12],[8.7449,53.1184],[8.7453,53.1183]]]}},{"type":"Feature","properties":{"n":"Großer Segeberger See"},"geometry":{"type":"Polygon","coordinates":[[[10.336,53.9487],[10.326,53.9477],[10.3321,53.9395],[10.3205,53.9408],[10.3238,53.9512],[10.3316,53.9578],[10.3415,53.9552],[10.336,53.9487]]]}},{"type":"Feature","properties":{"n":"Oude Maas"},"geometry":{"type":"Polygon","coordinates":[[[5.6796,51.7775],[5.6882,51.783],[5.6804,51.7764],[5.6768,51.7667],[5.6845,51.7603],[5.6759,51.7655],[5.6779,51.7754],[5.6796,51.7775]]]}},{"type":"Feature","properties":{"n":"Feanskieding"},"geometry":{"type":"Polygon","coordinates":[[[5.8304,52.9373],[5.8395,52.9426],[5.8494,52.9445],[5.8599,52.9465],[5.8496,52.9445],[5.8388,52.9424],[5.8304,52.9362],[5.8304,52.9373]]]}},{"type":"Feature","properties":{"n":"Hinter Tief"},"geometry":{"type":"Polygon","coordinates":[[[7.2004,53.3986],[7.2039,53.3891],[7.2054,53.3792],[7.2036,53.3892],[7.2001,53.3986],[7.1942,53.4073],[7.2004,53.3987],[7.2004,53.3986]]]}},{"type":"Feature","properties":{"n":"Hagener Meer"},"geometry":{"type":"Polygon","coordinates":[[[6.4773,51.7573],[6.486,51.7519],[6.4895,51.7422],[6.4849,51.7514],[6.4761,51.7562],[6.4659,51.7559],[6.4759,51.7563],[6.4773,51.7573]]]}},{"type":"Feature","properties":{"n":"Vechte"},"geometry":{"type":"Polygon","coordinates":[[[6.8574,52.6023],[6.8721,52.6045],[6.8821,52.6048],[6.892,52.5969],[6.8828,52.6041],[6.8726,52.6049],[6.8626,52.6039],[6.8574,52.6023]]]}},{"type":"Feature","properties":{"n":"Semkenfahrt"},"geometry":{"type":"Polygon","coordinates":[[[8.8459,53.143],[8.8363,53.1349],[8.8289,53.1273],[8.82,53.118],[8.8276,53.1261],[8.8346,53.1333],[8.8416,53.1405],[8.8459,53.143]]]}},{"type":"Feature","properties":{"n":"Flutmulde Rees"},"geometry":{"type":"Polygon","coordinates":[[[6.387,51.7528],[6.3979,51.7517],[6.408,51.7492],[6.4172,51.7434],[6.408,51.7502],[6.3982,51.7525],[6.3875,51.7533],[6.387,51.7528]]]}},{"type":"Feature","properties":{"n":"Vledder Aa"},"geometry":{"type":"Polygon","coordinates":[[[6.2539,52.8797],[6.2461,52.8733],[6.237,52.8683],[6.2295,52.8616],[6.2369,52.8684],[6.246,52.8734],[6.2538,52.8797],[6.2539,52.8797]]]}},{"type":"Feature","properties":{"n":"Noorddiep"},"geometry":{"type":"Polygon","coordinates":[[[5.9025,52.5719],[5.8945,52.5782],[5.8858,52.5835],[5.8756,52.5853],[5.8857,52.5841],[5.8944,52.579],[5.902,52.5724],[5.9025,52.5719]]]}},{"type":"Feature","properties":{"n":"Oerdersloot"},"geometry":{"type":"Polygon","coordinates":[[[5.8871,53.4511],[5.878,53.4556],[5.8686,53.4593],[5.8586,53.4599],[5.8687,53.4593],[5.878,53.4553],[5.887,53.4508],[5.8871,53.4511]]]}},{"type":"Feature","properties":{"n":"Landschaftssee Köckern"},"geometry":{"type":"Polygon","coordinates":[[[12.2113,51.6107],[12.2216,51.6156],[12.2319,51.6175],[12.2419,51.6178],[12.232,51.6146],[12.222,51.6113],[12.2126,51.607],[12.2113,51.6107]]]}},{"type":"Feature","properties":{"n":"Wandlitzsee"},"geometry":{"type":"Polygon","coordinates":[[[13.4704,52.7543],[13.4604,52.7526],[13.4502,52.7561],[13.4416,52.7507],[13.4445,52.7604],[13.454,52.764],[13.4643,52.7617],[13.4704,52.7543]]]}},{"type":"Feature","properties":{"n":"Platkowsee"},"geometry":{"type":"Polygon","coordinates":[[[13.3868,53.1697],[13.3768,53.1737],[13.3658,53.1751],[13.3562,53.1788],[13.3662,53.1783],[13.3762,53.1758],[13.3863,53.1735],[13.3868,53.1697]]]}},{"type":"Feature","properties":{"n":"Glinno"},"geometry":{"type":"Polygon","coordinates":[[[14.6906,53.2897],[14.7028,53.2874],[14.6928,53.2883],[14.6827,53.2891],[14.6726,53.2885],[14.6794,53.296],[14.6904,53.2941],[14.6906,53.2897]]]}},{"type":"Feature","properties":{"n":"Specker See"},"geometry":{"type":"Polygon","coordinates":[[[12.7999,53.4471],[12.81,53.4484],[12.8163,53.4405],[12.8138,53.4297],[12.8033,53.4307],[12.7956,53.4374],[12.7998,53.4466],[12.7999,53.4471]]]}},{"type":"Feature","properties":{"n":"Großer Zechliner See"},"geometry":{"type":"Polygon","coordinates":[[[12.7817,53.156],[12.7915,53.1588],[12.8015,53.1608],[12.8112,53.1636],[12.8089,53.1537],[12.7986,53.1548],[12.7884,53.153],[12.7817,53.156]]]}},{"type":"Feature","properties":{"n":"Phöbener Havel - Bacharelle"},"geometry":{"type":"Polygon","coordinates":[[[12.8798,52.4602],[12.8791,52.4501],[12.8815,52.4401],[12.8858,52.4308],[12.8761,52.4335],[12.8788,52.4432],[12.8751,52.4529],[12.8798,52.4602]]]}},{"type":"Feature","properties":{"n":"Großkaynaer See"},"geometry":{"type":"Polygon","coordinates":[[[11.9339,51.2803],[11.9399,51.2722],[11.9457,51.2639],[11.952,51.2717],[11.9459,51.2797],[11.9384,51.2867],[11.9288,51.2901],[11.9339,51.2803]]]}},{"type":"Feature","properties":{"n":"Tiefwarensee"},"geometry":{"type":"Polygon","coordinates":[[[12.6954,53.5303],[12.6986,53.5208],[12.6897,53.5156],[12.6864,53.5253],[12.687,53.5354],[12.6958,53.5415],[12.6951,53.5314],[12.6954,53.5303]]]}},{"type":"Feature","properties":{"n":"Vilzsee"},"geometry":{"type":"Polygon","coordinates":[[[12.8454,53.2082],[12.8358,53.2052],[12.8265,53.2089],[12.8154,53.2093],[12.8253,53.2133],[12.8362,53.2149],[12.847,53.2119],[12.8454,53.2082]]]}},{"type":"Feature","properties":{"n":"Peetschsee"},"geometry":{"type":"Polygon","coordinates":[[[13.0593,53.1641],[13.0682,53.169],[13.0781,53.1705],[13.0835,53.1792],[13.0829,53.1692],[13.0735,53.1657],[13.0634,53.1652],[13.0593,53.1641]]]}},{"type":"Feature","properties":{"n":"Großer Zug"},"geometry":{"type":"Polygon","coordinates":[[[13.6399,52.3401],[13.6499,52.3411],[13.6566,52.3492],[13.6631,52.3569],[13.66,52.3473],[13.6558,52.3382],[13.6458,52.337],[13.6399,52.3401]]]}},{"type":"Feature","properties":{"n":"Alte Elbe"},"geometry":{"type":"Polygon","coordinates":[[[13.1109,51.5183],[13.1016,51.5221],[13.0912,51.5211],[13.0834,51.5139],[13.0903,51.5213],[13.1014,51.5231],[13.111,51.5198],[13.1109,51.5183]]]}},{"type":"Feature","properties":{"n":"Dranser See"},"geometry":{"type":"Polygon","coordinates":[[[12.6313,53.1824],[12.6216,53.1854],[12.629,53.1924],[12.6369,53.1986],[12.6469,53.1974],[12.6391,53.191],[12.6297,53.1875],[12.6313,53.1824]]]}},{"type":"Feature","properties":{"n":"Bösenhagener Stich"},"geometry":{"type":"Polygon","coordinates":[[[13.2531,53.0192],[13.2436,53.015],[13.2337,53.0169],[13.222,53.0166],[13.2331,53.0193],[13.2432,53.0207],[13.2532,53.0187],[13.2531,53.0192]]]}},{"type":"Feature","properties":{"n":"Genschmarer See"},"geometry":{"type":"Polygon","coordinates":[[[14.4797,52.6011],[14.4902,52.6015],[14.5008,52.6022],[14.5105,52.6077],[14.5017,52.6017],[14.4915,52.6012],[14.481,52.6012],[14.4797,52.6011]]]}},{"type":"Feature","properties":{"n":"Helenesee"},"geometry":{"type":"Polygon","coordinates":[[[14.501,52.2674],[14.513,52.2671],[14.5062,52.2746],[14.4955,52.2756],[14.4854,52.2746],[14.4806,52.2652],[14.4911,52.2656],[14.501,52.2674]]]}},{"type":"Feature","properties":{"n":"Alte Mulde Roitzschjora"},"geometry":{"type":"Polygon","coordinates":[[[12.4882,51.601],[12.4782,51.5974],[12.4886,51.5964],[12.4976,51.601],[12.488,51.5967],[12.4779,51.5959],[12.487,51.6002],[12.4882,51.601]]]}},{"type":"Feature","properties":{"n":"Jezioro Raduszeckie"},"geometry":{"type":"Polygon","coordinates":[[[15.0628,52.0125],[15.0714,52.0177],[15.0725,52.0278],[15.0633,52.0215],[15.0559,52.0146],[15.0477,52.0087],[15.0584,52.01],[15.0628,52.0125]]]}},{"type":"Feature","properties":{"n":"Laascher See"},"geometry":{"type":"Polygon","coordinates":[[[11.3971,53.0511],[11.4047,53.044],[11.4147,53.0457],[11.4246,53.0476],[11.4142,53.0445],[11.4041,53.0425],[11.3962,53.0487],[11.3971,53.0511]]]}},{"type":"Feature","properties":{"n":"Kietzer See"},"geometry":{"type":"Polygon","coordinates":[[[14.2154,52.6386],[14.2254,52.6393],[14.2265,52.6293],[14.2223,52.6202],[14.2144,52.614],[14.2132,52.6242],[14.2145,52.6344],[14.2154,52.6386]]]}},{"type":"Feature","properties":{"n":"Zenssee"},"geometry":{"type":"Polygon","coordinates":[[[13.3479,53.1925],[13.3415,53.2002],[13.3325,53.2048],[13.3223,53.2065],[13.3302,53.2003],[13.3393,53.1956],[13.3478,53.1888],[13.3479,53.1925]]]}},{"type":"Feature","properties":{"n":"Netzener See"},"geometry":{"type":"Polygon","coordinates":[[[12.7099,52.3556],[12.7004,52.3518],[12.7103,52.3475],[12.7205,52.3452],[12.7293,52.3403],[12.7218,52.3472],[12.7124,52.3508],[12.7099,52.3556]]]}},{"type":"Feature","properties":{"n":"Jezioro Jeleńskie"},"geometry":{"type":"Polygon","coordinates":[[[14.5083,52.909],[14.5122,52.9188],[14.5218,52.9226],[14.5109,52.9211],[14.5008,52.9177],[14.4926,52.91],[14.5028,52.912],[14.5083,52.909]]]}},{"type":"Feature","properties":{"n":"Stara Żwirownia"},"geometry":{"type":"Polygon","coordinates":[[[14.158,52.9483],[14.1644,52.9571],[14.1712,52.9646],[14.1611,52.963],[14.1509,52.962],[14.1438,52.9539],[14.1491,52.9454],[14.158,52.9483]]]}},{"type":"Feature","properties":{"n":"Jezioro Grzybno"},"geometry":{"type":"Polygon","coordinates":[[[14.847,52.4395],[14.8388,52.4456],[14.8289,52.448],[14.8222,52.4555],[14.8265,52.4463],[14.8364,52.4446],[14.8455,52.4399],[14.847,52.4395]]]}},{"type":"Feature","properties":{"n":"Alte Elbe"},"geometry":{"type":"Polygon","coordinates":[[[11.8243,52.3421],[11.8161,52.348],[11.8057,52.3519],[11.795,52.3536],[11.805,52.354],[11.8153,52.3505],[11.8241,52.3446],[11.8243,52.3421]]]}},{"type":"Feature","properties":{"n":"Obere-Untere Welse"},"geometry":{"type":"Polygon","coordinates":[[[14.3679,53.1258],[14.3674,53.1157],[14.3575,53.1133],[14.3672,53.1103],[14.3569,53.1111],[14.3666,53.1139],[14.3618,53.1229],[14.3679,53.1258]]]}},{"type":"Feature","properties":{"n":"Meglitze"},"geometry":{"type":"Polygon","coordinates":[[[14.3453,53.0609],[14.3358,53.0568],[14.3259,53.0538],[14.3152,53.0534],[14.3255,53.0536],[14.3357,53.0526],[14.3442,53.0582],[14.3453,53.0609]]]}},{"type":"Feature","properties":{"n":"Kulkwitzer See"},"geometry":{"type":"Polygon","coordinates":[[[12.2564,51.3124],[12.2555,51.3024],[12.2479,51.2958],[12.2429,51.3045],[12.2383,51.3134],[12.2473,51.3178],[12.2514,51.3084],[12.2564,51.3124]]]}},{"type":"Feature","properties":{"n":"Lechstaustufe Feldheim"},"geometry":{"type":"Polygon","coordinates":[[[10.8984,48.7084],[10.9006,48.7184],[10.9086,48.7249],[10.9185,48.7278],[10.9098,48.7216],[10.9012,48.7152],[10.8984,48.7084]]]}},{"type":"Feature","properties":{"n":"Talsperre Lehnmühle"},"geometry":{"type":"Polygon","coordinates":[[[13.5986,50.8125],[13.5899,50.8182],[13.5874,50.828],[13.595,50.8347],[13.5971,50.8249],[13.5977,50.8143],[13.5986,50.8125]]]}},{"type":"Feature","properties":{"n":"Groitzscher See"},"geometry":{"type":"Polygon","coordinates":[[[12.3235,51.1017],[12.3121,51.1039],[12.3016,51.1066],[12.3087,51.1139],[12.3188,51.1137],[12.3283,51.1099],[12.3235,51.1017]]]}},{"type":"Feature","properties":{"n":"Hochwasserrückhaltebecken Straußfurt"},"geometry":{"type":"Polygon","coordinates":[[[10.9566,51.1507],[10.9664,51.155],[10.9754,51.1603],[10.9828,51.1532],[10.975,51.1457],[10.9615,51.1433],[10.9566,51.1507]]]}},{"type":"Feature","properties":{"n":"Heiterwanger See"},"geometry":{"type":"Polygon","coordinates":[[[10.7888,47.4611],[10.7822,47.4532],[10.772,47.453],[10.7624,47.4559],[10.7729,47.4596],[10.7831,47.4604],[10.7888,47.4611]]]}},{"type":"Feature","properties":{"n":"v. n. Vrchlice"},"geometry":{"type":"Polygon","coordinates":[[[15.2061,49.9115],[15.2119,49.9197],[15.2196,49.9269],[15.2141,49.9185],[15.2205,49.9108],[15.2105,49.9098],[15.2061,49.9115]]]}},{"type":"Feature","properties":{"n":"Enns"},"geometry":{"type":"Polygon","coordinates":[[[14.1426,47.5439],[14.133,47.5369],[14.1235,47.5306],[14.1115,47.5252],[14.1224,47.5303],[14.1308,47.5358],[14.1426,47.5439]]]}},{"type":"Feature","properties":{"n":"Enns"},"geometry":{"type":"Polygon","coordinates":[[[14.0871,47.5158],[14.0795,47.5083],[14.0689,47.5064],[14.0578,47.5071],[14.0681,47.5066],[14.0794,47.5086],[14.0871,47.5158]]]}},{"type":"Feature","properties":{"n":"Jezioro Leśniańskie"},"geometry":{"type":"Polygon","coordinates":[[[15.3205,51.0342],[15.3116,51.0294],[15.3014,51.0299],[15.2918,51.0329],[15.3018,51.0319],[15.3119,51.0322],[15.3205,51.0342]]]}},{"type":"Feature","properties":{"n":"Ybbs"},"geometry":{"type":"Polygon","coordinates":[[[14.763,48.0247],[14.753,48.0237],[14.7462,48.0159],[14.7373,48.0111],[14.7464,48.0156],[14.7533,48.023],[14.763,48.0247]]]}},{"type":"Feature","properties":{"n":"Altausseer Traun"},"geometry":{"type":"Polygon","coordinates":[[[13.7843,47.6089],[13.7751,47.613],[13.7714,47.6224],[13.7628,47.6276],[13.7715,47.6226],[13.775,47.6132],[13.7843,47.6089]]]}},{"type":"Feature","properties":{"n":"Talsperre Lichtenberg"},"geometry":{"type":"Polygon","coordinates":[[[13.4795,50.8017],[13.4694,50.8029],[13.4594,50.8022],[13.4508,50.8078],[13.4607,50.805],[13.4711,50.8056],[13.4795,50.8017]]]}},{"type":"Feature","properties":{"n":"Pilsensee"},"geometry":{"type":"Polygon","coordinates":[[[11.1967,48.0318],[11.1863,48.0282],[11.1779,48.0221],[11.1845,48.0145],[11.1932,48.021],[11.1964,48.0305],[11.1967,48.0318]]]}},{"type":"Feature","properties":{"n":"Borgstedter See mit Enge"},"geometry":{"type":"Polygon","coordinates":[[[9.7161,54.3262],[9.7165,54.3363],[9.7269,54.3399],[9.7371,54.342],[9.7277,54.3381],[9.7186,54.3339],[9.7161,54.3262]]]}},{"type":"Feature","properties":{"n":"Suhrer See"},"geometry":{"type":"Polygon","coordinates":[[[10.4716,54.1439],[10.4712,54.154],[10.4817,54.156],[10.4917,54.1549],[10.4832,54.149],[10.4731,54.1458],[10.4716,54.1439]]]}},{"type":"Feature","properties":{"n":"Stolper See"},"geometry":{"type":"Polygon","coordinates":[[[10.2316,54.1385],[10.2388,54.1315],[10.2335,54.122],[10.2256,54.1158],[10.2264,54.1258],[10.2315,54.1346],[10.2316,54.1385]]]}},{"type":"Feature","properties":{"n":"Bederkesaer See"},"geometry":{"type":"Polygon","coordinates":[[[8.8504,53.632],[8.8602,53.6342],[8.8708,53.6337],[8.8673,53.6242],[8.857,53.6228],[8.8473,53.6257],[8.8504,53.632]]]}},{"type":"Feature","properties":{"n":"Goaiingarypster Puollen"},"geometry":{"type":"Polygon","coordinates":[[[5.7669,53.0203],[5.7665,53.0096],[5.7572,53.0056],[5.7481,53.01],[5.7499,53.0204],[5.7598,53.0219],[5.7669,53.0203]]]}},{"type":"Feature","properties":{"n":"Moersbach"},"geometry":{"type":"Polygon","coordinates":[[[6.6076,51.4826],[6.6121,51.4736],[6.6213,51.4694],[6.6282,51.4621],[6.6212,51.4694],[6.612,51.4735],[6.6076,51.4826]]]}},{"type":"Feature","properties":{"n":"Wormshöfter Noor"},"geometry":{"type":"Polygon","coordinates":[[[9.9893,54.6861],[9.9922,54.6958],[9.9839,54.7015],[9.9767,54.6937],[9.9795,54.684],[9.9895,54.6829],[9.9893,54.6861]]]}},{"type":"Feature","properties":{"n":"Südensee"},"geometry":{"type":"Polygon","coordinates":[[[9.6371,54.7045],[9.6472,54.7071],[9.6564,54.7112],[9.6667,54.7109],[9.6571,54.7069],[9.6469,54.704],[9.6371,54.7045]]]}},{"type":"Feature","properties":{"n":"Afleidingskanaal"},"geometry":{"type":"Polygon","coordinates":[[[6.2336,52.1586],[6.2449,52.1572],[6.2547,52.1535],[6.2639,52.1493],[6.2546,52.1533],[6.2436,52.1572],[6.2336,52.1586]]]}},{"type":"Feature","properties":{"n":"Rheinhafen"},"geometry":{"type":"Polygon","coordinates":[[[6.6864,51.3329],[6.677,51.3373],[6.6674,51.3407],[6.6585,51.3465],[6.6675,51.3415],[6.677,51.3383],[6.6864,51.3329]]]}},{"type":"Feature","properties":{"n":"Wöhrdener Hafenstrom"},"geometry":{"type":"Polygon","coordinates":[[[8.9515,54.1345],[8.9608,54.1382],[8.9708,54.1388],[8.9805,54.1413],[8.9708,54.1387],[8.9607,54.138],[8.9515,54.1345]]]}},{"type":"Feature","properties":{"n":"Heerter See"},"geometry":{"type":"Polygon","coordinates":[[[10.3906,52.1151],[10.3832,52.1082],[10.374,52.1124],[10.3834,52.1166],[10.3935,52.1197],[10.3945,52.1097],[10.3906,52.1151]]]}},{"type":"Feature","properties":{"n":"Spoy"},"geometry":{"type":"Polygon","coordinates":[[[6.1421,51.7928],[6.1464,51.802],[6.1441,51.812],[6.1412,51.8216],[6.144,51.8114],[6.1461,51.8016],[6.1421,51.7928]]]}},{"type":"Feature","properties":{"n":"Oldersbek"},"geometry":{"type":"Polygon","coordinates":[[[9.1329,54.3864],[9.1329,54.3989],[9.1324,54.4089],[9.1386,54.4187],[9.1325,54.41],[9.1335,54.3958],[9.1329,54.3864]]]}},{"type":"Feature","properties":{"n":"Rummelloch"},"geometry":{"type":"Polygon","coordinates":[[[8.4743,54.4957],[8.4644,54.4911],[8.4801,54.4924],[8.4933,54.4907],[8.5101,54.4949],[8.4782,54.4957],[8.4743,54.4957]]]}},{"type":"Feature","properties":{"n":"Süderaue"},"geometry":{"type":"Polygon","coordinates":[[[8.5431,54.5989],[8.5623,54.6002],[8.5888,54.6117],[8.5722,54.5984],[8.5615,54.5927],[8.5337,54.5913],[8.5431,54.5989]]]}},{"type":"Feature","properties":{"n":"Süd-Nord Kanal"},"geometry":{"type":"Polygon","coordinates":[[[7.103,52.7463],[7.1016,52.7358],[7.1007,52.7253],[7.1,52.7147],[7.1005,52.7255],[7.1015,52.7369],[7.103,52.7463]]]}},{"type":"Feature","properties":{"n":"Rederangsee"},"geometry":{"type":"Polygon","coordinates":[[[12.7583,53.4497],[12.7481,53.4478],[12.7424,53.4563],[12.7491,53.464],[12.7594,53.4637],[12.7603,53.4535],[12.7583,53.4497]]]}},{"type":"Feature","properties":{"n":"Fahrlander See"},"geometry":{"type":"Polygon","coordinates":[[[13.03,52.4475],[13.0199,52.4447],[13.0104,52.4487],[13.0129,52.4587],[13.0232,52.4589],[13.0306,52.4521],[13.03,52.4475]]]}},{"type":"Feature","properties":{"n":"Großer Varchentiner See"},"geometry":{"type":"Polygon","coordinates":[[[12.8313,53.5955],[12.8395,53.6013],[12.8499,53.6018],[12.8529,53.5914],[12.8427,53.5894],[12.8332,53.5942],[12.8313,53.5955]]]}},{"type":"Feature","properties":{"n":"Großer Teich"},"geometry":{"type":"Polygon","coordinates":[[[12.9718,51.5402],[12.9796,51.5474],[12.9892,51.5446],[12.9986,51.541],[12.9895,51.5353],[12.9789,51.5376],[12.9718,51.5402]]]}},{"type":"Feature","properties":{"n":"Jezioro Narost"},"geometry":{"type":"Polygon","coordinates":[[[14.51,52.8825],[14.5173,52.8755],[14.5069,52.8761],[14.5015,52.8847],[14.5054,52.8943],[14.5103,52.8852],[14.51,52.8825]]]}},{"type":"Feature","properties":{"n":"Dankowskie"},"geometry":{"type":"Polygon","coordinates":[[[15.3677,52.9424],[15.3575,52.9409],[15.3644,52.9483],[15.3732,52.9431],[15.3834,52.944],[15.3733,52.9414],[15.3677,52.9424]]]}},{"type":"Feature","properties":{"n":"Ostrowo"},"geometry":{"type":"Polygon","coordinates":[[[14.7059,53.8166],[14.697,53.812],[14.6921,53.8227],[14.6932,53.8331],[14.7035,53.8378],[14.7059,53.8276],[14.7059,53.8166]]]}},{"type":"Feature","properties":{"n":"Jezioro Nowogardzkie"},"geometry":{"type":"Polygon","coordinates":[[[15.1064,53.666],[15.0965,53.6643],[15.0869,53.6609],[15.0943,53.6685],[15.1042,53.6708],[15.1145,53.6705],[15.1064,53.666]]]}},{"type":"Feature","properties":{"n":"Schlosssee"},"geometry":{"type":"Polygon","coordinates":[[[14.2265,53.2913],[14.2167,53.2891],[14.2091,53.2825],[14.1992,53.2805],[14.2104,53.2852],[14.2178,53.292],[14.2265,53.2913]]]}},{"type":"Feature","properties":{"n":"Thüren"},"geometry":{"type":"Polygon","coordinates":[[[12.6996,53.2761],[12.6901,53.2726],[12.6926,53.283],[12.6978,53.2918],[12.708,53.2935],[12.701,53.2863],[12.6996,53.2761]]]}},{"type":"Feature","properties":{"n":"Hofsee"},"geometry":{"type":"Polygon","coordinates":[[[12.8363,53.439],[12.8315,53.4293],[12.8278,53.4195],[12.8199,53.4264],[12.8246,53.4355],[12.8341,53.4394],[12.8363,53.439]]]}},{"type":"Feature","properties":{"n":"Leppinsee"},"geometry":{"type":"Polygon","coordinates":[[[12.8102,53.3341],[12.8158,53.3425],[12.8176,53.3525],[12.8273,53.355],[12.8234,53.3457],[12.8166,53.3376],[12.8102,53.3341]]]}},{"type":"Feature","properties":{"n":"Kleiner Pälitzsee"},"geometry":{"type":"Polygon","coordinates":[[[12.9266,53.1871],[12.9222,53.1966],[12.9327,53.1964],[12.9426,53.1984],[12.9442,53.1885],[12.9333,53.188],[12.9266,53.1871]]]}},{"type":"Feature","properties":{"n":"Runstedter See"},"geometry":{"type":"Polygon","coordinates":[[[11.9208,51.2968],[11.9276,51.3047],[11.9379,51.3057],[11.9474,51.3018],[11.9407,51.294],[11.9306,51.2943],[11.9208,51.2968]]]}},{"type":"Feature","properties":{"n":"Dolgener See"},"geometry":{"type":"Polygon","coordinates":[[[12.2466,53.9489],[12.2368,53.9432],[12.2268,53.9448],[12.2371,53.9467],[12.2463,53.9511],[12.2559,53.955],[12.2466,53.9489]]]}},{"type":"Feature","properties":{"n":"Kritzower See"},"geometry":{"type":"Polygon","coordinates":[[[12.1409,53.4456],[12.1389,53.4354],[12.1362,53.4455],[12.1312,53.4548],[12.1422,53.4572],[12.1363,53.4489],[12.1409,53.4456]]]}},{"type":"Feature","properties":{"n":"Parumer See"},"geometry":{"type":"Polygon","coordinates":[[[12.1131,53.7916],[12.1068,53.7836],[12.1002,53.7929],[12.1084,53.8017],[12.1176,53.8064],[12.1172,53.7962],[12.1131,53.7916]]]}},{"type":"Feature","properties":{"n":"Priesterbäker See"},"geometry":{"type":"Polygon","coordinates":[[[12.8316,53.416],[12.838,53.4237],[12.8451,53.4309],[12.8475,53.4211],[12.8433,53.4116],[12.8331,53.4154],[12.8316,53.416]]]}},{"type":"Feature","properties":{"n":"Putzarer See"},"geometry":{"type":"Polygon","coordinates":[[[13.6783,53.6984],[13.6676,53.6993],[13.6574,53.7014],[13.666,53.7069],[13.6772,53.7063],[13.687,53.7028],[13.6783,53.6984]]]}},{"type":"Feature","properties":{"n":"Sumpfsee"},"geometry":{"type":"Polygon","coordinates":[[[12.1437,53.769],[12.1337,53.7677],[12.1411,53.7749],[12.1489,53.7816],[12.159,53.7812],[12.152,53.7739],[12.1437,53.769]]]}},{"type":"Feature","properties":{"n":"Tempziner See"},"geometry":{"type":"Polygon","coordinates":[[[11.6897,53.7677],[11.694,53.7769],[11.7039,53.7739],[11.7091,53.7653],[11.7017,53.7577],[11.6967,53.7666],[11.6897,53.7677]]]}},{"type":"Feature","properties":{"n":"Zansen"},"geometry":{"type":"Polygon","coordinates":[[[13.465,53.3186],[13.4553,53.3148],[13.4636,53.321],[13.4692,53.3293],[13.4795,53.3321],[13.472,53.3253],[13.465,53.3186]]]}},{"type":"Feature","properties":{"n":"Großer Wochowsee"},"geometry":{"type":"Polygon","coordinates":[[[13.8915,52.2287],[13.9049,52.2304],[13.8966,52.2245],[13.9061,52.219],[13.8887,52.217],[13.8882,52.227],[13.8915,52.2287]]]}},{"type":"Feature","properties":{"n":"Große Krampe"},"geometry":{"type":"Polygon","coordinates":[[[13.6543,52.3822],[13.6527,52.3924],[13.6585,52.4009],[13.6639,52.4094],[13.6603,52.3999],[13.6553,52.3911],[13.6543,52.3822]]]}},{"type":"Feature","properties":{"n":"Schermützelsee"},"geometry":{"type":"Polygon","coordinates":[[[14.0699,52.5748],[14.0625,52.5678],[14.0588,52.5585],[14.0507,52.5652],[14.0566,52.5734],[14.0658,52.5778],[14.0699,52.5748]]]}},{"type":"Feature","properties":{"n":"Kiesgrube Eilenburg"},"geometry":{"type":"Polygon","coordinates":[[[12.6979,51.475],[12.6884,51.4718],[12.6783,51.4728],[12.6862,51.4795],[12.6949,51.4846],[12.7049,51.4801],[12.6979,51.475]]]}},{"type":"Feature","properties":{"n":"Schmöldesee"},"geometry":{"type":"Polygon","coordinates":[[[13.7489,52.2153],[13.7455,52.2056],[13.7379,52.1985],[13.728,52.1963],[13.7365,52.2016],[13.7443,52.2086],[13.7489,52.2153]]]}},{"type":"Feature","properties":{"n":"Klempowsee"},"geometry":{"type":"Polygon","coordinates":[[[12.4424,52.9282],[12.453,52.9245],[12.457,52.9153],[12.4566,52.9053],[12.4519,52.9143],[12.4469,52.9232],[12.4424,52.9282]]]}},{"type":"Feature","properties":{"n":"Indrefjord"},"geometry":{"type":"Polygon","coordinates":[[[11.1398,54.8283],[11.1487,54.8237],[11.1573,54.8179],[11.1514,54.8097],[11.1472,54.8189],[11.141,54.8268],[11.1398,54.8283]]]}},{"type":"Feature","properties":{"n":"Krossinsee"},"geometry":{"type":"Polygon","coordinates":[[[13.6663,52.3581],[13.6719,52.3666],[13.6817,52.3694],[13.6915,52.3673],[13.6825,52.3626],[13.6732,52.3576],[13.6663,52.3581]]]}},{"type":"Feature","properties":{"n":"Rangsdorfer See"},"geometry":{"type":"Polygon","coordinates":[[[13.4138,52.2798],[13.4026,52.2817],[13.3928,52.2839],[13.3945,52.2942],[13.4086,52.2942],[13.4145,52.2861],[13.4138,52.2798]]]}},{"type":"Feature","properties":{"n":"Kleiner Zernsee"},"geometry":{"type":"Polygon","coordinates":[[[12.8857,52.4264],[12.8959,52.429],[12.9059,52.428],[12.9134,52.4209],[12.9034,52.4199],[12.8951,52.4257],[12.8857,52.4264]]]}},{"type":"Feature","properties":{"n":"Jezioro Krzesińskie"},"geometry":{"type":"Polygon","coordinates":[[[14.7275,52.0934],[14.7378,52.0919],[14.7485,52.0915],[14.7591,52.091],[14.7475,52.0905],[14.7352,52.092],[14.7275,52.0934]]]}},{"type":"Feature","properties":{"n":"Griebnitzsee"},"geometry":{"type":"Polygon","coordinates":[[[13.126,52.3974],[13.1353,52.4016],[13.1273,52.3956],[13.1179,52.4005],[13.1091,52.4057],[13.1188,52.4024],[13.126,52.3974]]]}},{"type":"Feature","properties":{"n":"Langer See"},"geometry":{"type":"Polygon","coordinates":[[[13.7877,52.2509],[13.7945,52.2433],[13.7852,52.2394],[13.7773,52.2332],[13.7784,52.2432],[13.7857,52.2503],[13.7877,52.2509]]]}},{"type":"Feature","properties":{"n":"Havel"},"geometry":{"type":"Polygon","coordinates":[[[13.197,52.4967],[13.1851,52.4938],[13.1888,52.5034],[13.1991,52.503],[13.2109,52.504],[13.2028,52.4975],[13.197,52.4967]]]}},{"type":"Feature","properties":{"n":"Alte Elbe"},"geometry":{"type":"Polygon","coordinates":[[[11.709,52.0812],[11.7199,52.0824],[11.7258,52.0735],[11.7327,52.066],[11.7263,52.0744],[11.7204,52.0829],[11.709,52.0812]]]}},{"type":"Feature","properties":{"n":"Mellensee"},"geometry":{"type":"Polygon","coordinates":[[[13.4055,52.1637],[13.404,52.1739],[13.4078,52.1832],[13.4141,52.1754],[13.4175,52.1659],[13.4097,52.159],[13.4055,52.1637]]]}},{"type":"Feature","properties":{"n":"Kanał Ulgi"},"geometry":{"type":"Polygon","coordinates":[[[15.2098,52.7075],[15.2201,52.7105],[15.231,52.7143],[15.2405,52.7175],[15.2287,52.714],[15.2182,52.7104],[15.2098,52.7075]]]}},{"type":"Feature","properties":{"n":"Königsauer See"},"geometry":{"type":"Polygon","coordinates":[[[11.3863,51.8226],[11.3919,51.8123],[11.3998,51.8186],[11.4103,51.8206],[11.401,51.8247],[11.3909,51.8236],[11.3863,51.8226]]]}},{"type":"Feature","properties":{"n":"Breitling"},"geometry":{"type":"Polygon","coordinates":[[[10.795,53.8942],[10.7846,53.8915],[10.7745,53.8902],[10.7666,53.8973],[10.7766,53.8984],[10.7876,53.8944],[10.795,53.8942]]]}},{"type":"Feature","properties":{"n":"Keezer See"},"geometry":{"type":"Polygon","coordinates":[[[11.6341,53.7361],[11.6238,53.7331],[11.6329,53.7377],[11.6432,53.7395],[11.6542,53.7393],[11.6442,53.7366],[11.6341,53.7361]]]}},{"type":"Feature","properties":{"n":"Straussee"},"geometry":{"type":"Polygon","coordinates":[[[13.8773,52.5888],[13.8871,52.592],[13.8803,52.5844],[13.8775,52.5747],[13.8682,52.5705],[13.8724,52.5798],[13.8773,52.5888]]]}},{"type":"Feature","properties":{"n":"Grabensee"},"geometry":{"type":"Polygon","coordinates":[[[13.1024,47.9979],[13.0972,47.9882],[13.0881,47.9839],[13.0913,47.9934],[13.1002,47.998],[13.1024,47.9979]]]}},{"type":"Feature","properties":{"n":"Brückelsee"},"geometry":{"type":"Polygon","coordinates":[[[12.2175,49.3395],[12.2209,49.3496],[12.2276,49.3419],[12.2346,49.3347],[12.2247,49.3375],[12.2175,49.3395]]]}},{"type":"Feature","properties":{"n":"Lech"},"geometry":{"type":"Polygon","coordinates":[[[10.9278,47.9076],[10.9178,47.9025],[10.9083,47.9062],[10.9195,47.9064],[10.93,47.9085],[10.9278,47.9076]]]}},{"type":"Feature","properties":{"n":"Jaukerbach"},"geometry":{"type":"Polygon","coordinates":[[[14.3419,48.2625],[14.3324,48.2583],[14.3252,48.2513],[14.3324,48.259],[14.3418,48.2627],[14.3419,48.2625]]]}},{"type":"Feature","properties":{"n":"Talsperre Muldenberg"},"geometry":{"type":"Polygon","coordinates":[[[12.3859,50.4058],[12.396,50.4088],[12.4058,50.4116],[12.3974,50.4056],[12.3874,50.4052],[12.3859,50.4058]]]}},{"type":"Feature","properties":{"n":"Hochwasserspeicher Liebenstein"},"geometry":{"type":"Polygon","coordinates":[[[12.3524,49.8098],[12.3424,49.8088],[12.3324,49.8094],[12.3425,49.8096],[12.3529,49.8105],[12.3524,49.8098]]]}},{"type":"Feature","properties":{"n":"Kainzmühl-Stausee"},"geometry":{"type":"Polygon","coordinates":[[[12.3179,49.582],[12.3081,49.5797],[12.2985,49.5743],[12.3068,49.5801],[12.3171,49.5825],[12.3179,49.582]]]}},{"type":"Feature","properties":{"n":"Erlaufstausee"},"geometry":{"type":"Polygon","coordinates":[[[15.2819,47.8337],[15.2873,47.8248],[15.2968,47.8213],[15.287,47.8242],[15.281,47.8323],[15.2819,47.8337]]]}},{"type":"Feature","properties":{"n":"Franziskanerwasser"},"geometry":{"type":"Polygon","coordinates":[[[11.4897,48.7562],[11.5,48.7557],[11.51,48.7556],[11.4992,48.7558],[11.4889,48.7562],[11.4897,48.7562]]]}},{"type":"Feature","properties":{"n":"Traun"},"geometry":{"type":"Polygon","coordinates":[[[14.3518,48.2683],[14.3618,48.2689],[14.3508,48.2662],[14.342,48.2608],[14.3496,48.2673],[14.3518,48.2683]]]}},{"type":"Feature","properties":{"n":"Grádo"},"geometry":{"type":"Polygon","coordinates":[[[14.7678,50.175],[14.7574,50.1724],[14.7476,50.1696],[14.7571,50.173],[14.7667,50.1758],[14.7678,50.175]]]}},{"type":"Feature","properties":{"n":"Ybbs"},"geometry":{"type":"Polygon","coordinates":[[[14.7847,48.0419],[14.7892,48.051],[14.7968,48.0577],[14.7887,48.0515],[14.7846,48.0423],[14.7847,48.0419]]]}},{"type":"Feature","properties":{"n":"Restloch Zipsendorf"},"geometry":{"type":"Polygon","coordinates":[[[12.2362,51.0502],[12.2462,51.0515],[12.2558,51.056],[12.2505,51.0474],[12.2404,51.0482],[12.2362,51.0502]]]}},{"type":"Feature","properties":{"n":"Labuť"},"geometry":{"type":"Polygon","coordinates":[[[13.9444,49.4641],[13.9534,49.4595],[13.963,49.4558],[13.9524,49.4551],[13.9433,49.4593],[13.9444,49.4641]]]}},{"type":"Feature","properties":{"n":"Dlouhý rybník"},"geometry":{"type":"Polygon","coordinates":[[[12.8015,49.6682],[12.8115,49.6689],[12.82,49.6636],[12.81,49.6657],[12.7999,49.6646],[12.8015,49.6682]]]}},{"type":"Feature","properties":{"n":"Enns"},"geometry":{"type":"Polygon","coordinates":[[[14.0501,47.5068],[14.0424,47.4989],[14.0344,47.4917],[14.042,47.4989],[14.0488,47.5063],[14.0501,47.5068]]]}},{"type":"Feature","properties":{"n":"Enns"},"geometry":{"type":"Polygon","coordinates":[[[13.9351,47.442],[13.9271,47.4359],[13.9173,47.4318],[13.9269,47.4361],[13.9351,47.4423],[13.9351,47.442]]]}},{"type":"Feature","properties":{"n":"vodní nádrž Kadaň"},"geometry":{"type":"Polygon","coordinates":[[[13.23,50.3786],[13.24,50.3776],[13.2496,50.3807],[13.2404,50.3767],[13.2301,50.3773],[13.23,50.3786]]]}},{"type":"Feature","properties":{"n":"Břehyňský rybník"},"geometry":{"type":"Polygon","coordinates":[[[14.7202,50.5801],[14.7103,50.578],[14.701,50.5743],[14.7069,50.5827],[14.7171,50.5803],[14.7202,50.5801]]]}},{"type":"Feature","properties":{"n":"Holanský rybník"},"geometry":{"type":"Polygon","coordinates":[[[14.4954,50.6217],[14.4852,50.619],[14.4752,50.6202],[14.4852,50.6206],[14.4951,50.6222],[14.4954,50.6217]]]}},{"type":"Feature","properties":{"n":"Krumme Steyrling"},"geometry":{"type":"Polygon","coordinates":[[[14.2938,47.8918],[14.2832,47.8943],[14.2732,47.8943],[14.2832,47.8945],[14.2932,47.8921],[14.2938,47.8918]]]}},{"type":"Feature","properties":{"n":"Vorderer Gosausee"},"geometry":{"type":"Polygon","coordinates":[[[13.5162,47.5252],[13.5072,47.5305],[13.4974,47.5326],[13.5057,47.5266],[13.5151,47.5231],[13.5162,47.5252]]]}},{"type":"Feature","properties":{"n":"Warmwasser"},"geometry":{"type":"Polygon","coordinates":[[[11.3052,48.7387],[11.2961,48.7345],[11.3055,48.7387],[11.3141,48.7335],[11.3054,48.7392],[11.3052,48.7387]]]}},{"type":"Feature","properties":{"n":"Alpsee"},"geometry":{"type":"Polygon","coordinates":[[[10.7339,47.5508],[10.724,47.5469],[10.7135,47.5469],[10.7225,47.5516],[10.7324,47.5538],[10.7339,47.5508]]]}},{"type":"Feature","properties":{"n":"Pumpspeicherwerk Goldisthal (Unterbecken)"},"geometry":{"type":"Polygon","coordinates":[[[11.0016,50.5104],[11.0056,50.5011],[11.0145,50.4965],[11.0046,50.4984],[11.0008,50.5077],[11.0016,50.5104]]]}},{"type":"Feature","properties":{"n":"Palten"},"geometry":{"type":"Polygon","coordinates":[[[14.3738,47.5245],[14.3642,47.5274],[14.3542,47.5267],[14.3642,47.5274],[14.3738,47.5244],[14.3738,47.5245]]]}},{"type":"Feature","properties":{"n":"Vorsperre Thossfell"},"geometry":{"type":"Polygon","coordinates":[[[12.2332,50.5177],[12.2434,50.5196],[12.2534,50.5222],[12.2443,50.5178],[12.2343,50.5169],[12.2332,50.5177]]]}},{"type":"Feature","properties":{"n":"Lužnice"},"geometry":{"type":"Polygon","coordinates":[[[14.7956,49.0425],[14.805,49.039],[14.8151,49.0369],[14.8053,49.0389],[14.7958,49.0427],[14.7956,49.0425]]]}},{"type":"Feature","properties":{"n":"Hopfensee"},"geometry":{"type":"Polygon","coordinates":[[[10.6818,47.5985],[10.6716,47.5947],[10.662,47.5986],[10.6679,47.6067],[10.6779,47.6074],[10.6818,47.5985]]]}},{"type":"Feature","properties":{"n":"Mürz"},"geometry":{"type":"Polygon","coordinates":[[[15.3312,47.4593],[15.3404,47.4634],[15.3506,47.4662],[15.3405,47.4636],[15.3312,47.4594],[15.3312,47.4593]]]}},{"type":"Feature","properties":{"n":"Alm"},"geometry":{"type":"Polygon","coordinates":[[[13.992,47.9294],[13.9827,47.925],[13.9774,47.9165],[13.9826,47.9253],[13.9919,47.929],[13.992,47.9294]]]}},{"type":"Feature","properties":{"n":"Spolský rybník"},"geometry":{"type":"Polygon","coordinates":[[[14.6968,48.9602],[14.6952,48.9701],[14.7051,48.9727],[14.7008,48.9634],[14.693,48.9571],[14.6968,48.9602]]]}},{"type":"Feature","properties":{"n":"Regent"},"geometry":{"type":"Polygon","coordinates":[[[12.7387,49.9108],[12.7287,49.9116],[12.7186,49.9117],[12.7284,49.909],[12.7384,49.9103],[12.7387,49.9108]]]}},{"type":"Feature","properties":{"n":"Liesing"},"geometry":{"type":"Polygon","coordinates":[[[14.8206,47.3972],[14.8309,47.3959],[14.8409,47.3957],[14.8308,47.3958],[14.8208,47.3969],[14.8206,47.3972]]]}},{"type":"Feature","properties":{"n":"Liesing"},"geometry":{"type":"Polygon","coordinates":[[[14.8148,47.3978],[14.8049,47.401],[14.7947,47.4027],[14.8048,47.4012],[14.8144,47.398],[14.8148,47.3978]]]}},{"type":"Feature","properties":{"n":"Jankovský potok"},"geometry":{"type":"Polygon","coordinates":[[[15.2828,49.4996],[15.2909,49.5057],[15.2828,49.4997],[15.274,49.5046],[15.2827,49.4996],[15.2828,49.4996]]]}},{"type":"Feature","properties":{"n":"Tresdorfer See"},"geometry":{"type":"Polygon","coordinates":[[[10.4599,54.2403],[10.4694,54.2364],[10.4738,54.2271],[10.4654,54.2216],[10.4651,54.2319],[10.4599,54.2403]]]}},{"type":"Feature","properties":{"n":"Außenhafen"},"geometry":{"type":"Polygon","coordinates":[[[6.7531,51.4336],[6.7422,51.4281],[6.7307,51.4252],[6.7414,51.4286],[6.7512,51.433],[6.7531,51.4336]]]}},{"type":"Feature","properties":{"n":"Schmalensee"},"geometry":{"type":"Polygon","coordinates":[[[10.2419,54.0898],[10.2518,54.0877],[10.2623,54.0867],[10.253,54.0827],[10.2428,54.0846],[10.2419,54.0898]]]}},{"type":"Feature","properties":{"n":"Xantener Nordsee"},"geometry":{"type":"Polygon","coordinates":[[[6.4231,51.6919],[6.4182,51.7009],[6.4282,51.7013],[6.4372,51.6958],[6.4273,51.693],[6.4231,51.6919]]]}},{"type":"Feature","properties":{"n":"Xantener Südsee"},"geometry":{"type":"Polygon","coordinates":[[[6.4391,51.6847],[6.4496,51.6861],[6.456,51.6783],[6.4483,51.6718],[6.4412,51.6815],[6.4391,51.6847]]]}},{"type":"Feature","properties":{"n":"Store Søgård Sø"},"geometry":{"type":"Polygon","coordinates":[[[9.4506,54.9402],[9.4437,54.9327],[9.434,54.9284],[9.4388,54.9373],[9.4486,54.9399],[9.4506,54.9402]]]}},{"type":"Feature","properties":{"n":"Ketting Nor"},"geometry":{"type":"Polygon","coordinates":[[[9.8603,54.9694],[9.8711,54.9713],[9.8819,54.9708],[9.8719,54.9691],[9.8618,54.9699],[9.8603,54.9694]]]}},{"type":"Feature","properties":{"n":"Oldenor"},"geometry":{"type":"Polygon","coordinates":[[[9.7099,55.0388],[9.7202,55.042],[9.73,55.0442],[9.7207,55.0391],[9.7105,55.0385],[9.7099,55.0388]]]}},{"type":"Feature","properties":{"n":"Mittlerer See"},"geometry":{"type":"Polygon","coordinates":[[[8.8598,52.2313],[8.851,52.2255],[8.8408,52.2219],[8.8496,52.2277],[8.8591,52.232],[8.8598,52.2313]]]}},{"type":"Feature","properties":{"n":"Hieve - Kleines Meer"},"geometry":{"type":"Polygon","coordinates":[[[7.2674,53.4114],[7.275,53.418],[7.2841,53.4138],[7.2768,53.4069],[7.2677,53.4112],[7.2674,53.4114]]]}},{"type":"Feature","properties":{"n":"Silbersee II"},"geometry":{"type":"Polygon","coordinates":[[[7.2113,51.7984],[7.2207,51.8022],[7.231,51.8018],[7.2228,51.7958],[7.2129,51.7975],[7.2113,51.7984]]]}},{"type":"Feature","properties":{"n":"Halemer See"},"geometry":{"type":"Polygon","coordinates":[[[8.7716,53.6753],[8.7815,53.6731],[8.7707,53.6724],[8.761,53.676],[8.771,53.6755],[8.7716,53.6753]]]}},{"type":"Feature","properties":{"n":"Mjels Sø"},"geometry":{"type":"Polygon","coordinates":[[[9.7352,55.0331],[9.7454,55.0316],[9.7351,55.0309],[9.7253,55.0285],[9.7343,55.0329],[9.7352,55.0331]]]}},{"type":"Feature","properties":{"n":"Ewiges Meer"},"geometry":{"type":"Polygon","coordinates":[[[7.4199,53.544],[7.4296,53.5487],[7.4397,53.5503],[7.4347,53.5416],[7.4247,53.541],[7.4199,53.544]]]}},{"type":"Feature","properties":{"n":"Rudbøl Sø - Ruttebüller See"},"geometry":{"type":"Polygon","coordinates":[[[8.7712,54.892],[8.7611,54.8926],[8.7517,54.8965],[8.7621,54.8967],[8.7718,54.8942],[8.7712,54.892]]]}},{"type":"Feature","properties":{"n":"Balksee"},"geometry":{"type":"Polygon","coordinates":[[[9.013,53.7012],[9.0228,53.7034],[9.03,53.6961],[9.0198,53.6934],[9.013,53.701],[9.013,53.7012]]]}},{"type":"Feature","properties":{"n":"Vareler Binnentief"},"geometry":{"type":"Polygon","coordinates":[[[8.1873,53.4099],[8.1731,53.4096],[8.1629,53.4071],[8.1728,53.4097],[8.1872,53.4103],[8.1873,53.4099]]]}},{"type":"Feature","properties":{"n":"Maschsee"},"geometry":{"type":"Polygon","coordinates":[[[9.7413,52.353],[9.7352,52.361],[9.7456,52.3545],[9.7522,52.3468],[9.7434,52.3522],[9.7413,52.353]]]}},{"type":"Feature","properties":{"n":"Jaap Deensgat"},"geometry":{"type":"Polygon","coordinates":[[[6.2333,53.3526],[6.2412,53.3588],[6.251,53.3615],[6.2441,53.3542],[6.2343,53.3521],[6.2333,53.3526]]]}},{"type":"Feature","properties":{"n":"Het Bussloo"},"geometry":{"type":"Polygon","coordinates":[[[6.0966,52.193],[6.0935,52.2026],[6.1035,52.2033],[6.1135,52.2036],[6.1041,52.199],[6.0966,52.193]]]}},{"type":"Feature","properties":{"n":"Grootegaster Tocht"},"geometry":{"type":"Polygon","coordinates":[[[6.288,53.2168],[6.292,53.2264],[6.2868,53.2351],[6.294,53.2281],[6.2849,53.2239],[6.288,53.2168]]]}},{"type":"Feature","properties":{"n":"De Rie"},"geometry":{"type":"Polygon","coordinates":[[[5.563,53.2172],[5.573,53.2201],[5.5833,53.2228],[5.5726,53.2198],[5.563,53.2168],[5.563,53.2172]]]}},{"type":"Feature","properties":{"n":"Wylermeer"},"geometry":{"type":"Polygon","coordinates":[[[5.9654,51.8122],[5.9567,51.8172],[5.9477,51.8216],[5.9571,51.818],[5.9659,51.8125],[5.9654,51.8122]]]}},{"type":"Feature","properties":{"n":"Doelesleat"},"geometry":{"type":"Polygon","coordinates":[[[5.8804,53.1113],[5.8912,53.1125],[5.9013,53.1125],[5.8908,53.1124],[5.8808,53.1112],[5.8804,53.1113]]]}},{"type":"Feature","properties":{"n":"Ringsleat"},"geometry":{"type":"Polygon","coordinates":[[[5.9328,53.1607],[5.9253,53.1537],[5.9159,53.1469],[5.9243,53.153],[5.9322,53.1596],[5.9328,53.1607]]]}},{"type":"Feature","properties":{"n":"Tikefeart"},"geometry":{"type":"Polygon","coordinates":[[[6.0388,53.1449],[6.0488,53.1439],[6.0388,53.1448],[6.0291,53.1483],[6.0387,53.145],[6.0388,53.1449]]]}},{"type":"Feature","properties":{"n":"Alddjip"},"geometry":{"type":"Polygon","coordinates":[[[6.2095,53.0773],[6.2005,53.0728],[6.1906,53.0691],[6.1999,53.0728],[6.2089,53.0773],[6.2095,53.0773]]]}},{"type":"Feature","properties":{"n":"Ringwiel"},"geometry":{"type":"Polygon","coordinates":[[[5.5136,52.9797],[5.5255,52.9818],[5.5348,52.9781],[5.5248,52.9762],[5.5152,52.9793],[5.5136,52.9797]]]}},{"type":"Feature","properties":{"n":"It Deel"},"geometry":{"type":"Polygon","coordinates":[[[5.8112,53.0434],[5.8213,53.0396],[5.8303,53.0352],[5.821,53.0391],[5.811,53.0427],[5.8112,53.0434]]]}},{"type":"Feature","properties":{"n":"Heafeart"},"geometry":{"type":"Polygon","coordinates":[[[5.9209,53.0188],[5.9307,53.0215],[5.941,53.0243],[5.9296,53.0209],[5.9184,53.0178],[5.9209,53.0188]]]}},{"type":"Feature","properties":{"n":"Oostopgaande"},"geometry":{"type":"Polygon","coordinates":[[[6.6527,52.6989],[6.6643,52.7021],[6.674,52.7049],[6.6633,52.7017],[6.6531,52.6988],[6.6527,52.6989]]]}},{"type":"Feature","properties":{"n":"Noordwoldervaart"},"geometry":{"type":"Polygon","coordinates":[[[6.1192,52.8891],[6.1094,52.8859],[6.1192,52.8892],[6.1294,52.8902],[6.1194,52.8891],[6.1192,52.8891]]]}},{"type":"Feature","properties":{"n":"Lende"},"geometry":{"type":"Polygon","coordinates":[[[6.1412,52.9256],[6.1506,52.9291],[6.1608,52.9321],[6.1512,52.9291],[6.1415,52.9257],[6.1412,52.9256]]]}},{"type":"Feature","properties":{"n":"Verlengde Middenraai"},"geometry":{"type":"Polygon","coordinates":[[[6.6334,52.7882],[6.6255,52.7816],[6.6331,52.7882],[6.6434,52.7937],[6.6339,52.7884],[6.6334,52.7882]]]}},{"type":"Feature","properties":{"n":"Et Wiede"},"geometry":{"type":"Polygon","coordinates":[[[5.9572,52.839],[5.9664,52.843],[5.9761,52.8457],[5.9684,52.8393],[5.9583,52.8392],[5.9572,52.839]]]}},{"type":"Feature","properties":{"n":"Annerveensche Mond"},"geometry":{"type":"Polygon","coordinates":[[[6.7762,53.0671],[6.7862,53.0715],[6.8004,53.077],[6.7888,53.0726],[6.7781,53.068],[6.7762,53.0671]]]}},{"type":"Feature","properties":{"n":"Büttler Kanal"},"geometry":{"type":"Polygon","coordinates":[[[9.2099,53.9337],[9.2166,53.9417],[9.2136,53.9516],[9.2163,53.9417],[9.2094,53.9341],[9.2099,53.9337]]]}},{"type":"Feature","properties":{"n":"Hase-Altarm"},"geometry":{"type":"Polygon","coordinates":[[[7.5331,52.6775],[7.5235,52.6742],[7.525,52.6842],[7.5345,52.6809],[7.5247,52.6789],[7.5331,52.6775]]]}},{"type":"Feature","properties":{"n":"Fischereihafen II"},"geometry":{"type":"Polygon","coordinates":[[[8.5751,53.5272],[8.5786,53.5173],[8.5859,53.5023],[8.5782,53.5088],[8.5751,53.5187],[8.5751,53.5272]]]}},{"type":"Feature","properties":{"n":"Eesermeer"},"geometry":{"type":"Polygon","coordinates":[[[6.1342,52.7994],[6.1409,52.8069],[6.1513,52.8056],[6.1414,52.8072],[6.1357,52.7988],[6.1342,52.7994]]]}},{"type":"Feature","properties":{"n":"Brahmsee"},"geometry":{"type":"Polygon","coordinates":[[[9.8924,54.1989],[9.9001,54.2055],[9.9085,54.2118],[9.9065,54.2018],[9.8981,54.1963],[9.8924,54.1989]]]}},{"type":"Feature","properties":{"n":"Grietherorter Altrhein"},"geometry":{"type":"Polygon","coordinates":[[[6.331,51.7915],[6.3372,51.7994],[6.3305,51.8069],[6.3379,51.7999],[6.3326,51.7914],[6.331,51.7915]]]}},{"type":"Feature","properties":{"n":"Alddjip"},"geometry":{"type":"Polygon","coordinates":[[[6.1581,53.0664],[6.1683,53.0667],[6.1786,53.0669],[6.1686,53.0665],[6.1581,53.0663],[6.1581,53.0664]]]}},{"type":"Feature","properties":{"n":"Schirnauer See"},"geometry":{"type":"Polygon","coordinates":[[[9.745,54.3404],[9.7549,54.347],[9.7643,54.3514],[9.7572,54.3439],[9.7474,54.3391],[9.745,54.3404]]]}},{"type":"Feature","properties":{"n":"Norder Tief"},"geometry":{"type":"Polygon","coordinates":[[[7.3124,53.6149],[7.3238,53.6159],[7.3338,53.614],[7.3238,53.616],[7.3124,53.615],[7.3124,53.6149]]]}},{"type":"Feature","properties":{"n":"Außenhafen"},"geometry":{"type":"Polygon","coordinates":[[[9.0265,54.4717],[9.0383,54.4726],[9.0484,54.4727],[9.038,54.4718],[9.0268,54.4715],[9.0265,54.4717]]]}},{"type":"Feature","properties":{"n":"Lindauer Noor"},"geometry":{"type":"Polygon","coordinates":[[[9.8132,54.5884],[9.8048,54.582],[9.8131,54.5885],[9.824,54.5943],[9.8151,54.5894],[9.8132,54.5884]]]}},{"type":"Feature","properties":{"n":"Veeningen- Panjerd"},"geometry":{"type":"Polygon","coordinates":[[[6.3661,52.6829],[6.3561,52.6805],[6.3463,52.678],[6.356,52.6813],[6.3658,52.6835],[6.3661,52.6829]]]}},{"type":"Feature","properties":{"n":"Vareler Hafen"},"geometry":{"type":"Polygon","coordinates":[[[8.1876,53.4086],[8.1775,53.408],[8.1667,53.407],[8.1769,53.4082],[8.187,53.4096],[8.1876,53.4086]]]}},{"type":"Feature","properties":{"n":"Terwoldsche Wetering"},"geometry":{"type":"Polygon","coordinates":[[[6.0725,52.3302],[6.0747,52.3401],[6.072,52.3516],[6.0747,52.3419],[6.0715,52.3321],[6.0725,52.3302]]]}},{"type":"Feature","properties":{"n":"Wide Ie"},"geometry":{"type":"Polygon","coordinates":[[[5.9755,53.1103],[5.9676,53.1041],[5.957,53.1019],[5.9662,53.1059],[5.9755,53.11],[5.9755,53.1103]]]}},{"type":"Feature","properties":{"n":"Nije Wjittering"},"geometry":{"type":"Polygon","coordinates":[[[5.7994,53.0611],[5.7901,53.0549],[5.7776,53.0475],[5.7859,53.0533],[5.7946,53.0584],[5.7994,53.0611]]]}},{"type":"Feature","properties":{"n":"Nij Djip"},"geometry":{"type":"Polygon","coordinates":[[[5.9431,53.0536],[5.9539,53.0537],[5.9438,53.0532],[5.9323,53.0529],[5.9427,53.0537],[5.9431,53.0536]]]}},{"type":"Feature","properties":{"n":"Sulverkanaal"},"geometry":{"type":"Polygon","coordinates":[[[5.955,53.0699],[5.9649,53.0667],[5.9742,53.0627],[5.9648,53.0666],[5.9552,53.07],[5.955,53.0699]]]}},{"type":"Feature","properties":{"n":"Schlachtensee"},"geometry":{"type":"Polygon","coordinates":[[[13.2283,52.4449],[13.2186,52.4424],[13.2082,52.4402],[13.2169,52.4452],[13.2271,52.4447],[13.2283,52.4449]]]}},{"type":"Feature","properties":{"n":"Kleiner Wannsee"},"geometry":{"type":"Polygon","coordinates":[[[13.154,52.4123],[13.163,52.417],[13.1725,52.4203],[13.1632,52.4163],[13.1544,52.4115],[13.154,52.4123]]]}},{"type":"Feature","properties":{"n":"Großer Wannsee"},"geometry":{"type":"Polygon","coordinates":[[[13.1675,52.4327],[13.1773,52.4349],[13.1784,52.4248],[13.1688,52.4218],[13.1672,52.4318],[13.1675,52.4327]]]}},{"type":"Feature","properties":{"n":"Wolzensee"},"geometry":{"type":"Polygon","coordinates":[[[12.3729,52.5934],[12.3832,52.5914],[12.3729,52.5908],[12.3624,52.5901],[12.372,52.5935],[12.3729,52.5934]]]}},{"type":"Feature","properties":{"n":"Großer Wusterwitzer See"},"geometry":{"type":"Polygon","coordinates":[[[12.4024,52.3688],[12.3943,52.3626],[12.3857,52.3678],[12.3957,52.372],[12.4044,52.3777],[12.4024,52.3688]]]}},{"type":"Feature","properties":{"n":"Wutzsee"},"geometry":{"type":"Polygon","coordinates":[[[13.4343,52.8832],[13.4253,52.8773],[13.4149,52.8766],[13.4246,52.881],[13.4335,52.8856],[13.4343,52.8832]]]}},{"type":"Feature","properties":{"n":"Werbellinsee"},"geometry":{"type":"Polygon","coordinates":[[[12.9343,52.9317],[12.943,52.9261],[12.9525,52.9219],[12.9422,52.9235],[12.9337,52.9297],[12.9343,52.9317]]]}},{"type":"Feature","properties":{"n":"Neustädter See"},"geometry":{"type":"Polygon","coordinates":[[[11.5754,53.3967],[11.5659,53.3904],[11.5559,53.3909],[11.5644,53.3989],[11.575,53.3976],[11.5754,53.3967]]]}},{"type":"Feature","properties":{"n":"Rahmer See"},"geometry":{"type":"Polygon","coordinates":[[[13.3976,52.7437],[13.4064,52.7491],[13.4168,52.7511],[13.4089,52.7449],[13.399,52.7434],[13.3976,52.7437]]]}},{"type":"Feature","properties":{"n":"Großer Wünsdorfer See"},"geometry":{"type":"Polygon","coordinates":[[[13.4745,52.1511],[13.4679,52.1435],[13.4582,52.1489],[13.4624,52.1583],[13.4726,52.154],[13.4745,52.1511]]]}},{"type":"Feature","properties":{"n":"Talsperre Wendefurth"},"geometry":{"type":"Polygon","coordinates":[[[10.8938,51.744],[10.9038,51.7416],[10.9138,51.7415],[10.9034,51.7402],[10.8933,51.7405],[10.8938,51.744]]]}},{"type":"Feature","properties":{"n":"Nieder Neuendorfer See"},"geometry":{"type":"Polygon","coordinates":[[[13.2199,52.6271],[13.2174,52.6173],[13.2111,52.6091],[13.2122,52.6191],[13.2194,52.6261],[13.2199,52.6271]]]}},{"type":"Feature","properties":{"n":"Schlänitzsee"},"geometry":{"type":"Polygon","coordinates":[[[12.9458,52.4461],[12.9505,52.4551],[12.9595,52.4596],[12.9591,52.4494],[12.9507,52.4437],[12.9458,52.4461]]]}},{"type":"Feature","properties":{"n":"Spycker See"},"geometry":{"type":"Polygon","coordinates":[[[13.4911,54.5591],[13.5003,54.5637],[13.5102,54.5665],[13.5044,54.5582],[13.4948,54.561],[13.4911,54.5591]]]}},{"type":"Feature","properties":{"n":"Linowsee"},"geometry":{"type":"Polygon","coordinates":[[[13.2677,53.2609],[13.2762,53.2665],[13.284,53.2728],[13.2778,53.2643],[13.2687,53.2595],[13.2677,53.2609]]]}},{"type":"Feature","properties":{"n":"Großer Felchowsee"},"geometry":{"type":"Polygon","coordinates":[[[14.1406,53.0533],[14.1309,53.0505],[14.1207,53.051],[14.1281,53.0583],[14.1383,53.0605],[14.1406,53.0533]]]}},{"type":"Feature","properties":{"n":"jezioro Lubie"},"geometry":{"type":"Polygon","coordinates":[[[15.2949,52.869],[15.3043,52.8655],[15.3129,52.8599],[15.3034,52.8631],[15.2936,52.8661],[15.2949,52.869]]]}},{"type":"Feature","properties":{"n":"Starzyca"},"geometry":{"type":"Polygon","coordinates":[[[15.35,53.4613],[15.3399,53.4605],[15.349,53.4659],[15.3593,53.4675],[15.3503,53.4628],[15.35,53.4613]]]}},{"type":"Feature","properties":{"n":"Jezioro Dłużec"},"geometry":{"type":"Polygon","coordinates":[[[14.6647,53.089],[14.6579,53.0811],[14.6587,53.0911],[14.6529,53.0994],[14.6618,53.0941],[14.6647,53.089]]]}},{"type":"Feature","properties":{"n":"Gardzko"},"geometry":{"type":"Polygon","coordinates":[[[15.2968,53.197],[15.2873,53.1933],[15.2789,53.1994],[15.2895,53.2002],[15.2999,53.2003],[15.2968,53.197]]]}},{"type":"Feature","properties":{"n":"Łubie"},"geometry":{"type":"Polygon","coordinates":[[[14.9161,52.9567],[14.9199,52.9464],[14.9094,52.9504],[14.903,52.9581],[14.9128,52.9614],[14.9161,52.9567]]]}},{"type":"Feature","properties":{"n":"Jezioro Grabowskie"},"geometry":{"type":"Polygon","coordinates":[[[15.093,53.4064],[15.0932,53.3964],[15.088,53.4054],[15.0815,53.4138],[15.0904,53.4085],[15.093,53.4064]]]}},{"type":"Feature","properties":{"n":"Sumter See"},"geometry":{"type":"Polygon","coordinates":[[[10.8976,53.2714],[10.8941,53.2816],[10.8845,53.2857],[10.8954,53.2821],[10.8985,53.2715],[10.8976,53.2714]]]}},{"type":"Feature","properties":{"n":"Wurlsee"},"geometry":{"type":"Polygon","coordinates":[[[13.286,53.2248],[13.2967,53.2246],[13.3016,53.2153],[13.2918,53.2181],[13.2837,53.2241],[13.286,53.2248]]]}},{"type":"Feature","properties":{"n":"Großer Priepertsee"},"geometry":{"type":"Polygon","coordinates":[[[13.0375,53.2193],[13.0391,53.2302],[13.0468,53.237],[13.0463,53.2264],[13.0387,53.2192],[13.0375,53.2193]]]}},{"type":"Feature","properties":{"n":"Dabelowsee"},"geometry":{"type":"Polygon","coordinates":[[[13.2132,53.2538],[13.2034,53.2516],[13.1992,53.2607],[13.2093,53.2581],[13.2195,53.2571],[13.2132,53.2538]]]}},{"type":"Feature","properties":{"n":"Grünower See"},"geometry":{"type":"Polygon","coordinates":[[[13.2723,53.3291],[13.2771,53.3381],[13.2845,53.345],[13.2794,53.3363],[13.2723,53.3292],[13.2723,53.3291]]]}},{"type":"Feature","properties":{"n":"Krewitzsee"},"geometry":{"type":"Polygon","coordinates":[[[13.5324,53.2888],[13.5432,53.2893],[13.5518,53.2946],[13.5456,53.2859],[13.5356,53.286],[13.5324,53.2888]]]}},{"type":"Feature","properties":{"n":"Großer Kastavensee"},"geometry":{"type":"Polygon","coordinates":[[[13.2434,53.2326],[13.2405,53.223],[13.2327,53.2164],[13.2382,53.2249],[13.2433,53.2337],[13.2434,53.2326]]]}},{"type":"Feature","properties":{"n":"Thymensee"},"geometry":{"type":"Polygon","coordinates":[[[13.1619,53.2096],[13.1533,53.2159],[13.1435,53.2207],[13.1547,53.2216],[13.1644,53.2177],[13.1619,53.2096]]]}},{"type":"Feature","properties":{"n":"Roofensee"},"geometry":{"type":"Polygon","coordinates":[[[13.0462,53.1073],[13.0361,53.1089],[13.0273,53.1141],[13.0375,53.112],[13.047,53.1085],[13.0462,53.1073]]]}},{"type":"Feature","properties":{"n":"Wittwesee"},"geometry":{"type":"Polygon","coordinates":[[[12.9338,53.1189],[12.931,53.1286],[12.9418,53.1289],[12.953,53.1269],[12.9437,53.1206],[12.9338,53.1189]]]}},{"type":"Feature","properties":{"n":"Dollgowsee"},"geometry":{"type":"Polygon","coordinates":[[[12.8558,53.1507],[12.8467,53.1447],[12.8398,53.1369],[12.8426,53.1466],[12.8526,53.1475],[12.8558,53.1507]]]}},{"type":"Feature","properties":{"n":"Havel"},"geometry":{"type":"Polygon","coordinates":[[[13.2128,52.5835],[13.2143,52.5935],[13.22,52.5851],[13.2229,52.5754],[13.2152,52.5818],[13.2128,52.5835]]]}},{"type":"Feature","properties":{"n":"Großer Potzlowsee"},"geometry":{"type":"Polygon","coordinates":[[[13.8417,53.2159],[13.8515,53.2119],[13.8503,53.2017],[13.84,53.203],[13.8348,53.2116],[13.8417,53.2159]]]}},{"type":"Feature","properties":{"n":"Großer Gollinsee"},"geometry":{"type":"Polygon","coordinates":[[[13.6026,53.0472],[13.5937,53.0406],[13.5868,53.0319],[13.5917,53.0428],[13.6003,53.0482],[13.6026,53.0472]]]}},{"type":"Feature","properties":{"n":"Bibowsee"},"geometry":{"type":"Polygon","coordinates":[[[11.6562,53.7894],[11.6463,53.7875],[11.6354,53.7871],[11.6464,53.7921],[11.6572,53.7921],[11.6562,53.7894]]]}},{"type":"Feature","properties":{"n":"Großtessiner See"},"geometry":{"type":"Polygon","coordinates":[[[11.8086,53.8971],[11.8027,53.889],[11.7931,53.8924],[11.7986,53.901],[11.8085,53.8973],[11.8086,53.8971]]]}},{"type":"Feature","properties":{"n":"Kogeler See"},"geometry":{"type":"Polygon","coordinates":[[[12.3994,53.4076],[12.4085,53.4123],[12.4167,53.4183],[12.4102,53.4104],[12.4009,53.4065],[12.3994,53.4076]]]}},{"type":"Feature","properties":{"n":"Krummer Woklowsee"},"geometry":{"type":"Polygon","coordinates":[[[12.9176,53.2391],[12.9252,53.2457],[12.9327,53.2534],[12.9275,53.2434],[12.9192,53.2369],[12.9176,53.2391]]]}},{"type":"Feature","properties":{"n":"Malkwitzer See"},"geometry":{"type":"Polygon","coordinates":[[[12.4403,53.5837],[12.4302,53.5865],[12.4399,53.5913],[12.4507,53.5905],[12.4422,53.5844],[12.4403,53.5837]]]}},{"type":"Feature","properties":{"n":"Orthsee"},"geometry":{"type":"Polygon","coordinates":[[[12.4304,53.6123],[12.4407,53.611],[12.4506,53.6138],[12.4406,53.6088],[12.4305,53.6103],[12.4304,53.6123]]]}},{"type":"Feature","properties":{"n":"Radener See"},"geometry":{"type":"Polygon","coordinates":[[[12.4527,53.7714],[12.4442,53.7657],[12.4448,53.7757],[12.4533,53.7834],[12.4579,53.7743],[12.4527,53.7714]]]}},{"type":"Feature","properties":{"n":"Schlieffenberger See"},"geometry":{"type":"Polygon","coordinates":[[[12.3743,53.7998],[12.3829,53.8054],[12.393,53.8084],[12.3843,53.8023],[12.3744,53.7997],[12.3743,53.7998]]]}},{"type":"Feature","properties":{"n":"Ziernsee"},"geometry":{"type":"Polygon","coordinates":[[[13.0816,53.2078],[13.0752,53.2001],[13.065,53.2016],[13.073,53.2079],[13.0818,53.2132],[13.0816,53.2078]]]}},{"type":"Feature","properties":{"n":"Lassahner See"},"geometry":{"type":"Polygon","coordinates":[[[10.9475,53.5935],[10.9382,53.5978],[10.9284,53.6001],[10.9385,53.6033],[10.9484,53.6011],[10.9475,53.5935]]]}},{"type":"Feature","properties":{"n":"Mössensee"},"geometry":{"type":"Polygon","coordinates":[[[12.8372,53.216],[12.8317,53.2244],[12.824,53.2316],[12.8324,53.2261],[12.8389,53.2185],[12.8372,53.216]]]}},{"type":"Feature","properties":{"n":"Huwenowsee"},"geometry":{"type":"Polygon","coordinates":[[[13.0863,52.9685],[13.0765,52.9711],[13.0874,52.9703],[13.0968,52.974],[13.0881,52.9684],[13.0863,52.9685]]]}},{"type":"Feature","properties":{"n":"Zeesener See"},"geometry":{"type":"Polygon","coordinates":[[[13.6486,52.2793],[13.651,52.2694],[13.6516,52.2594],[13.6437,52.2662],[13.6458,52.2761],[13.6486,52.2793]]]}},{"type":"Feature","properties":{"n":"Großer Selchower See"},"geometry":{"type":"Polygon","coordinates":[[[13.9061,52.219],[13.9135,52.2117],[13.909,52.2022],[13.8988,52.2028],[13.8906,52.2086],[13.9061,52.219]]]}},{"type":"Feature","properties":{"n":"Möllensee"},"geometry":{"type":"Polygon","coordinates":[[[13.8445,52.4332],[13.8543,52.4379],[13.8583,52.4476],[13.857,52.4372],[13.8472,52.4348],[13.8445,52.4332]]]}},{"type":"Feature","properties":{"n":"Bauernsee"},"geometry":{"type":"Polygon","coordinates":[[[13.914,52.4575],[13.9228,52.4625],[13.9329,52.4627],[13.9238,52.4584],[13.9141,52.4557],[13.914,52.4575]]]}},{"type":"Feature","properties":{"n":"Bötzsee"},"geometry":{"type":"Polygon","coordinates":[[[13.8328,52.579],[13.8311,52.5691],[13.8337,52.5594],[13.8267,52.5666],[13.8268,52.5769],[13.8328,52.579]]]}},{"type":"Feature","properties":{"n":"Borschützer See"},"geometry":{"type":"Polygon","coordinates":[[[13.2092,51.413],[13.2054,51.4223],[13.2124,51.4296],[13.2175,51.4208],[13.2114,51.4126],[13.2092,51.413]]]}},{"type":"Feature","properties":{"n":"Ost-See"},"geometry":{"type":"Polygon","coordinates":[[[13.247,51.4436],[13.2575,51.4464],[13.2669,51.4427],[13.2617,51.4341],[13.2515,51.4358],[13.247,51.4436]]]}},{"type":"Feature","properties":{"n":"Keldsnor"},"geometry":{"type":"Polygon","coordinates":[[[10.6979,54.7277],[10.7078,54.7261],[10.7176,54.7287],[10.7074,54.7309],[10.6974,54.7304],[10.6979,54.7277]]]}},{"type":"Feature","properties":{"n":"Hölzerner See"},"geometry":{"type":"Polygon","coordinates":[[[13.7206,52.198],[13.7122,52.1922],[13.7049,52.1853],[13.7065,52.1953],[13.7153,52.2008],[13.7206,52.198]]]}},{"type":"Feature","properties":{"n":"Sternhagener See"},"geometry":{"type":"Polygon","coordinates":[[[13.789,53.2472],[13.7864,53.2368],[13.7762,53.2376],[13.7802,53.2469],[13.7888,53.2522],[13.789,53.2472]]]}},{"type":"Feature","properties":{"n":"Polsensee"},"geometry":{"type":"Polygon","coordinates":[[[13.559,53.0563],[13.5489,53.0551],[13.5387,53.0533],[13.5476,53.058],[13.5577,53.0584],[13.559,53.0563]]]}},{"type":"Feature","properties":{"n":"Sacrower See"},"geometry":{"type":"Polygon","coordinates":[[[13.1052,52.4452],[13.0975,52.4387],[13.0907,52.4311],[13.0938,52.441],[13.0999,52.4491],[13.1052,52.4452]]]}},{"type":"Feature","properties":{"n":"Schweriner See"},"geometry":{"type":"Polygon","coordinates":[[[13.6378,52.1568],[13.6279,52.1534],[13.6182,52.1499],[13.625,52.1573],[13.6352,52.1576],[13.6378,52.1568]]]}},{"type":"Feature","properties":{"n":"Pätzer Vordersee"},"geometry":{"type":"Polygon","coordinates":[[[13.6494,52.2226],[13.645,52.2318],[13.6526,52.2383],[13.6626,52.2372],[13.656,52.2295],[13.6494,52.2226]]]}},{"type":"Feature","properties":{"n":"Glower See"},"geometry":{"type":"Polygon","coordinates":[[[14.2001,52.0912],[14.1901,52.0904],[14.1888,52.1004],[14.199,52.1023],[14.2004,52.0923],[14.2001,52.0912]]]}},{"type":"Feature","properties":{"n":"Ferchesarer See"},"geometry":{"type":"Polygon","coordinates":[[[12.418,52.6498],[12.4281,52.652],[12.4381,52.6553],[12.4297,52.6493],[12.4199,52.6469],[12.418,52.6498]]]}},{"type":"Feature","properties":{"n":"Zermützelsee"},"geometry":{"type":"Polygon","coordinates":[[[12.8212,53.0107],[12.8291,53.0176],[12.8391,53.0192],[12.8351,53.0099],[12.8275,53.0032],[12.8212,53.0107]]]}},{"type":"Feature","properties":{"n":"Jezioro Wielicko"},"geometry":{"type":"Polygon","coordinates":[[[14.9496,52.2117],[14.9589,52.2155],[14.9677,52.2204],[14.9574,52.2211],[14.9487,52.2161],[14.9496,52.2117]]]}},{"type":"Feature","properties":{"n":"Neetzkaer See"},"geometry":{"type":"Polygon","coordinates":[[[13.4824,53.5214],[13.4911,53.5265],[13.5003,53.5308],[13.4918,53.5247],[13.4825,53.5209],[13.4824,53.5214]]]}},{"type":"Feature","properties":{"n":"Krummer See"},"geometry":{"type":"Polygon","coordinates":[[[13.7106,53.0267],[13.7202,53.03],[13.73,53.0332],[13.7218,53.0269],[13.7118,53.027],[13.7106,53.0267]]]}},{"type":"Feature","properties":{"n":"Bückwitzer See"},"geometry":{"type":"Polygon","coordinates":[[[12.4906,52.8696],[12.5008,52.8684],[12.4912,52.8721],[12.4819,52.876],[12.4901,52.8698],[12.4906,52.8696]]]}},{"type":"Feature","properties":{"n":"Jezioro Kręcko"},"geometry":{"type":"Polygon","coordinates":[[[14.9689,52.3218],[14.9803,52.3195],[14.9903,52.3183],[14.9804,52.3209],[14.9702,52.3218],[14.9689,52.3218]]]}},{"type":"Feature","properties":{"n":"Tetzensee"},"geometry":{"type":"Polygon","coordinates":[[[12.8286,52.9958],[12.8227,52.9877],[12.8244,52.9778],[12.8181,52.9857],[12.8236,52.9944],[12.8286,52.9958]]]}},{"type":"Feature","properties":{"n":"Petersdorfer See"},"geometry":{"type":"Polygon","coordinates":[[[14.2904,52.359],[14.2993,52.3637],[14.304,52.3727],[14.296,52.3665],[14.2876,52.3607],[14.2904,52.359]]]}},{"type":"Feature","properties":{"n":"Gümser See"},"geometry":{"type":"Polygon","coordinates":[[[11.1319,53.1202],[11.1448,53.1176],[11.1557,53.1175],[11.1455,53.1182],[11.1345,53.1199],[11.1319,53.1202]]]}},{"type":"Feature","properties":{"n":"Vorflutkanal Kietz"},"geometry":{"type":"Polygon","coordinates":[[[14.6256,52.5615],[14.6224,52.5715],[14.6151,52.5793],[14.6216,52.5716],[14.6237,52.5617],[14.6256,52.5615]]]}},{"type":"Feature","properties":{"n":"Alte Elbe"},"geometry":{"type":"Polygon","coordinates":[[[11.9257,51.9469],[11.9335,51.9391],[11.9418,51.9328],[11.9332,51.9386],[11.9261,51.9461],[11.9257,51.9469]]]}},{"type":"Feature","properties":{"n":"Trebuser See"},"geometry":{"type":"Polygon","coordinates":[[[14.0448,52.4009],[14.0366,52.3951],[14.027,52.3912],[14.0361,52.3967],[14.0449,52.4015],[14.0448,52.4009]]]}},{"type":"Feature","properties":{"n":"Kamernscher See"},"geometry":{"type":"Polygon","coordinates":[[[12.0948,52.7377],[12.0999,52.747],[12.1072,52.7542],[12.0985,52.7486],[12.0993,52.7385],[12.0948,52.7377]]]}},{"type":"Feature","properties":{"n":"Großer Klietzer See"},"geometry":{"type":"Polygon","coordinates":[[[12.0642,52.6651],[12.0666,52.6553],[12.0751,52.65],[12.066,52.6547],[12.0627,52.6645],[12.0642,52.6651]]]}},{"type":"Feature","properties":{"n":"Großer Mahlgastsee"},"geometry":{"type":"Polygon","coordinates":[[[13.4129,53.0926],[13.4058,53.1001],[13.4147,53.1047],[13.4253,53.1026],[13.414,53.1019],[13.4129,53.0926]]]}},{"type":"Feature","properties":{"n":"Jezioro Kostrzyńskie"},"geometry":{"type":"Polygon","coordinates":[[[14.6832,52.5811],[14.6726,52.5812],[14.6633,52.5771],[14.6734,52.577],[14.6832,52.5796],[14.6832,52.5811]]]}},{"type":"Feature","properties":{"n":"Alte Oder"},"geometry":{"type":"Polygon","coordinates":[[[14.2506,53.0182],[14.2411,53.0146],[14.2513,53.0173],[14.2605,53.0222],[14.2509,53.0189],[14.2506,53.0182]]]}},{"type":"Feature","properties":{"n":"Großer Krinertsee"},"geometry":{"type":"Polygon","coordinates":[[[13.7277,53.0778],[13.7357,53.0839],[13.7448,53.0885],[13.7373,53.0809],[13.728,53.0768],[13.7277,53.0778]]]}},{"type":"Feature","properties":{"n":"Röblinsee"},"geometry":{"type":"Polygon","coordinates":[[[13.135,53.1835],[13.125,53.1833],[13.1144,53.1815],[13.122,53.1883],[13.132,53.1863],[13.135,53.1835]]]}},{"type":"Feature","properties":{"n":"Klein Jamnower Teich"},"geometry":{"type":"Polygon","coordinates":[[[14.5921,51.7296],[14.6022,51.7315],[14.6122,51.735],[14.6027,51.7304],[14.5923,51.7296],[14.5921,51.7296]]]}},{"type":"Feature","properties":{"n":"Großer Strumminsee"},"geometry":{"type":"Polygon","coordinates":[[[13.8781,54.0436],[13.876,54.0537],[13.8861,54.0584],[13.8763,54.0534],[13.8792,54.0438],[13.8781,54.0436]]]}},{"type":"Feature","properties":{"n":"Pinnower See"},"geometry":{"type":"Polygon","coordinates":[[[14.5109,51.9629],[14.5205,51.9658],[14.5304,51.9682],[14.5211,51.9642],[14.5111,51.9617],[14.5109,51.9629]]]}},{"type":"Feature","properties":{"n":"Jezioro Dołgie"},"geometry":{"type":"Polygon","coordinates":[[[14.9406,53.039],[14.9313,53.0427],[14.9219,53.0468],[14.9303,53.0413],[14.94,53.0388],[14.9406,53.039]]]}},{"type":"Feature","properties":{"n":"Dreetzer See"},"geometry":{"type":"Polygon","coordinates":[[[12.4799,52.781],[12.4711,52.7758],[12.4612,52.7774],[12.4703,52.7816],[12.4803,52.7818],[12.4799,52.781]]]}},{"type":"Feature","properties":{"n":"Jezioro Ciborze"},"geometry":{"type":"Polygon","coordinates":[[[15.3947,52.1416],[15.4046,52.1432],[15.4131,52.1485],[15.4059,52.1413],[15.3958,52.1406],[15.3947,52.1416]]]}},{"type":"Feature","properties":{"n":"Jezioro Lisowskie"},"geometry":{"type":"Polygon","coordinates":[[[15.2702,53.7544],[15.2661,53.7639],[15.2632,53.7736],[15.268,53.7645],[15.2704,53.7546],[15.2702,53.7544]]]}},{"type":"Feature","properties":{"n":"Groß Leuthener See"},"geometry":{"type":"Polygon","coordinates":[[[14.0463,52.0359],[14.038,52.0418],[14.0504,52.042],[14.0598,52.0461],[14.0543,52.0366],[14.0463,52.0359]]]}},{"type":"Feature","properties":{"n":"Alte Elbe"},"geometry":{"type":"Polygon","coordinates":[[[11.7122,52.1698],[11.72,52.1762],[11.7117,52.1826],[11.7211,52.1788],[11.7151,52.1708],[11.7122,52.1698]]]}},{"type":"Feature","properties":{"n":"Byhleguhrer See"},"geometry":{"type":"Polygon","coordinates":[[[14.1757,51.8984],[14.1669,51.8935],[14.1567,51.8926],[14.1647,51.8988],[14.1747,51.8996],[14.1757,51.8984]]]}},{"type":"Feature","properties":{"n":"Fürstenberger Innensee"},"geometry":{"type":"Polygon","coordinates":[[[14.6778,52.1484],[14.6702,52.1418],[14.6619,52.1342],[14.6697,52.1406],[14.68,52.1473],[14.6778,52.1484]]]}},{"type":"Feature","properties":{"n":"Alte Elbe"},"geometry":{"type":"Polygon","coordinates":[[[12.0131,52.4786],[12.0232,52.4762],[12.0314,52.4822],[12.0241,52.475],[12.0138,52.4771],[12.0131,52.4786]]]}},{"type":"Feature","properties":{"n":"Jezioro Łagowskie"},"geometry":{"type":"Polygon","coordinates":[[[15.2899,52.3225],[15.281,52.3175],[15.2866,52.3259],[15.2929,52.3337],[15.2909,52.3236],[15.2899,52.3225]]]}},{"type":"Feature","properties":{"n":"Kleindröbener Riß"},"geometry":{"type":"Polygon","coordinates":[[[12.8317,51.7402],[12.8359,51.7308],[12.8462,51.729],[12.8362,51.7302],[12.832,51.7396],[12.8317,51.7402]]]}},{"type":"Feature","properties":{"n":"Grüner See"},"geometry":{"type":"Polygon","coordinates":[[[12.3785,51.6663],[12.3693,51.6727],[12.3573,51.6706],[12.3673,51.6717],[12.3776,51.6639],[12.3785,51.6663]]]}},{"type":"Feature","properties":{"n":"Erpe"},"geometry":{"type":"Polygon","coordinates":[[[13.6337,52.4764],[13.6412,52.4833],[13.6336,52.4765],[13.6238,52.4741],[13.6336,52.4764],[13.6337,52.4764]]]}},{"type":"Feature","properties":{"n":"Lehnitzsee"},"geometry":{"type":"Polygon","coordinates":[[[13.0522,52.4415],[13.0558,52.4514],[13.0657,52.4496],[13.0595,52.4408],[13.0494,52.441],[13.0522,52.4415]]]}},{"type":"Feature","properties":{"n":"Werre-Polder"},"geometry":{"type":"Polygon","coordinates":[[[12.4944,54.383],[12.4851,54.3893],[12.4747,54.3898],[12.4621,54.3867],[12.4863,54.383],[12.4944,54.383]]]}},{"type":"Feature","properties":{"n":"Vernässungszone \"Erweiterung Galenbecker See\""},"geometry":{"type":"Polygon","coordinates":[[[13.7012,53.6482],[13.7117,53.6424],[13.7223,53.6474],[13.7128,53.6527],[13.7011,53.6483],[13.7012,53.6482]]]}},{"type":"Feature","properties":{"n":"Port Zewnętrzny"},"geometry":{"type":"Polygon","coordinates":[[[14.2801,53.9372],[14.2829,53.9273],[14.2918,53.9213],[14.3006,53.9276],[14.2909,53.9333],[14.2801,53.9372]]]}},{"type":"Feature","properties":{"n":"Olšina"},"geometry":{"type":"Polygon","coordinates":[[[14.1003,48.7917],[14.1089,48.7861],[14.1018,48.7788],[14.1003,48.7888],[14.1003,48.7917]]]}},{"type":"Feature","properties":{"n":"Regattastrecke Oberschleißheim"},"geometry":{"type":"Polygon","coordinates":[[[11.5262,48.2498],[11.5153,48.2419],[11.506,48.2351],[11.5239,48.2501],[11.5262,48.2498]]]}},{"type":"Feature","properties":{"n":"Talsperre Gottleuba"},"geometry":{"type":"Polygon","coordinates":[[[13.9226,50.8257],[13.9261,50.8352],[13.9362,50.8324],[13.9278,50.8268],[13.9226,50.8257]]]}},{"type":"Feature","properties":{"n":"Schwarzach"},"geometry":{"type":"Polygon","coordinates":[[[12.4835,49.344],[12.4934,49.346],[12.4985,49.337],[12.4936,49.3458],[12.4835,49.344]]]}},{"type":"Feature","properties":{"n":"Schleuse Regensburg"},"geometry":{"type":"Polygon","coordinates":[[[12.0748,49.0301],[12.0852,49.0279],[12.0953,49.0268],[12.0851,49.0275],[12.0748,49.0301]]]}},{"type":"Feature","properties":{"n":"Lech"},"geometry":{"type":"Polygon","coordinates":[[[10.8767,47.9512],[10.8791,47.9413],[10.8686,47.9363],[10.8765,47.9433],[10.8767,47.9512]]]}},{"type":"Feature","properties":{"n":"Gaishorner Badesee"},"geometry":{"type":"Polygon","coordinates":[[[14.5405,47.4837],[14.5505,47.484],[14.5608,47.4832],[14.5509,47.4813],[14.5405,47.4837]]]}},{"type":"Feature","properties":{"n":"Komárovský rybník"},"geometry":{"type":"Polygon","coordinates":[[[15.2239,50.2701],[15.2141,50.2742],[15.2042,50.2763],[15.2142,50.273],[15.2239,50.2701]]]}},{"type":"Feature","properties":{"n":"Untere Öberauer Schleife"},"geometry":{"type":"Polygon","coordinates":[[[12.537,48.9035],[12.5461,48.9086],[12.5561,48.909],[12.5462,48.9074],[12.537,48.9035]]]}},{"type":"Feature","properties":{"n":"Vlhlavský rybník"},"geometry":{"type":"Polygon","coordinates":[[[14.2807,49.0477],[14.2892,49.0531],[14.2908,49.0432],[14.2813,49.0468],[14.2807,49.0477]]]}},{"type":"Feature","properties":{"n":"Velký rybník"},"geometry":{"type":"Polygon","coordinates":[[[13.471,50.0902],[13.462,50.0858],[13.452,50.0859],[13.4617,50.089],[13.471,50.0902]]]}},{"type":"Feature","properties":{"n":"Velký rybník"},"geometry":{"type":"Polygon","coordinates":[[[12.8795,50.2966],[12.8718,50.29],[12.862,50.2927],[12.8719,50.2952],[12.8795,50.2966]]]}},{"type":"Feature","properties":{"n":"Komorník"},"geometry":{"type":"Polygon","coordinates":[[[15.1959,49.1321],[15.1964,49.1421],[15.2039,49.1488],[15.1974,49.1409],[15.1959,49.1321]]]}},{"type":"Feature","properties":{"n":"Enns"},"geometry":{"type":"Polygon","coordinates":[[[14.1093,47.5249],[14.0991,47.5252],[14.0896,47.5208],[14.1007,47.5248],[14.1093,47.5249]]]}},{"type":"Feature","properties":{"n":"Vodní nádrž Újezd"},"geometry":{"type":"Polygon","coordinates":[[[13.4757,50.4951],[13.4807,50.5039],[13.4707,50.5044],[13.4748,50.4952],[13.4757,50.4951]]]}},{"type":"Feature","properties":{"n":"Matylda"},"geometry":{"type":"Polygon","coordinates":[[[13.6073,50.5265],[13.6174,50.5273],[13.6073,50.5244],[13.5972,50.5246],[13.6073,50.5265]]]}},{"type":"Feature","properties":{"n":"Proudnice"},"geometry":{"type":"Polygon","coordinates":[[[15.3936,50.1169],[15.4023,50.122],[15.4123,50.1206],[15.4017,50.1203],[15.3936,50.1169]]]}},{"type":"Feature","properties":{"n":"vodní nádrž Barbora"},"geometry":{"type":"Polygon","coordinates":[[[13.7607,50.6455],[13.7526,50.6396],[13.743,50.6436],[13.7531,50.6458],[13.7607,50.6455]]]}},{"type":"Feature","properties":{"n":"Mur"},"geometry":{"type":"Polygon","coordinates":[[[15.129,47.3877],[15.119,47.3871],[15.109,47.3882],[15.1191,47.3876],[15.129,47.3877]]]}},{"type":"Feature","properties":{"n":"Mur"},"geometry":{"type":"Polygon","coordinates":[[[15.0518,47.3525],[15.0599,47.3584],[15.0699,47.3591],[15.0599,47.358],[15.0518,47.3525]]]}},{"type":"Feature","properties":{"n":"Mur"},"geometry":{"type":"Polygon","coordinates":[[[15.1746,47.4029],[15.1856,47.4024],[15.1948,47.4064],[15.1848,47.4019],[15.1746,47.4029]]]}},{"type":"Feature","properties":{"n":"Ybbs"},"geometry":{"type":"Polygon","coordinates":[[[14.7781,48.0285],[14.7682,48.0255],[14.7783,48.0278],[14.7815,48.0374],[14.7781,48.0285]]]}},{"type":"Feature","properties":{"n":"Altwasser"},"geometry":{"type":"Polygon","coordinates":[[[12.7252,48.6849],[12.7349,48.6877],[12.7447,48.6901],[12.735,48.6874],[12.7252,48.6849]]]}},{"type":"Feature","properties":{"n":"Alte Donau"},"geometry":{"type":"Polygon","coordinates":[[[13.0792,48.7142],[13.0756,48.7037],[13.0653,48.7029],[13.0763,48.7046],[13.0792,48.7142]]]}},{"type":"Feature","properties":{"n":"Kleiner Rußweiher"},"geometry":{"type":"Polygon","coordinates":[[[11.8111,49.7558],[11.8006,49.7576],[11.7914,49.762],[11.8013,49.7591],[11.8111,49.7558]]]}},{"type":"Feature","properties":{"n":"Stausee Trausnitz"},"geometry":{"type":"Polygon","coordinates":[[[12.2686,49.5257],[12.278,49.5297],[12.2824,49.5204],[12.2758,49.5281],[12.2686,49.5257]]]}},{"type":"Feature","properties":{"n":"Lunzer See"},"geometry":{"type":"Polygon","coordinates":[[[15.0618,47.8557],[15.0527,47.8515],[15.0424,47.8519],[15.0525,47.8561],[15.0618,47.8557]]]}},{"type":"Feature","properties":{"n":"Salzach"},"geometry":{"type":"Polygon","coordinates":[[[13.2025,47.3558],[13.1957,47.3484],[13.1966,47.3384],[13.1963,47.3484],[13.2025,47.3558]]]}},{"type":"Feature","properties":{"n":"v. n. Husinec"},"geometry":{"type":"Polygon","coordinates":[[[13.9701,49.0334],[13.9793,49.0376],[13.9895,49.0356],[13.9793,49.036],[13.9701,49.0334]]]}},{"type":"Feature","properties":{"n":"vodní nádrž Sedlice"},"geometry":{"type":"Polygon","coordinates":[[[15.273,49.5058],[15.2634,49.5025],[15.2619,49.5124],[15.2718,49.51],[15.273,49.5058]]]}},{"type":"Feature","properties":{"n":"Dolejší rybník"},"geometry":{"type":"Polygon","coordinates":[[[13.8189,49.4341],[13.809,49.4358],[13.8192,49.4368],[13.8285,49.4323],[13.8189,49.4341]]]}},{"type":"Feature","properties":{"n":"Nordhafen Walsum"},"geometry":{"type":"Polygon","coordinates":[[[6.7054,51.5291],[6.6953,51.528],[6.7056,51.5296],[6.7165,51.532],[6.7054,51.5291]]]}},{"type":"Feature","properties":{"n":"Haddebyer Noor"},"geometry":{"type":"Polygon","coordinates":[[[9.5775,54.4866],[9.5691,54.4922],[9.5764,54.4998],[9.5786,54.4897],[9.5775,54.4866]]]}},{"type":"Feature","properties":{"n":"Aasee"},"geometry":{"type":"Polygon","coordinates":[[[7.5945,51.9422],[7.6017,51.9494],[7.6102,51.9552],[7.6018,51.9474],[7.5945,51.9422]]]}},{"type":"Feature","properties":{"n":"Schwansener See"},"geometry":{"type":"Polygon","coordinates":[[[10.0242,54.6094],[10.0185,54.6011],[10.0126,54.6092],[10.0208,54.6157],[10.0242,54.6094]]]}},{"type":"Feature","properties":{"n":"Seeburger See"},"geometry":{"type":"Polygon","coordinates":[[[10.1603,51.5698],[10.1701,51.5675],[10.1634,51.5596],[10.1576,51.5678],[10.1603,51.5698]]]}},{"type":"Feature","properties":{"n":"Großer Schierensee"},"geometry":{"type":"Polygon","coordinates":[[[9.9719,54.2688],[9.9804,54.2635],[9.9715,54.2584],[9.9699,54.2688],[9.9719,54.2688]]]}},{"type":"Feature","properties":{"n":"Grindsee"},"geometry":{"type":"Polygon","coordinates":[[[6.4271,51.7173],[6.4251,51.7271],[6.4327,51.7345],[6.4328,51.7238],[6.4271,51.7173]]]}},{"type":"Feature","properties":{"n":"Europahafen"},"geometry":{"type":"Polygon","coordinates":[[[8.7597,53.0974],[8.7692,53.0924],[8.7786,53.0878],[8.7674,53.0921],[8.7597,53.0974]]]}},{"type":"Feature","properties":{"n":"Bottschlotter See"},"geometry":{"type":"Polygon","coordinates":[[[8.826,54.7085],[8.8169,54.7038],[8.8207,54.7133],[8.8307,54.711],[8.826,54.7085]]]}},{"type":"Feature","properties":{"n":"Metzensee"},"geometry":{"type":"Polygon","coordinates":[[[10.4155,53.3612],[10.4256,53.36],[10.4354,53.3572],[10.4255,53.3591],[10.4155,53.3612]]]}},{"type":"Feature","properties":{"n":"Arenholzer See"},"geometry":{"type":"Polygon","coordinates":[[[9.4902,54.5458],[9.4864,54.5364],[9.4763,54.5392],[9.4855,54.5432],[9.4902,54.5458]]]}},{"type":"Feature","properties":{"n":"Silbersee III"},"geometry":{"type":"Polygon","coordinates":[[[7.2321,51.7934],[7.24,51.8007],[7.2503,51.8002],[7.2409,51.7945],[7.2321,51.7934]]]}},{"type":"Feature","properties":{"n":"Talsperre Birkungen"},"geometry":{"type":"Polygon","coordinates":[[[10.3502,51.3634],[10.3446,51.3723],[10.3548,51.3722],[10.3502,51.3633],[10.3502,51.3634]]]}},{"type":"Feature","properties":{"n":"Alte Ochtum"},"geometry":{"type":"Polygon","coordinates":[[[8.648,53.1156],[8.6396,53.1212],[8.6318,53.1275],[8.6404,53.1221],[8.648,53.1156]]]}},{"type":"Feature","properties":{"n":"Hohner See"},"geometry":{"type":"Polygon","coordinates":[[[9.4697,54.3081],[9.4798,54.3069],[9.4754,54.2977],[9.4691,54.306],[9.4697,54.3081]]]}},{"type":"Feature","properties":{"n":"Rosensee"},"geometry":{"type":"Polygon","coordinates":[[[10.2485,54.288],[10.2586,54.2875],[10.2665,54.2807],[10.2578,54.2858],[10.2485,54.288]]]}},{"type":"Feature","properties":{"n":"Millinger Meer"},"geometry":{"type":"Polygon","coordinates":[[[6.3881,51.8009],[6.3955,51.7941],[6.3858,51.7987],[6.3906,51.8075],[6.3881,51.8009]]]}},{"type":"Feature","properties":{"n":"Alter Eiderkanal"},"geometry":{"type":"Polygon","coordinates":[[[9.8188,54.3479],[9.8085,54.3498],[9.8192,54.3481],[9.8292,54.3439],[9.8188,54.3479]]]}},{"type":"Feature","properties":{"n":"Himpenser Wielen"},"geometry":{"type":"Polygon","coordinates":[[[5.8476,53.1809],[5.8576,53.1816],[5.854,53.172],[5.8481,53.1806],[5.8476,53.1809]]]}},{"type":"Feature","properties":{"n":"Vlinderbalg"},"geometry":{"type":"Polygon","coordinates":[[[6.2183,53.364],[6.2281,53.3664],[6.2377,53.3692],[6.2293,53.3616],[6.2183,53.364]]]}},{"type":"Feature","properties":{"n":"Blikplaatgat"},"geometry":{"type":"Polygon","coordinates":[[[6.1839,53.3427],[6.1898,53.3346],[6.1997,53.3331],[6.1906,53.3373],[6.1839,53.3427]]]}},{"type":"Feature","properties":{"n":"Issel"},"geometry":{"type":"Polygon","coordinates":[[[6.4449,51.8384],[6.4548,51.8362],[6.4446,51.8384],[6.4348,51.8409],[6.4449,51.8384]]]}},{"type":"Feature","properties":{"n":"Issel"},"geometry":{"type":"Polygon","coordinates":[[[6.4092,51.8523],[6.3999,51.8561],[6.3914,51.8614],[6.4001,51.8561],[6.4092,51.8523]]]}},{"type":"Feature","properties":{"n":"Grutte Wielen"},"geometry":{"type":"Polygon","coordinates":[[[5.8735,53.2185],[5.8633,53.2189],[5.8725,53.2229],[5.8823,53.2209],[5.8735,53.2185]]]}},{"type":"Feature","properties":{"n":"Alveser See"},"geometry":{"type":"Polygon","coordinates":[[[9.1576,52.8639],[9.155,52.8736],[9.1466,52.8795],[9.1558,52.8739],[9.1576,52.8639]]]}},{"type":"Feature","properties":{"n":"Altrhein"},"geometry":{"type":"Polygon","coordinates":[[[6.1126,51.8312],[6.1229,51.832],[6.1329,51.8317],[6.1222,51.8325],[6.1126,51.8312]]]}},{"type":"Feature","properties":{"n":"De Strang"},"geometry":{"type":"Polygon","coordinates":[[[5.6585,51.9063],[5.6684,51.9078],[5.6782,51.9048],[5.6685,51.9075],[5.6585,51.9063]]]}},{"type":"Feature","properties":{"n":"Ald- of Keningsdjip"},"geometry":{"type":"Polygon","coordinates":[[[6.0159,53.0497],[6.0058,53.0527],[6.0156,53.0502],[6.0256,53.049],[6.0159,53.0497]]]}},{"type":"Feature","properties":{"n":"Ferbiningskanaal"},"geometry":{"type":"Polygon","coordinates":[[[6.111,53.0821],[6.1003,53.083],[6.1112,53.0821],[6.1213,53.0824],[6.111,53.0821]]]}},{"type":"Feature","properties":{"n":"Easterwimerts"},"geometry":{"type":"Polygon","coordinates":[[[5.6682,52.9987],[5.6598,53.0044],[5.6684,52.9992],[5.6767,52.9935],[5.6682,52.9987]]]}},{"type":"Feature","properties":{"n":"Grutte Gaastmar"},"geometry":{"type":"Polygon","coordinates":[[[5.5267,52.9616],[5.5172,52.9582],[5.5199,52.9679],[5.5299,52.9692],[5.5267,52.9616]]]}},{"type":"Feature","properties":{"n":"Oude Diep"},"geometry":{"type":"Polygon","coordinates":[[[6.5737,52.8016],[6.5637,52.8007],[6.5531,52.8009],[6.5631,52.8009],[6.5737,52.8016]]]}},{"type":"Feature","properties":{"n":"Kalflack"},"geometry":{"type":"Polygon","coordinates":[[[6.2397,51.8178],[6.2353,51.8085],[6.2412,51.8004],[6.2361,51.8095],[6.2397,51.8178]]]}},{"type":"Feature","properties":{"n":"Beilerstroom"},"geometry":{"type":"Polygon","coordinates":[[[6.5495,52.8624],[6.539,52.8598],[6.5293,52.8571],[6.5396,52.86],[6.5495,52.8624]]]}},{"type":"Feature","properties":{"n":"Nørresø"},"geometry":{"type":"Polygon","coordinates":[[[8.8583,54.921],[8.8503,54.9149],[8.8403,54.9132],[8.8489,54.9186],[8.8583,54.921]]]}},{"type":"Feature","properties":{"n":"Innerstetalsperre"},"geometry":{"type":"Polygon","coordinates":[[[10.2865,51.9154],[10.2985,51.9124],[10.2881,51.9091],[10.2778,51.908],[10.2865,51.9154]]]}},{"type":"Feature","properties":{"n":"Twistesee"},"geometry":{"type":"Polygon","coordinates":[[[9.0612,51.3737],[9.0613,51.3839],[9.0648,51.3743],[9.0624,51.3645],[9.0612,51.3737]]]}},{"type":"Feature","properties":{"n":"Dahlemer See"},"geometry":{"type":"Polygon","coordinates":[[[8.7551,53.6779],[8.7548,53.6883],[8.7668,53.6917],[8.7637,53.6821],[8.7551,53.6779]]]}},{"type":"Feature","properties":{"n":"Seegat"},"geometry":{"type":"Polygon","coordinates":[[[8.5993,54.4286],[8.6248,54.4419],[8.6001,54.453],[8.5637,54.439],[8.5993,54.4286]]]}},{"type":"Feature","properties":{"n":"Earnsleat"},"geometry":{"type":"Polygon","coordinates":[[[5.9501,53.1382],[5.9411,53.1429],[5.9325,53.1481],[5.9422,53.1426],[5.9501,53.1382]]]}},{"type":"Feature","properties":{"n":"Nijbroeksche Wetering"},"geometry":{"type":"Polygon","coordinates":[[[6.0633,52.3735],[6.0699,52.3813],[6.0635,52.3736],[6.065,52.3636],[6.0633,52.3735]]]}},{"type":"Feature","properties":{"n":"Reservebecken Alfhausen-Rieste"},"geometry":{"type":"Polygon","coordinates":[[[7.9801,52.5007],[7.989,52.4948],[7.9972,52.5008],[7.9885,52.5058],[7.9801,52.5007]]]}},{"type":"Feature","properties":{"n":"Eeltsjemar"},"geometry":{"type":"Polygon","coordinates":[[[5.9403,53.2815],[5.9341,53.2736],[5.9246,53.2769],[5.9337,53.2815],[5.9403,53.2815]]]}},{"type":"Feature","properties":{"n":"Plas Hatenboer"},"geometry":{"type":"Polygon","coordinates":[[[5.9555,51.1924],[5.9453,51.1934],[5.9528,51.2001],[5.9632,51.2014],[5.9555,51.1924]]]}},{"type":"Feature","properties":{"n":"Goldensee"},"geometry":{"type":"Polygon","coordinates":[[[10.9308,53.687],[10.9207,53.6886],[10.9289,53.695],[10.9385,53.6913],[10.9308,53.687]]]}},{"type":"Feature","properties":{"n":"Neuenkirchener See"},"geometry":{"type":"Polygon","coordinates":[[[10.9815,53.5847],[10.979,53.5746],[10.9782,53.5847],[10.9814,53.5942],[10.9815,53.5847]]]}},{"type":"Feature","properties":{"n":"Gudower See"},"geometry":{"type":"Polygon","coordinates":[[[10.7573,53.5467],[10.7653,53.5528],[10.7753,53.5517],[10.766,53.548],[10.7573,53.5467]]]}},{"type":"Feature","properties":{"n":"Roitzscher Grube"},"geometry":{"type":"Polygon","coordinates":[[[12.2736,51.5933],[12.2683,51.5845],[12.2583,51.5834],[12.2677,51.5905],[12.2736,51.5933]]]}},{"type":"Feature","properties":{"n":"Kuhpanzsee"},"geometry":{"type":"Polygon","coordinates":[[[13.459,52.8908],[13.4509,52.8844],[13.4407,52.8833],[13.4504,52.8868],[13.459,52.8908]]]}},{"type":"Feature","properties":{"n":"Tiefer See"},"geometry":{"type":"Polygon","coordinates":[[[13.0873,52.4077],[13.0771,52.408],[13.072,52.3993],[13.0817,52.4024],[13.0873,52.4077]]]}},{"type":"Feature","properties":{"n":"Rittermannshagener See"},"geometry":{"type":"Polygon","coordinates":[[[12.758,53.6095],[12.7605,53.6193],[12.77,53.6235],[12.7637,53.6154],[12.758,53.6095]]]}},{"type":"Feature","properties":{"n":"Kiesgrube Laußig"},"geometry":{"type":"Polygon","coordinates":[[[12.6262,51.5588],[12.6173,51.5662],[12.6267,51.5707],[12.6324,51.5614],[12.6262,51.5588]]]}},{"type":"Feature","properties":{"n":"Wublitz"},"geometry":{"type":"Polygon","coordinates":[[[12.9371,52.4165],[12.9359,52.4267],[12.9437,52.4332],[12.9368,52.4255],[12.9371,52.4165]]]}},{"type":"Feature","properties":{"n":"Barleber See I"},"geometry":{"type":"Polygon","coordinates":[[[11.6415,52.222],[11.6508,52.2261],[11.6509,52.2161],[11.6413,52.2209],[11.6415,52.222]]]}},{"type":"Feature","properties":{"n":"Nonnensee"},"geometry":{"type":"Polygon","coordinates":[[[13.4169,54.4291],[13.4069,54.4307],[13.4123,54.4392],[13.4195,54.4321],[13.4169,54.4291]]]}},{"type":"Feature","properties":{"n":"Großer Wostevitzer Teich"},"geometry":{"type":"Polygon","coordinates":[[[13.5306,54.4947],[13.5409,54.4972],[13.5487,54.4909],[13.5381,54.4918],[13.5306,54.4947]]]}},{"type":"Feature","properties":{"n":"Selliner See"},"geometry":{"type":"Polygon","coordinates":[[[13.6802,54.3655],[13.6873,54.3727],[13.6943,54.3654],[13.6855,54.3597],[13.6802,54.3655]]]}},{"type":"Feature","properties":{"n":"Jezioro Czajcze"},"geometry":{"type":"Polygon","coordinates":[[[14.5607,53.9373],[14.5524,53.9432],[14.5617,53.948],[14.5698,53.9414],[14.5607,53.9373]]]}},{"type":"Feature","properties":{"n":"Rattmannsdorfer Teiche"},"geometry":{"type":"Polygon","coordinates":[[[11.9476,51.4085],[11.9378,51.4063],[11.9395,51.4168],[11.9479,51.411],[11.9476,51.4085]]]}},{"type":"Feature","properties":{"n":"Cramoner See"},"geometry":{"type":"Polygon","coordinates":[[[11.2691,53.6967],[11.271,53.7069],[11.2762,53.7155],[11.2736,53.7058],[11.2691,53.6967]]]}},{"type":"Feature","properties":{"n":"Petznicksee"},"geometry":{"type":"Polygon","coordinates":[[[13.6191,53.1617],[13.6246,53.1533],[13.6145,53.1521],[13.6187,53.1615],[13.6191,53.1617]]]}},{"type":"Feature","properties":{"n":"Jezioro Lubieszewko"},"geometry":{"type":"Polygon","coordinates":[[[15.2808,52.8877],[15.2759,52.8966],[15.2822,52.8886],[15.2884,52.8807],[15.2808,52.8877]]]}},{"type":"Feature","properties":{"n":"Jezioro Okrzeja"},"geometry":{"type":"Polygon","coordinates":[[[15.364,53.616],[15.3588,53.607],[15.354,53.6171],[15.3645,53.6198],[15.364,53.616]]]}},{"type":"Feature","properties":{"n":"Marwicko"},"geometry":{"type":"Polygon","coordinates":[[[15.0537,52.8112],[15.0458,52.8049],[15.0408,52.8136],[15.0504,52.8178],[15.0537,52.8112]]]}},{"type":"Feature","properties":{"n":"Jezioro Miejskie"},"geometry":{"type":"Polygon","coordinates":[[[14.6176,52.9751],[14.6143,52.9655],[14.6076,52.973],[14.617,52.9765],[14.6176,52.9751]]]}},{"type":"Feature","properties":{"n":"Jezioro Strzeszowskie"},"geometry":{"type":"Polygon","coordinates":[[[14.6186,52.9953],[14.6201,52.985],[14.61,52.9878],[14.61,52.998],[14.6186,52.9953]]]}},{"type":"Feature","properties":{"n":"Jezioro Marianowskie"},"geometry":{"type":"Polygon","coordinates":[[[15.2979,53.3729],[15.2877,53.3725],[15.2775,53.3758],[15.2879,53.3761],[15.2979,53.3729]]]}},{"type":"Feature","properties":{"n":"Jezioro Czernikowskie"},"geometry":{"type":"Polygon","coordinates":[[[14.7574,52.927],[14.7518,52.9184],[14.747,52.9272],[14.7572,52.9301],[14.7574,52.927]]]}},{"type":"Feature","properties":{"n":"Massower See"},"geometry":{"type":"Polygon","coordinates":[[[12.4486,53.3182],[12.4384,53.3159],[12.4373,53.3259],[12.4474,53.3276],[12.4486,53.3182]]]}},{"type":"Feature","properties":{"n":"Großer Kuhsee"},"geometry":{"type":"Polygon","coordinates":[[[13.9673,53.205],[13.9781,53.2069],[13.9883,53.2077],[13.9785,53.2049],[13.9673,53.205]]]}},{"type":"Feature","properties":{"n":"Großer Kronsee"},"geometry":{"type":"Polygon","coordinates":[[[13.3067,53.2449],[13.3163,53.2479],[13.3263,53.2482],[13.3166,53.2451],[13.3067,53.2449]]]}},{"type":"Feature","properties":{"n":"Kieswerk Liebersee"},"geometry":{"type":"Polygon","coordinates":[[[13.1866,51.458],[13.1943,51.4514],[13.1859,51.4457],[13.1829,51.456],[13.1866,51.458]]]}},{"type":"Feature","properties":{"n":"Alter Berlin-Spandauer Schifffahrtskanal"},"geometry":{"type":"Polygon","coordinates":[[[13.2549,52.548],[13.2448,52.5472],[13.2383,52.5549],[13.2452,52.5476],[13.2549,52.548]]]}},{"type":"Feature","properties":{"n":"Borker See"},"geometry":{"type":"Polygon","coordinates":[[[12.4297,53.0159],[12.4337,53.0254],[12.4419,53.0312],[12.4377,53.0219],[12.4297,53.0159]]]}},{"type":"Feature","properties":{"n":"Haussee"},"geometry":{"type":"Polygon","coordinates":[[[13.6517,53.4406],[13.6547,53.4503],[13.6625,53.4569],[13.6605,53.4467],[13.6517,53.4406]]]}},{"type":"Feature","properties":{"n":"Zernsdorfer Lankensee"},"geometry":{"type":"Polygon","coordinates":[[[13.7069,52.3013],[13.7055,52.3113],[13.7135,52.3174],[13.708,52.3085],[13.7069,52.3013]]]}},{"type":"Feature","properties":{"n":"Talsperre Königshütte"},"geometry":{"type":"Polygon","coordinates":[[[10.805,51.7357],[10.7943,51.7379],[10.7844,51.74],[10.7959,51.7383],[10.805,51.7357]]]}},{"type":"Feature","properties":{"n":"Großupahler See"},"geometry":{"type":"Polygon","coordinates":[[[12.0557,53.7158],[12.0463,53.7123],[12.0499,53.7228],[12.0599,53.7249],[12.0557,53.7158]]]}},{"type":"Feature","properties":{"n":"Langhagensee"},"geometry":{"type":"Polygon","coordinates":[[[12.2007,53.595],[12.2098,53.6],[12.2118,53.59],[12.2015,53.5929],[12.2007,53.595]]]}},{"type":"Feature","properties":{"n":"Langsee"},"geometry":{"type":"Polygon","coordinates":[[[12.2314,53.6245],[12.2323,53.6348],[12.2412,53.6402],[12.2371,53.6308],[12.2314,53.6245]]]}},{"type":"Feature","properties":{"n":"Loppiner See"},"geometry":{"type":"Polygon","coordinates":[[[12.5186,53.553],[12.5307,53.5491],[12.5242,53.5415],[12.5213,53.5522],[12.5186,53.553]]]}},{"type":"Feature","properties":{"n":"Medeweger See"},"geometry":{"type":"Polygon","coordinates":[[[11.3898,53.653],[11.3867,53.663],[11.3969,53.6635],[11.3962,53.6528],[11.3898,53.653]]]}},{"type":"Feature","properties":{"n":"Mönchsee"},"geometry":{"type":"Polygon","coordinates":[[[12.5276,53.2828],[12.536,53.2885],[12.5474,53.2873],[12.5373,53.2802],[12.5276,53.2828]]]}},{"type":"Feature","properties":{"n":"Tiefer See"},"geometry":{"type":"Polygon","coordinates":[[[12.5339,53.5908],[12.5238,53.5894],[12.5225,53.5995],[12.5316,53.5949],[12.5339,53.5908]]]}},{"type":"Feature","properties":{"n":"Tressower See"},"geometry":{"type":"Polygon","coordinates":[[[11.3253,53.8491],[11.3162,53.854],[11.3078,53.8595],[11.3181,53.8574],[11.3253,53.8491]]]}},{"type":"Feature","properties":{"n":"Zotzensee"},"geometry":{"type":"Polygon","coordinates":[[[12.8242,53.2379],[12.814,53.2342],[12.8079,53.2436],[12.8179,53.2419],[12.8242,53.2379]]]}},{"type":"Feature","properties":{"n":"Techiner See"},"geometry":{"type":"Polygon","coordinates":[[[10.9469,53.5826],[10.948,53.5718],[10.9379,53.5754],[10.9458,53.582],[10.9469,53.5826]]]}},{"type":"Feature","properties":{"n":"Geronsee"},"geometry":{"type":"Polygon","coordinates":[[[13.1612,53.0119],[13.1691,53.02],[13.1792,53.0193],[13.1699,53.0146],[13.1612,53.0119]]]}},{"type":"Feature","properties":{"n":"Treptowsee"},"geometry":{"type":"Polygon","coordinates":[[[13.4817,52.8975],[13.4919,52.9019],[13.5019,52.9016],[13.4907,52.8984],[13.4817,52.8975]]]}},{"type":"Feature","properties":{"n":"Dämeritzsee"},"geometry":{"type":"Polygon","coordinates":[[[13.7429,52.4243],[13.7352,52.4178],[13.7254,52.4198],[13.7332,52.4262],[13.7429,52.4243]]]}},{"type":"Feature","properties":{"n":"Liebenberger See"},"geometry":{"type":"Polygon","coordinates":[[[13.9541,52.4693],[13.9464,52.4626],[13.9367,52.4597],[13.9454,52.466],[13.9541,52.4693]]]}},{"type":"Feature","properties":{"n":"Kalksee"},"geometry":{"type":"Polygon","coordinates":[[[13.7642,52.4502],[13.7676,52.4597],[13.7761,52.4655],[13.7715,52.4566],[13.7642,52.4502]]]}},{"type":"Feature","properties":{"n":"Jezioro Jańsko"},"geometry":{"type":"Polygon","coordinates":[[[15.0406,51.903],[15.0502,51.8994],[15.0427,51.8926],[15.0369,51.9008],[15.0406,51.903]]]}},{"type":"Feature","properties":{"n":"Kalksee"},"geometry":{"type":"Polygon","coordinates":[[[12.7854,53.0531],[12.7955,53.0535],[12.803,53.0467],[12.7917,53.0498],[12.7854,53.0531]]]}},{"type":"Feature","properties":{"n":"Großer Pinnowsee"},"geometry":{"type":"Polygon","coordinates":[[[13.5975,52.923],[13.5874,52.9225],[13.597,52.9258],[13.6074,52.9249],[13.5975,52.923]]]}},{"type":"Feature","properties":{"n":"Heinersdorfer See"},"geometry":{"type":"Polygon","coordinates":[[[14.2138,52.4589],[14.2209,52.466],[14.2299,52.4705],[14.2218,52.4639],[14.2138,52.4589]]]}},{"type":"Feature","properties":{"n":"Jezioro Rybackie"},"geometry":{"type":"Polygon","coordinates":[[[14.4121,53.2179],[14.4227,53.2121],[14.4129,53.2086],[14.4116,53.2189],[14.4121,53.2179]]]}},{"type":"Feature","properties":{"n":"Groß Schauener See"},"geometry":{"type":"Polygon","coordinates":[[[13.8946,52.2398],[13.9043,52.2372],[13.8925,52.2292],[13.8933,52.2393],[13.8946,52.2398]]]}},{"type":"Feature","properties":{"n":"Großer Warthesee"},"geometry":{"type":"Polygon","coordinates":[[[13.5419,53.2182],[13.532,53.2166],[13.5218,53.2167],[13.5321,53.22],[13.5419,53.2182]]]}},{"type":"Feature","properties":{"n":"Hellsee"},"geometry":{"type":"Polygon","coordinates":[[[13.5797,52.7523],[13.5901,52.7522],[13.5799,52.7503],[13.5718,52.7568],[13.5797,52.7523]]]}},{"type":"Feature","properties":{"n":"Redernswalder See"},"geometry":{"type":"Polygon","coordinates":[[[13.8474,53.045],[13.8568,53.0495],[13.8673,53.0478],[13.8569,53.0454],[13.8474,53.045]]]}},{"type":"Feature","properties":{"n":"Buszno"},"geometry":{"type":"Polygon","coordinates":[[[15.3031,52.3962],[15.3038,52.4062],[15.3136,52.4083],[15.307,52.4006],[15.3031,52.3962]]]}},{"type":"Feature","properties":{"n":"Kersdorfer See"},"geometry":{"type":"Polygon","coordinates":[[[14.251,52.3234],[14.2507,52.3134],[14.2426,52.3073],[14.2482,52.316],[14.251,52.3234]]]}},{"type":"Feature","properties":{"n":"Rittgartener See"},"geometry":{"type":"Polygon","coordinates":[[[13.7138,53.3966],[13.7192,53.388],[13.7234,53.3783],[13.7181,53.3878],[13.7138,53.3966]]]}},{"type":"Feature","properties":{"n":"Aalkasten"},"geometry":{"type":"Polygon","coordinates":[[[14.4445,52.4361],[14.4545,52.4368],[14.4641,52.4401],[14.4539,52.4393],[14.4445,52.4361]]]}},{"type":"Feature","properties":{"n":"Stremel"},"geometry":{"type":"Polygon","coordinates":[[[12.1244,52.8179],[12.1341,52.8148],[12.1441,52.8139],[12.1339,52.8144],[12.1244,52.8179]]]}},{"type":"Feature","properties":{"n":"Jezioro Lechickie"},"geometry":{"type":"Polygon","coordinates":[[[15.001,53.5375],[15.0075,53.5452],[15.0037,53.5545],[15.0032,53.5433],[15.001,53.5375]]]}},{"type":"Feature","properties":{"n":"Staw Wolno Stary"},"geometry":{"type":"Polygon","coordinates":[[[15.2484,51.3255],[15.2395,51.318],[15.2283,51.3208],[15.2381,51.3271],[15.2484,51.3255]]]}},{"type":"Feature","properties":{"n":"Oberpfuhl"},"geometry":{"type":"Polygon","coordinates":[[[13.3217,53.2064],[13.3166,53.2153],[13.3262,53.2199],[13.3229,53.2101],[13.3217,53.2064]]]}},{"type":"Feature","properties":{"n":"Halbendorfer See"},"geometry":{"type":"Polygon","coordinates":[[[14.5598,51.5473],[14.5671,51.5399],[14.5754,51.5334],[14.5691,51.5434],[14.5598,51.5473]]]}},{"type":"Feature","properties":{"n":"Hufeisensee"},"geometry":{"type":"Polygon","coordinates":[[[12.0245,51.4675],[12.0152,51.4623],[12.0175,51.4727],[12.0273,51.4691],[12.0245,51.4675]]]}},{"type":"Feature","properties":{"n":"Jezioro Myśliborskie Wielkie / Großer Mützelburger See"},"geometry":{"type":"Polygon","coordinates":[[[14.2844,53.6444],[14.2779,53.652],[14.2851,53.659],[14.2888,53.6497],[14.2844,53.6444]]]}},{"type":"Feature","properties":{"n":"Schwarze Lache"},"geometry":{"type":"Polygon","coordinates":[[[14.7193,51.3464],[14.7085,51.3486],[14.716,51.3418],[14.7255,51.3451],[14.7193,51.3464]]]}},{"type":"Feature","properties":{"n":"Großer Treppelsee"},"geometry":{"type":"Polygon","coordinates":[[[14.456,52.1362],[14.4484,52.1432],[14.4495,52.1532],[14.455,52.1447],[14.456,52.1362]]]}},{"type":"Feature","properties":{"n":"Jezioro Borek"},"geometry":{"type":"Polygon","coordinates":[[[14.7768,52.0582],[14.7781,52.0481],[14.7685,52.051],[14.7757,52.058],[14.7768,52.0582]]]}},{"type":"Feature","properties":{"n":"Lugteich"},"geometry":{"type":"Polygon","coordinates":[[[14.1692,51.4645],[14.17,51.4745],[14.1809,51.4736],[14.1724,51.4674],[14.1692,51.4645]]]}},{"type":"Feature","properties":{"n":"Speicher Schadebach II"},"geometry":{"type":"Polygon","coordinates":[[[12.4996,51.5366],[12.5096,51.5358],[12.5196,51.534],[12.5067,51.5347],[12.4996,51.5366]]]}},{"type":"Feature","properties":{"n":"Müritzsee"},"geometry":{"type":"Polygon","coordinates":[[[12.6726,53.2812],[12.6663,53.2733],[12.6563,53.2741],[12.6671,53.2763],[12.6726,53.2812]]]}},{"type":"Feature","properties":{"n":"Oderberger See"},"geometry":{"type":"Polygon","coordinates":[[[14.0318,52.8628],[14.0252,52.8549],[14.0152,52.8558],[14.0231,52.862],[14.0318,52.8628]]]}},{"type":"Feature","properties":{"n":"Großer Beutelsee"},"geometry":{"type":"Polygon","coordinates":[[[13.3834,53.1047],[13.3737,53.1022],[13.3635,53.1039],[13.3741,53.1051],[13.3834,53.1047]]]}},{"type":"Feature","properties":{"n":"Schlutuper Wiek"},"geometry":{"type":"Polygon","coordinates":[[[10.8027,53.8939],[10.819,53.8936],[10.8116,53.8868],[10.8017,53.8889],[10.8027,53.8939]]]}},{"type":"Feature","properties":{"n":"Kałki"},"geometry":{"type":"Polygon","coordinates":[[[15.2728,52.1446],[15.2822,52.1491],[15.2822,52.1387],[15.2731,52.1439],[15.2728,52.1446]]]}},{"type":"Feature","properties":{"n":"Lenzer See"},"geometry":{"type":"Polygon","coordinates":[[[12.0185,53.72],[12.0084,53.718],[12.0172,53.7122],[12.0233,53.7203],[12.0185,53.72]]]}},{"type":"Feature","properties":{"n":"Kiesteich"},"geometry":{"type":"Polygon","coordinates":[[[10.5624,52.027],[10.5695,52.0342],[10.572,52.0245],[10.562,52.0237],[10.5624,52.027]]]}},{"type":"Feature","properties":{"n":"Strom"},"geometry":{"type":"Polygon","coordinates":[[[14.3427,53.1012],[14.3465,53.0917],[14.3409,53.0834],[14.3461,53.092],[14.3427,53.1012]]]}},{"type":"Feature","properties":{"n":"Bützower See"},"geometry":{"type":"Polygon","coordinates":[[[11.9751,53.8502],[11.9779,53.8603],[11.9883,53.8612],[11.9821,53.8531],[11.9751,53.8502]]]}},{"type":"Feature","properties":{"n":"Meglitze"},"geometry":{"type":"Polygon","coordinates":[[[14.2974,53.0332],[14.2877,53.0365],[14.2863,53.0465],[14.2887,53.0367],[14.2974,53.0332]]]}},{"type":"Feature","properties":{"n":"Neuhofer See"},"geometry":{"type":"Polygon","coordinates":[[[11.6501,53.7677],[11.6578,53.7744],[11.6623,53.7651],[11.6513,53.7662],[11.6501,53.7677]]]}},{"type":"Feature","properties":{"n":"Holzendorfer See"},"geometry":{"type":"Polygon","coordinates":[[[11.8715,53.6761],[11.8818,53.6737],[11.8722,53.67],[11.8635,53.6751],[11.8715,53.6761]]]}},{"type":"Feature","properties":{"n":"Garder See"},"geometry":{"type":"Polygon","coordinates":[[[12.0611,53.6919],[12.0663,53.6824],[12.0549,53.6793],[12.0582,53.6889],[12.0611,53.6919]]]}},{"type":"Feature","properties":{"n":"Göttinsee"},"geometry":{"type":"Polygon","coordinates":[[[12.8791,52.4607],[12.8894,52.4603],[12.8915,52.4505],[12.8832,52.4562],[12.8791,52.4607]]]}},{"type":"Feature","properties":{"n":"Klostersee"},"geometry":{"type":"Polygon","coordinates":[[[12.7308,52.3366],[12.7413,52.3374],[12.7455,52.328],[12.7375,52.3341],[12.7308,52.3366]]]}},{"type":"Feature","properties":{"n":"Restloch Heide VI West"},"geometry":{"type":"Polygon","coordinates":[[[14.0465,51.4474],[14.0441,51.4376],[14.0433,51.4275],[14.041,51.4404],[14.0465,51.4474]]]}},{"type":"Feature","properties":{"n":"Alte Elbe"},"geometry":{"type":"Polygon","coordinates":[[[12.7784,51.7561],[12.7873,51.7511],[12.7776,51.7538],[12.783,51.7628],[12.7784,51.7561]]]}}]}}